C-A10-0;C-C41-2;F-ANZAHL;F-SUMME_1;F-SUMME_2;F-SUMME_5;F-SUMME_6;F-SEIN_SUMME;F-SEIN_GEBUEHREN;F-SEIN_ERTRAG;F-SEIN_SPIELBANK;F-EINWOHNER;F-SCHU_SUMME
A10-2019;10101;1;43803965;43735606;3491550;1347785;12939404;3389158;15922508;0;14464;22698125
A10-2019;10201;1;5868661;6104443;420529;516605;1175971;653038;2248265;0;1913;1416292
A10-2019;10301;1;3963240;3739898;0;0;668368;463359;1558322;0;1934;235990
A10-2019;10302;1;3345500;3222554;405502;513198;493066;396750;1447967;0;1804;1210159
A10-2019;10303;1;2996827;3594454;0;0;598567;321365;1640822;0;2055;638071
A10-2019;10304;1;6093868;5803550;1309425;1275862;1676632;611376;2401404;0;3002;1906563
A10-2019;10305;1;1830383;1893132;63183;0;202737;117361;951649;0;1188;0
A10-2019;10306;1;2381373;2723613;865257;654386;418009;310126;950844;0;1191;1775139
A10-2019;10307;1;3917128;3951035;252769;432307;620874;500327;1896631;0;2261;1307956
A10-2019;10308;1;2927188;3106473;0;0;1098312;227830;1116366;0;1392;2436809
A10-2019;10309;1;6893405;7032227;436343;423630;886984;488395;2723154;0;3417;2088185
A10-2019;10310;1;3374410;3550474;24442;24442;303653;373828;1410744;0;1738;1560509
A10-2019;10311;1;1926893;2010373;142294;176271;248996;260520;996399;0;1248;113649
A10-2019;10312;1;5306416;5590517;599505;490475;699991;578041;2334606;0;2904;2230605
A10-2019;10313;1;4763393;4475169;1902;64083;1203969;258715;2110672;0;2639;1267516
A10-2019;10314;1;2734185;2348683;1326146;1285875;226203;229441;1111337;0;1392;639338
A10-2019;10315;1;5667056;5620532;0;5000;1466475;321608;2246540;0;2948;435224
A10-2019;10316;1;4805520;4854544;509153;595000;855726;565671;2110057;0;2600;565574
A10-2019;10317;1;3239871;3319429;38482;38482;353484;356475;1648921;0;2064;753963
A10-2019;10318;1;3040412;3197237;451365;590497;349591;319860;1222616;0;1550;3182285
A10-2019;10319;1;3211407;3249380;516804;455910;576887;239722;1553466;0;1945;1267806
A10-2019;10320;1;847300;818927;44118;0;62022;139793;376432;0;474;126326
A10-2019;10321;1;1268536;1810734;473651;630000;69015;195403;663845;0;836;718644
A10-2019;10322;1;1274728;1408387;60000;0;108670;125486;750413;0;940;367317
A10-2019;10323;1;1756941;1646185;400000;400000;188399;98350;818297;0;1025;1095118
A10-2019;10401;1;1427023;1407537;0;0;110516;142951;651287;0;816;137070
A10-2019;10402;1;2213872;2215111;2064902;2079657;249956;144638;1089524;0;1356;867360
A10-2019;10403;1;2356375;2341008;326540;59860;166233;157277;733521;0;917;2404582
A10-2019;10404;1;1731621;1676882;0;0;125661;235679;798757;0;1004;907497
A10-2019;10405;1;8284205;8165993;1320182;1498860;2265108;1343271;2917092;0;3642;9925580
A10-2019;10406;1;1471141;1493331;0;0;149865;155943;710537;0;890;832245
A10-2019;10407;1;1470510;1469056;1448;1448;127827;184053;619499;0;764;309878
A10-2019;10408;1;3485344;3376688;316307;192608;286090;382750;1610294;0;2006;3284307
A10-2019;10409;1;1323911;1535352;28313;28313;75428;197800;775031;0;976;468492
A10-2019;10410;1;870266;915197;0;0;36443;148545;375568;0;473;206562
A10-2019;10411;1;2430470;2424377;115601;120309;215438;277872;1167267;0;1457;1087494
A10-2019;10412;1;1507689;1444864;30956;32264;145996;215469;749749;0;936;1260053
A10-2019;10413;1;1787500;1856109;48224;48224;283645;170439;764888;0;958;1122230
A10-2019;10414;1;5917440;6230162;0;0;1796780;834516;2341461;0;2651;838829
A10-2019;10415;1;1972468;2047714;51499;0;125825;207826;1006078;0;1267;215168
A10-2019;10416;1;1999555;2226537;698298;730705;128530;179218;709937;0;894;5217722
A10-2019;10417;1;2385839;2529695;0;0;434403;242471;1105865;0;1385;1361924
A10-2019;10418;1;628884;595360;0;0;21914;67274;281114;0;354;224910
A10-2019;10419;1;840420;799465;35340;45000;35265;50461;402395;0;493;582714
A10-2019;10420;1;550710;561480;67411;67411;31214;63233;194014;0;243;236238
A10-2019;10421;1;1006493;1032485;0;0;48238;85462;265230;0;334;281988
A10-2019;10422;1;568469;562367;0;0;15200;59989;179461;0;226;47066
A10-2019;10423;1;239755;258993;50638;50638;12423;12059;49485;0;62;0
A10-2019;10424;1;390281;334428;0;0;32596;23884;174712;0;220;265293
A10-2019;10425;1;860091;639932;0;0;48837;49475;304068;0;380;80504
A10-2019;10426;1;707091;573301;0;0;46391;67743;274637;0;344;113369
A10-2019;10427;1;1079063;1239348;41000;41000;118212;155997;361947;0;448;825796
A10-2019;10428;1;798027;808246;15423;16247;57777;81483;322558;0;404;1466538
A10-2019;10501;1;2746884;2864782;3370;15572;350803;202367;1378727;0;1729;1431677
A10-2019;10502;1;1799408;1739516;15967;7474;154245;161180;767741;0;960;1442991
A10-2019;10503;1;3620035;3551624;128012;128276;1009825;452062;997002;0;1233;6882262
A10-2019;10504;1;8932977;9552352;1037470;972979;1929487;1747976;3392095;0;4120;11329973
A10-2019;10505;1;1888766;1973796;346583;328865;139954;241288;859123;0;1051;1150779
A10-2019;10506;1;2231716;2143098;93116;117684;164157;289709;913531;0;1166;3129516
A10-2019;10507;1;2284762;2233323;0;0;122028;301370;741197;0;930;1017213
A10-2019;10508;1;4187783;4440863;346377;258206;970477;265066;1739965;0;2177;1283174
A10-2019;10509;1;3606878;3466651;57739;0;323250;420229;1572335;0;1962;737892
A10-2019;10510;1;1371836;1354987;0;0;92391;148868;578894;0;729;655997
A10-2019;10511;1;1299969;1500695;447443;758732;125204;138522;576936;0;725;996527
A10-2019;10512;1;869045;805383;0;0;26979;56239;314077;0;395;1061235
A10-2019;10601;1;2172817;2222333;0;0;264147;83551;942860;0;1181;196635
A10-2019;10602;1;5401308;5267263;1080142;1080142;663516;363837;2247450;0;2815;4228396
A10-2019;10603;1;1837802;1848865;0;0;439311;119555;801562;0;1002;406300
A10-2019;10604;1;2720650;2948196;1660;1660;219367;185491;1949620;0;1221;0
A10-2019;10605;1;3336576;3588816;925408;731312;778635;344728;1678897;0;2089;2535095
A10-2019;10606;1;15461241;15122178;592097;348867;3479647;1313731;5862942;0;7325;6312081
A10-2019;10607;1;9631106;9710977;259470;233606;2449758;776547;3642231;0;4543;3879883
A10-2019;10608;1;1954522;1843565;0;0;770548;109964;586517;0;732;924821
A10-2019;10609;1;5210316;5438322;0;0;785761;456795;2360212;0;2956;1448985
A10-2019;10610;1;4074797;4567206;2318320;2214384;950017;383064;2114854;0;2701;1979293
A10-2019;10611;1;4695933;4733776;11900;11900;1076657;474924;1736448;0;2203;981593
A10-2019;10612;1;3615608;3660633;56926;71577;372709;283013;1884470;0;2372;362534
A10-2019;10613;1;1854252;2046631;63083;63083;300081;203954;998900;0;1251;773000
A10-2019;10614;1;1723156;1888601;55047;37193;299430;107795;942951;0;1181;184591
A10-2019;10615;1;4047498;4060332;7479;5494;463068;348492;2137652;0;2692;0
A10-2019;10616;1;1248399;1313472;178273;100321;233927;109138;606835;0;760;480487
A10-2019;10617;1;1420419;1493505;124097;124097;159555;128249;712381;0;896;320140
A10-2019;10618;1;2477018;2257016;347735;345234;281757;180711;1012476;0;1268;848620
A10-2019;10619;1;1176999;1056340;0;0;63888;63774;513340;0;643;571356
A10-2019;10701;1;4393698;4524336;217301;217301;849280;225703;1830086;0;2285;1798990
A10-2019;10702;1;3127047;2954621;0;0;447923;438625;1427232;0;1769;2029598
A10-2019;10703;1;5050677;5176568;0;0;591800;472478;2394474;0;3005;651896
A10-2019;10704;1;1426659;1317410;47630;47630;92198;119402;487799;0;611;154662
A10-2019;10705;1;6084047;6796134;231470;368425;1386228;713370;2398098;0;2862;3207500
A10-2019;10706;1;2215147;2127256;99229;59025;204194;252694;1059424;0;1327;1139563
A10-2019;10707;1;7913284;8241622;528106;412358;1515995;969159;3088148;0;3833;5636976
A10-2019;10708;1;3619844;3631642;67650;86978;460758;215103;1513961;0;1894;4393623
A10-2019;10709;1;4547749;4903574;391609;391609;865022;567745;2032418;0;2382;794287
A10-2019;10710;1;3671026;3737815;0;0;625179;474066;1317315;0;1611;2388540
A10-2019;10711;1;7339216;6910076;3231395;3095709;1131693;753888;2513536;0;3146;5456409
A10-2019;10712;1;4125279;4144453;5670;2835;604060;518310;1811823;0;2234;1896373
A10-2019;10713;1;19462928;18383998;472864;377892;4081578;2636696;6601752;0;8190;12343000
A10-2019;10714;1;3733643;3957436;98732;98732;410990;408096;1414018;0;1767;1997799
A10-2019;10715;1;2195850;2334795;82251;82251;311222;219001;965164;0;1209;958387
A10-2019;10716;1;2980050;3163204;678509;796950;714314;320106;1383630;0;1634;1829880
A10-2019;10717;1;11652085;12182980;642345;948360;4864854;737906;3792802;0;4680;8257029
A10-2019;10718;1;5624242;6215559;1860730;1676535;1307326;786943;2110961;0;2158;3798028
A10-2019;10719;1;3909672;3842883;1173867;1456607;594855;203463;1163126;0;1375;2704518
A10-2019;10720;1;2112370;2224121;69531;52031;272087;203148;944548;0;1183;633164
A10-2019;10721;1;3293671;3177168;152501;151661;698090;270607;1362419;0;1700;861629
A10-2019;10722;1;4791954;5226438;382145;150260;1017283;489428;1960994;0;2419;2009809
A10-2019;10723;1;2165111;2460077;48748;48748;171069;356949;1046801;0;1316;1064044
A10-2019;10724;1;4808474;4866451;119106;986351;412780;418800;1798212;0;2244;819537
A10-2019;10725;1;1915036;1730913;559757;558060;259570;166643;578016;0;724;799165
A10-2019;10726;1;1095415;1091518;22058;22058;165161;129135;475903;0;596;644160
A10-2019;10727;1;3728710;3773640;86125;0;1923203;412108;591651;0;738;1798460
A10-2019;10801;1;5084438;5214977;328812;114969;776335;578685;2464840;0;3080;251072
A10-2019;10802;1;2261765;2068550;464641;464641;299577;224537;1113845;0;1395;3275841
A10-2019;10803;1;1677799;1888796;125859;104140;156246;223217;890494;0;1115;865323
A10-2019;10804;1;2584816;2509661;0;676;215889;252143;1111432;0;1392;483581
A10-2019;10805;1;4398466;4093926;146992;331333;632788;295076;1493105;0;1868;131740
A10-2019;10806;1;999530;876553;351182;351182;59640;101888;495827;0;621;127290
A10-2019;10807;1;3509909;3554379;495296;491665;355468;263019;1507384;0;1888;1547409
A10-2019;10808;1;3136243;3076569;122704;163425;325813;180192;936091;0;1174;0
A10-2019;10809;1;4044355;3998452;408962;118362;946763;477006;1654367;0;2060;4258995
A10-2019;10810;1;2492490;2370662;531534;501153;560504;310890;917189;0;864;872293
A10-2019;10811;1;2914504;2921912;634298;606776;208826;303007;1435253;0;1805;1772423
A10-2019;10812;1;1934785;2128386;280373;280373;392201;155264;953603;0;1192;1116434
A10-2019;10813;1;2974438;3083755;1241497;737659;456088;352172;1339508;0;1673;1277282
A10-2019;10814;1;3264772;3437533;2337757;2337757;1305889;298042;897428;0;1098;3301664
A10-2019;10815;1;2118166;2248377;0;294766;218028;205394;1115271;0;1397;2601011
A10-2019;10816;1;7733725;7175649;1231583;1231584;2312107;1110300;2568571;0;3202;2554125
A10-2019;10817;1;2930969;2833505;74648;62300;385595;427933;1305608;0;1661;1996528
A10-2019;10818;1;1388443;1462616;85;5021;128735;165688;676523;0;852;483059
A10-2019;10819;1;1554066;1602455;1206378;1125908;228234;182085;692160;0;867;1799376
A10-2019;10820;1;1531796;1644683;214961;166876;152552;130724;714569;0;895;620375
A10-2019;10821;1;2298727;2257365;475743;698859;401749;254026;1034982;0;1295;4419292
A10-2019;10822;1;3054196;3061272;63123;60912;901258;277676;1104454;0;1383;1593211
A10-2019;10823;1;3077277;2937655;1331668;1120498;547010;302965;1443658;0;1818;1509568
A10-2019;10824;1;1031728;1004965;106658;131923;127012;99009;478229;0;599;468780
A10-2019;10825;1;1008551;1065482;293718;123877;125841;96626;550882;0;690;980000
A10-2019;10826;1;1100596;1206120;249060;226800;163513;121677;518166;0;649;926716
A10-2019;10827;1;814059;709642;0;0;54498;119535;287433;0;360;17267
A10-2019;10828;1;1275510;1235952;248269;443566;84429;136311;645805;0;810;877478
A10-2019;10901;1;5723631;5922305;372949;450000;2259517;777801;1742839;0;1564;897850
A10-2019;10902;1;3958783;3897663;204390;204390;414674;584771;1685437;0;2121;680250
A10-2019;10903;1;2061505;1972280;1111377;1111126;207202;236017;902696;0;1129;1811918
A10-2019;10904;1;2282820;2472965;18300;18225;537337;282891;976421;0;1223;289511
A10-2019;10905;1;7544897;7439822;1043506;1034199;1698398;1053664;2842655;0;3545;5520082
A10-2019;10906;1;1614982;1569260;11274;11274;255269;179661;608315;0;761;889886
A10-2019;10907;1;2536206;2495598;224266;190004;365010;324012;1192740;0;1494;4109860
A10-2019;10908;1;2823121;3006401;468711;437958;262676;421694;1160210;0;1460;2404741
A10-2019;10909;1;1939350;1886364;194797;473243;207424;183392;941292;0;1179;963007
A10-2019;10910;1;2124241;2150254;135708;112920;438620;142982;1097112;0;1318;62650
A10-2019;10911;1;1997813;1989893;344579;344297;179539;251783;905213;0;1140;1076678
A10-2019;10912;1;3716387;3722079;113769;113769;711972;323062;1484400;0;1858;894728
A10-2019;10913;1;1327684;1199463;124842;10681;87936;193224;525688;0;662;780969
A10-2019;10914;1;2447401;2344820;47013;23060;158069;232814;1262542;0;1590;116149
A10-2019;10915;1;1447969;1585884;10000;11607;89778;178740;790889;0;996;254880
A10-2019;10916;1;4994480;5377779;833948;697636;492524;711370;1925313;0;2423;4174604
A10-2019;10917;1;18707240;18671633;0;286545;5700882;1983601;6042987;0;7564;11833931
A10-2019;10918;1;11216029;11981590;4726400;2968940;2669988;1821199;4613941;0;5761;5392053
A10-2019;10919;1;4336865;4742161;0;20000;753101;565801;2425228;0;3052;871207
A10-2019;10920;1;2885910;2720729;44322;44322;317300;354282;1298214;0;1626;0
A10-2019;10921;1;2264955;2326864;121929;104932;345980;110017;1151286;0;1442;744620
A10-2019;10922;1;1404215;1351613;200002;165002;85576;132921;620342;0;777;538693
A10-2019;10923;1;3185198;3344269;1191957;1123501;273649;339013;1568738;0;1967;4649156
A10-2019;10924;1;1911633;2093919;11121;11121;356040;203802;820776;0;1028;1311478
A10-2019;10925;1;2018590;2000512;42729;29380;614854;94535;793458;0;975;215259
A10-2019;10926;1;1629097;1613914;0;0;101643;126569;660268;0;827;909148
A10-2019;10927;1;1990867;2064055;1175;1175;144055;209007;913964;0;1151;1625008
A10-2019;10928;1;2287828;2352552;262146;324904;346131;170378;1148945;0;1439;1203575
A10-2019;10929;1;1341306;1312013;17621;6367;138588;66680;636609;0;799;413214
A10-2019;10930;1;1058305;1114114;0;0;54578;101576;581296;0;732;151800
A10-2019;10931;1;528976;580169;54032;4388;47711;39569;228282;0;287;77038
A10-2019;10932;1;572935;594507;269841;300000;21486;38137;219292;0;275;739064
A10-2019;20101;1;324115501;324115500;95283589;159423515;66864866;39627359;131818894;0;100281;75943846
A10-2019;20201;1;205613629;205613628;77591491;77591491;44637662;17579292;81282894;0;61835;59958626
A10-2019;20302;1;2404362;2414864;866983;1037327;257435;226952;1057211;0;1228;567407
A10-2019;20305;1;20640401;20591314;2433602;2166446;5095012;2866713;6757461;0;6839;5184694
A10-2019;20306;1;5035531;4973407;940559;3124060;540864;574341;2235629;0;2613;2292713
A10-2019;20307;1;7248188;7534508;706260;784431;1346202;1258598;2914598;0;3356;469859
A10-2019;20316;1;3889262;3932033;183900;222757;183024;466194;1351341;0;1591;6012350
A10-2019;20320;1;3088278;3101173;538506;385635;568932;407557;1169359;0;1265;972367
A10-2019;20321;1;2817810;2828444;2001323;1952686;752010;87296;1203534;0;1321;1127129
A10-2019;20402;1;13683755;14010947;534221;368653;1630313;1934347;6551788;0;7840;7420719
A10-2019;20403;1;4998194;4942833;583006;626207;938117;639198;2112244;0;2494;2410983
A10-2019;20405;1;15086702;16458083;1467861;1734861;3161698;3032047;6008087;0;7165;12259857
A10-2019;20409;1;5984079;6247811;367443;388706;934873;935839;2413588;0;2889;5060367
A10-2019;20412;1;9064679;9611207;428844;1025388;1087654;927708;2327582;0;2444;3305151
A10-2019;20414;1;5063354;5427303;915155;1219868;613353;590022;2499037;0;2987;832002
A10-2019;20415;1;8652178;9390382;1137195;1307416;1659583;1754094;3052243;0;3519;140608
A10-2019;20416;1;3867031;4001675;765608;152600;325504;398027;1497435;0;1787;6458774
A10-2019;20417;1;4394159;4596040;1103116;963187;661383;893178;2155562;0;2579;3204002
A10-2019;20418;1;8512105;8860962;293149;218654;1268635;1580419;3209126;0;3839;6110272
A10-2019;20419;1;6205099;6199763;825235;903300;1782105;917203;1463165;0;1618;1306061
A10-2019;20421;1;7979335;8116053;2538181;2361077;1055382;1534144;3758021;0;4471;6307808
A10-2019;20424;1;8275180;8425523;137303;230397;2317516;1452876;2579567;0;2740;777011
A10-2019;20425;1;6222558;6462898;337313;488192;1104309;1110503;2669697;0;3194;4876266
A10-2019;20428;1;2599983;2614981;277318;436078;166231;287463;955005;0;1097;0
A10-2019;20432;1;5004346;5616523;1131118;999384;941982;763148;2284392;0;2632;410636
A10-2019;20435;1;5379951;5616981;1055581;707875;971777;1023744;1892003;0;2188;15691146
A10-2019;20441;1;1287594;1292650;1547379;1518431;50559;25759;510359;0;611;1854947
A10-2019;20442;1;8021117;7828966;623460;1104292;865598;1056157;2875329;0;3437;6449013
A10-2019;20501;1;13792142;14045346;4762173;4036223;5577444;1473845;4189294;0;4724;4781525
A10-2019;20502;1;5297673;5137275;529500;476235;774055;710511;2279533;0;2728;1693507
A10-2019;20503;1;1589299;1604420;1024734;1030575;150049;101878;764318;0;908;214218
A10-2019;20504;1;2703380;2732726;294747;368418;296425;304156;1085226;0;1284;46973
A10-2019;20505;1;9602646;9329330;1015332;1284490;1499462;1303375;4158415;0;4961;3075950
A10-2019;20506;1;2249660;2222824;339247;537888;277753;202833;682816;0;808;891026
A10-2019;20508;1;2709234;2714596;309931;347566;211870;275577;1031420;0;1228;1460894
A10-2019;20509;1;3049306;2883260;1002373;1358023;356410;314135;1233718;0;1471;1346813
A10-2019;20511;1;3656877;3616549;615525;641399;233468;370728;1204295;0;1429;1328484
A10-2019;20512;1;3430659;3435477;415029;391220;305581;404210;1638161;0;1961;2650982
A10-2019;20513;1;3785596;3729832;609853;672960;622727;419038;1529167;0;1824;415379
A10-2019;20515;1;7477248;7433980;1248359;1170543;863271;691272;2788197;0;3322;2326171
A10-2019;20518;1;3401892;3364003;681278;792169;223546;275411;1676934;0;2010;1174067
A10-2019;20519;1;2400870;2296463;152514;169881;378109;223865;865849;0;1010;117114
A10-2019;20520;1;2212041;2257565;458186;527979;418347;146102;1109798;0;1327;408835
A10-2019;20523;1;5969469;6039522;1798815;1588979;1048765;686235;3092018;0;3649;794678
A10-2019;20527;1;42637587;42824793;5845058;5320476;7638393;4759758;11891499;0;12489;39794498
A10-2019;20530;1;4094868;3999477;503461;487474;507390;498758;1748995;0;2100;2965944
A10-2019;20531;1;4321922;4293154;646799;782772;378002;332474;1739137;0;2091;4596172
A10-2019;20534;1;6114358;6143623;1898328;1709660;637315;773355;3020090;0;3607;2187219
A10-2019;20601;1;8726161;9374173;1585335;1342500;3563473;1528167;2095063;0;1724;609019
A10-2019;20602;1;3093535;3014738;169124;125044;196397;570865;1566393;0;1869;1128047
A10-2019;20603;1;2773257;2736515;86179;307935;308859;311983;1142674;0;1284;3934512
A10-2019;20604;1;3392923;3477193;389586;544649;571457;376219;1383992;0;1599;5281078
A10-2019;20605;1;2547191;2871242;441747;744128;273825;252811;1158845;0;1349;2544636
A10-2019;20607;1;4730795;4381262;1626324;1542743;605133;380612;1135858;0;1201;1392486
A10-2019;20608;1;5652221;5694644;295921;252716;802013;621242;2169274;0;2561;7154350
A10-2019;20609;1;4261892;3878909;266047;252644;596652;344202;1483303;0;1734;5752879
A10-2019;20610;1;4341292;4476303;2539244;1691583;837257;424040;1078039;0;1020;1730292
A10-2019;20611;1;3238076;3233061;1292205;1383313;333907;316039;1692583;0;2017;3258825
A10-2019;20613;1;2025331;1912682;918814;971603;120673;192890;982562;0;1176;1846929
A10-2019;20616;1;2998231;3241699;548989;849342;486623;348393;1465572;0;1723;2347896
A10-2019;20618;1;2754984;2804705;764104;724158;444255;316944;778243;0;787;1119896
A10-2019;20619;1;4434775;4465737;818530;943641;491491;377064;1734999;0;1998;2376661
A10-2019;20620;1;8352395;8217104;2120773;2041624;1757254;1482080;3170993;0;3462;1952056
A10-2019;20622;1;1775435;1651218;882855;773983;136406;129917;708738;0;818;1983745
A10-2019;20624;1;1966934;2115647;361971;371100;274149;308645;841973;0;1003;1173939
A10-2019;20625;1;3756510;3596255;697576;432145;250736;400354;1012548;0;1176;7823499
A10-2019;20627;1;5361895;5408713;1432825;2459534;718107;492483;1886008;0;2208;5039521
A10-2019;20630;1;13614545;13715661;881762;1798788;2549796;1960137;5216383;0;5827;5959371
A10-2019;20631;1;3942578;3762469;955342;816255;447958;392672;1476114;0;1739;10591742
A10-2019;20632;1;4805696;4802722;917741;1376680;1201202;743158;1835054;0;1749;1598500
A10-2019;20633;1;3096724;3343079;151913;151349;861122;274705;1091395;0;1287;1911388
A10-2019;20634;1;14459936;14387513;2238279;2446190;2574177;2358088;5625721;0;6385;3675207
A10-2019;20635;1;46719761;43826548;15576674;16783162;9433774;6665830;14705200;0;15444;31660291
A10-2019;20636;1;3324383;3416755;2755240;1359236;254680;363516;1324182;0;1576;3612163
A10-2019;20637;1;4234586;4159454;2421849;1873277;307515;453626;1726231;0;2052;12214175
A10-2019;20638;1;2604523;2686731;332952;292754;182692;214668;1011532;0;1163;284628
A10-2019;20639;1;6710878;6243853;1422629;1552974;1510690;574264;1024533;0;758;1584892
A10-2019;20640;1;2884346;2906292;301548;324934;363521;326657;1022809;0;1208;2137531
A10-2019;20642;1;3547307;3521824;744427;623681;519891;396275;1488853;0;1674;9427206
A10-2019;20643;1;5058239;5092692;1569340;1732256;807358;618137;2179439;0;2598;4764587
A10-2019;20644;1;5331394;5280893;666073;1128536;721449;609164;1806332;0;2130;5553576
A10-2019;20701;1;2692454;2755926;1137283;1176419;331009;313170;1229809;0;1422;1060278
A10-2019;20702;1;14645972;15227445;1716575;1226705;2530063;2374794;5927412;0;7072;1075805
A10-2019;20703;1;2466397;2523681;708706;842850;236566;201920;1140278;0;1337;2407543
A10-2019;20705;1;4899296;5031913;500318;541861;825760;1010423;2026620;0;2287;2434136
A10-2019;20707;1;1877400;1809746;469066;544776;227629;186423;529240;0;628;1615081
A10-2019;20708;1;2533379;2523771;336044;471133;456859;280932;1010723;0;1096;88200
A10-2019;20710;1;5129869;5187736;1694392;1380274;474056;614719;1824618;0;2147;2724280
A10-2019;20711;1;19758285;19632091;1879613;1450625;3993580;2687619;8031132;0;8984;1167545
A10-2019;20712;1;2136551;2206526;507781;455287;138649;201988;1026350;0;1221;3479327
A10-2019;20713;1;1887705;1984166;149037;102017;245740;300373;705809;0;833;0
A10-2019;20719;1;4997306;5074201;443673;482299;424466;757083;1888944;0;2239;1554136
A10-2019;20720;1;11934889;11835078;1198046;1198046;1979416;1807638;4901401;0;5855;52421
A10-2019;20721;1;3367012;3382294;140784;216451;366817;540779;1560432;0;1824;118016
A10-2019;20722;1;7437880;7376941;845581;813415;980556;1081030;3566920;0;4238;75691
A10-2019;20723;1;3231446;3191317;382876;746000;350433;220768;1380583;0;1604;1191239
A10-2019;20724;1;10084880;10045367;283012;92234;2293762;1747765;3968237;0;4434;563188
A10-2019;20725;1;24683488;24630024;2621036;1702980;5528842;4212299;7953404;1023317;8975;4058967
A10-2019;20726;1;6885354;6943288;795451;794217;1699580;800957;2484130;0;2964;410313
A10-2019;20727;1;10258497;10476195;1088262;1243880;1882920;1808151;4649421;0;5541;1113128
A10-2019;20801;1;12615321;12613294;1309803;1722535;1197148;1223331;3413721;0;4068;1862818
A10-2019;20802;1;2037446;2219068;497886;697259;164732;95235;707032;0;832;0
A10-2019;20803;1;10184765;11170284;1013560;654534;1841294;1906075;4957753;0;5888;79855
A10-2019;20804;1;5605319;5853621;1425735;946965;602068;705405;1979118;0;2300;6025174
A10-2019;20805;1;7470185;7253126;4175043;2356563;3407416;521446;1888648;0;2177;683278
A10-2019;20806;1;3283824;3387016;764537;1038125;239772;458624;1473330;0;1760;992867
A10-2019;20807;1;4080544;3934680;1695573;1947076;613918;236113;1344012;0;1609;3011133
A10-2019;20808;1;6429611;6568886;1123569;1022529;1426366;841178;2917964;0;3487;2918027
A10-2019;20810;1;2556268;2519271;1016474;954579;113405;248887;872097;0;1044;3234258
A10-2019;20812;1;3219506;3174342;391258;830177;789635;269855;1277977;0;1528;1869586
A10-2019;20813;1;11635422;13887242;1097745;618308;2420152;2311517;4408420;0;4410;12341875
A10-2019;20815;1;4539138;4342997;398048;336495;438013;515726;1696560;0;2036;1906330
A10-2019;20817;1;26714022;26889028;2781445;2740289;5240646;3391032;10429859;0;10954;907655
A10-2019;20901;1;9223442;9553360;1614365;1339678;2979391;1116642;3751828;0;4389;4568875
A10-2019;20905;1;5459608;6011791;1653454;940364;1977459;457760;2245584;0;2627;727355
A10-2019;20909;1;6032748;6152767;2738695;2736455;710176;643468;2462199;0;2943;3470922
A10-2019;20911;1;2375075;2475981;1595162;1234929;308041;204135;785818;0;934;3921686
A10-2019;20912;1;3933823;3950288;345184;315617;385624;435193;1543279;0;1850;377452
A10-2019;20913;1;23129919;23121387;1177196;3074740;4529931;2685236;9468269;0;9975;14354626
A10-2019;20914;1;3900778;3880623;700303;999004;432514;254660;1664747;0;1986;351942
A10-2019;20918;1;7393271;7944875;1095384;1291252;2251540;734778;2768693;0;3308;1731104
A10-2019;20923;1;68131535;69492992;6461123;6441821;11932553;10625857;28593808;0;25045;4168341
A10-2019;21001;1;2840370;2900369;930194;903896;468183;312711;853643;0;1000;1628197
A10-2019;21002;1;32949523;33985231;1375097;2047913;5814039;5505928;13492389;0;14189;16420012
A10-2019;21003;1;4910031;4892287;1385607;1319716;1070520;509140;1559874;0;1860;2821321
A10-2019;21004;1;2350146;2304724;301871;309307;454858;252304;893312;0;1051;869792
A10-2019;21005;1;3515689;3393901;715387;785098;421811;467807;1918150;0;2289;374155
A10-2019;21006;1;3640005;3789311;116787;101034;1011841;469315;958194;0;795;564134
A10-2019;21007;1;5655775;4672097;1361723;1573391;1059045;600760;1703907;0;1812;1320912
A10-2019;21008;1;3654421;3689931;701320;220616;527672;470288;1325405;0;1551;4688125
A10-2019;21009;1;7791112;7715495;346958;632205;1678272;1174206;3449250;0;3765;385759
A10-2019;21010;1;3472266;3462295;1022882;267726;208330;363516;1393742;0;1662;2652795
A10-2019;30101;1;65882728;66164973;43409090;42305330;19823185;24947;30206371;0;24602;60529324
A10-2019;30201;1;201914803;203300675;20026572;9087838;47714089;20476455;74040408;0;54562;113760538
A10-2019;30301;1;35216729;35193708;5427046;4646467;5876589;5764535;13409181;0;11364;40183832
A10-2019;30401;1;158916837;156999799;26940964;26940964;29958224;26462355;55004444;0;44790;138128960
A10-2019;30501;1;4096595;3715376;2514642;3196341;636724;567904;1795900;0;2108;9341225
A10-2019;30502;1;77832984;75872796;12619832;19751396;19506035;6703627;27816561;0;23638;35489032
A10-2019;30503;1;5787427;5787427;2472748;2618332;986983;502912;2989180;0;3497;1988828
A10-2019;30504;1;9836893;8460414;2167889;5691690;2253137;1775584;3233747;0;3806;15080710
A10-2019;30506;1;5282435;5340040;1477898;1994393;977706;810945;2885036;0;3376;2750251
A10-2019;30507;1;3877544;3594273;2518485;2147791;445319;597212;1938955;0;2277;5100490
A10-2019;30508;1;7572805;6796771;2544810;3590940;2531570;1158256;2588009;0;3050;4787872
A10-2019;30509;1;3685591;3702162;804442;993654;815333;484511;1889932;0;2217;1813712
A10-2019;30510;1;2229454;2104447;765518;661578;220937;194660;1070394;0;1261;1487194
A10-2019;30511;1;4796631;4390022;3140192;3314536;650800;587572;2254492;0;2648;6436036
A10-2019;30512;1;3421728;3145977;799268;1313954;451747;359951;1503730;0;1766;5460358
A10-2019;30514;1;10547658;10376959;5539332;5593119;2434515;1497017;4705903;0;5559;13800993
A10-2019;30515;1;6125532;6184725;1297325;1377041;882106;753702;3142663;0;3690;4175355
A10-2019;30516;1;4516632;4637398;897245;965370;942663;57946;1456892;0;1702;5937433
A10-2019;30517;1;6834670;6711064;7268942;7117647;2467627;877702;2208113;0;2611;7749666
A10-2019;30520;1;6133583;5540025;3264312;3394066;789974;544557;2495404;0;2925;6947068
A10-2019;30521;1;3249886;3102260;1380673;2486439;446285;270215;1813162;0;2145;4875053
A10-2019;30522;1;3749374;3568411;1936830;1899811;636543;610098;1606338;0;1886;5868527
A10-2019;30524;1;2268072;2168274;772409;925971;187577;202966;797211;0;936;1880550
A10-2019;30526;1;1024851;983252;348749;224003;61914;134627;492977;0;576;962406
A10-2019;30527;1;5663445;4979067;2216413;2787994;1015237;563488;2456413;0;2886;4389393
A10-2019;30529;1;4965000;4718473;2667265;3080699;1302137;643869;2198957;0;2581;4733465
A10-2019;30530;1;9741461;8306990;2276551;3289332;1698720;1104378;4373470;0;5133;5739650
A10-2019;30531;1;26656832;22118140;3895142;9295566;8390804;2945759;8113468;0;9360;15896441
A10-2019;30532;1;6175612;6257608;4593202;3523588;2128450;644463;2894835;0;3389;5551289
A10-2019;30533;1;9145572;9143930;2291847;1434531;3905820;44553;3256008;0;3831;15644870
A10-2019;30534;1;3960916;3776295;1828120;2819232;708158;410399;1740067;0;2057;5585591
A10-2019;30536;1;3086702;2674878;614399;946092;425648;272630;1167747;0;1371;2854671
A10-2019;30538;1;4985924;4743671;791143;1396554;593820;535369;1856823;0;2183;6078054
A10-2019;30539;1;3728307;3496309;1323213;1474314;731021;380760;1876424;0;2218;2239678
A10-2019;30541;1;2974615;2644489;843130;987493;327275;240390;1440788;0;1688;3487883
A10-2019;30542;1;4529989;3007017;1477507;1921834;582230;291484;1701495;0;2011;2225733
A10-2019;30543;1;6972058;6791290;1734755;1191675;1621206;834529;2939415;0;3449;10852203
A10-2019;30544;1;3386881;2922020;995832;1430132;445675;249112;1601360;0;1863;3460623
A10-2019;30601;1;7153414;7157333;4067380;4072498;878692;1264248;2238296;0;2649;4871953
A10-2019;30602;1;5315053;5100156;13717465;13793431;470665;744927;1793728;0;2106;16046287
A10-2019;30603;1;26749734;25775981;6002962;6526216;3711286;3244262;11978027;0;11934;10015722
A10-2019;30604;1;85609729;85606245;8212672;8212672;12682560;11463685;30975979;1037657;26252;13611097
A10-2019;30605;1;17647611;17950971;2429214;4234368;4015107;1843229;7751419;0;9080;5173843
A10-2019;30646;1;3349121;2452006;309253;773423;347655;18065;1542761;0;1837;0
A10-2019;30607;1;21574204;22072957;5430351;3841980;3866221;2643169;10909395;0;10866;21553304
A10-2019;30608;1;8202744;7456822;2726072;4545557;2150849;1012767;3592679;0;4209;5129530
A10-2019;30609;1;1629641;1579265;570365;591652;156781;176268;730209;0;857;2761518
A10-2019;30612;1;2575127;2772895;414159;330093;769095;15616;1453697;0;1706;954567
A10-2019;30613;1;4184418;3528356;888269;1678134;439050;622969;1336907;0;1546;2061286
A10-2019;30614;1;3093741;3091027;880277;1027852;340905;291472;1315043;0;1534;823743
A10-2019;30615;1;4809652;4536447;330667;421095;1322989;475514;2191704;0;2577;1633043
A10-2019;30616;1;3545483;3638144;234123;280593;397626;716327;1414689;0;1661;5794230
A10-2019;30618;1;14076891;13348168;2533974;3716315;3905116;1335719;6332136;0;7439;1902723
A10-2019;30620;1;15946821;15659210;6797492;6978255;3396985;972992;4170099;0;4911;39825092
A10-2019;30621;1;6428898;6106524;3390253;3861325;557377;828415;2305801;0;2708;9848855
A10-2019;30623;1;8874734;8754079;5134593;4820553;1494181;35375;3929297;0;4615;18171630
A10-2019;30625;1;5843191;5984381;2389352;1832532;841334;678544;3047683;0;3575;2731038
A10-2019;30626;1;13545642;13371940;2474696;2945114;2515051;1908854;5990537;0;7034;10071887
A10-2019;30627;1;5427791;5023802;314346;317398;943778;563660;2471553;0;2902;1466897
A10-2019;30629;1;4273235;3668736;1206654;1211167;627880;533149;1421090;0;1669;1656581
A10-2019;30631;1;3202497;3400040;1104696;925681;847626;101382;1826893;0;2132;1022069
A10-2019;30633;1;4621752;5697914;2049712;2135824;1331453;556985;1241613;0;1469;2937386
A10-2019;30635;1;2553897;2306488;3083137;3659986;620041;335878;967013;0;1062;4775866
A10-2019;30636;1;2237881;2219473;1011136;842913;672757;15939;1223719;0;1436;532695
A10-2019;30637;1;2981784;3443509;386110;378314;1056726;434554;1547567;0;1822;689161
A10-2019;30639;1;50128011;50167539;16945685;12871339;8956130;4394151;20956284;0;19049;47078486
A10-2019;30641;1;6347890;5677808;656146;1028667;1462028;32702;3089921;0;3641;9957496
A10-2019;30645;1;4305936;3981557;975862;574064;1282058;456132;1459337;0;1723;5100376
A10-2019;30701;1;2853734;2075023;706321;1657450;245870;297862;794631;0;933;1281229
A10-2019;30702;1;4012723;3800749;551526;684242;794633;685584;1537726;0;1751;3925284
A10-2019;30703;1;2786233;2452717;1163908;1143068;195965;374679;726446;0;853;1334217
A10-2019;30704;1;25248715;24708698;3460202;3610567;5638258;4116097;6800936;0;7989;21036568
A10-2019;30729;1;9847609;9627593;3819856;3816267;2333605;1238597;3339422;0;3924;8079142
A10-2019;30706;1;13751656;12427440;4405598;4561295;2217644;1488282;2665210;0;3135;1640607
A10-2019;30730;1;16635010;16242754;5110215;5283274;4432760;1866995;4746760;0;5560;14609440
A10-2019;30708;1;5742710;4064627;806248;2655766;819600;761478;1294104;0;1410;411541
A10-2019;30709;1;4361668;3964231;1652429;2388212;734196;673452;1761754;0;2065;3606459
A10-2019;30731;1;7443955;6246231;1480745;1981142;711646;1231541;2898207;0;3399;1909864
A10-2019;30710;1;13882490;13869532;2220541;2288037;1796632;1784509;5574975;0;6584;9455686
A10-2019;30711;1;4469365;3568111;1220361;1905502;719696;694638;1709800;0;2004;286175
A10-2019;30732;1;16910761;16745738;11120780;11343360;4647687;2340574;6289841;0;7371;5057224
A10-2019;30713;1;3487133;3222018;1074828;1135785;623924;564909;1308446;0;1539;2727752
A10-2019;30712;1;2801021;2581017;3155312;1327997;259954;420501;1049238;0;1229;1391520
A10-2019;30715;1;1527894;1092596;596476;880244;240349;225783;504693;0;593;120237
A10-2019;30733;1;5719738;4969112;537578;2932971;1464115;298557;760445;0;904;108595
A10-2019;30734;1;4183285;3888539;757712;1098918;1180613;390503;1592355;0;1884;1378934
A10-2019;30735;1;11478432;10935658;1818110;1863697;3535985;1064464;4299770;0;5071;224746
A10-2019;30716;1;8735398;8753393;1931206;2240451;1516182;1452435;3454045;0;4054;6241500
A10-2019;30736;1;5197206;4354247;224502;1073461;1475062;380109;1794395;0;2115;1506422
A10-2019;30737;1;3649028;3623476;371200;375073;473788;698676;1515712;0;1780;1401353
A10-2019;30718;1;3235887;2917641;740676;789277;366356;500678;1074314;0;1251;1429559
A10-2019;30719;1;3679400;3367697;1144844;1487350;346751;645022;1339433;0;1573;3043515
A10-2019;30738;1;2592005;2681169;967260;1044538;617597;281689;629209;0;738;1331644
A10-2019;30721;1;3932271;3569133;997670;1383083;524386;598427;1357536;0;1593;3097275
A10-2019;30722;1;3408589;2522723;1996989;1977159;328866;452204;987756;0;1160;1076981
A10-2019;30739;1;6811515;6512511;1005196;1049250;1312904;528651;1833980;0;2177;1685699
A10-2019;30740;1;87416741;87416740;9648585;9525408;42303842;6088923;18003651;0;17941;56491686
A10-2019;30724;1;4025275;3840429;1873426;1771962;650178;691787;1647800;0;1935;2466728
A10-2019;30726;1;8300640;6346748;1879721;3624611;1080193;1231964;2455874;0;2882;777176
A10-2019;30728;1;2276957;2136866;429256;452040;360381;508525;887617;0;1032;2231845
A10-2019;30741;1;5316546;5147994;2370872;3062471;567809;644427;1486699;0;1746;1605041
A10-2019;30801;1;953234;959260;182280;262367;300167;367606;173168;0;205;929124
A10-2019;30802;1;278647;349177;525805;749323;22246;21821;119605;0;141;647079
A10-2019;30803;1;6830983;6277976;1860060;2168754;758307;1166203;2875048;0;3375;8221566
A10-2019;30804;1;4999516;5049362;3493790;3676629;1051625;875883;1633741;0;1916;6055514
A10-2019;30805;1;4121300;3629201;1801535;2117288;801966;745673;1519165;0;1674;2338243
A10-2019;30808;1;20657179;20530298;4369159;4438232;3347576;2998799;7353671;0;8615;10750898
A10-2019;30810;1;1955084;1785537;455634;569848;249726;220948;964066;0;1132;116077
A10-2019;30811;1;4118798;3681089;390321;757063;480179;553055;1924380;0;2267;1486349
A10-2019;30812;1;2114273;1911031;906306;1252181;162526;325636;782532;0;919;1144952
A10-2019;30813;1;2691989;2622870;1744892;1440618;427908;346777;1093549;0;1283;1854531
A10-2019;30814;1;4218413;4250554;10336066;10301650;1021609;622948;1732548;0;2036;9050137
A10-2019;30817;1;28008190;28008191;13570209;13423637;5668537;5618128;11426466;0;11401;23477005
A10-2019;30819;1;1079231;1083885;563132;573778;285035;97367;245026;0;290;500317
A10-2019;30821;1;25451130;24912541;6648342;6998284;5028526;4043790;11198529;0;11161;15448400
A10-2019;30822;1;189803;229027;58526;54901;76989;14557;83584;0;98;6472
A10-2019;30824;1;3301252;2888739;516360;903896;537991;728069;1061936;0;1247;3310991
A10-2019;30825;1;2635292;2445148;2133828;2032424;373857;277053;1009221;0;1186;2236847
A10-2019;30826;1;3257379;2733542;1871118;1986009;244744;576875;1064261;0;1250;3142842
A10-2019;30827;1;7026522;6870226;1292069;1371423;622747;844089;2305626;0;2732;1838271
A10-2019;30828;1;2499659;2150591;2271707;2280309;472251;359774;767621;0;900;1430561
A10-2019;30829;1;2774334;2422296;980893;1652526;226540;480773;902810;0;1060;2451654
A10-2019;30830;1;7782523;6474362;2211130;2777797;1107990;642044;2337213;0;2746;3137261
A10-2019;30831;1;6570710;5435663;3919626;6139501;1293291;663736;2433670;0;2855;11803352
A10-2019;30834;1;867144;886912;189011;155739;231383;112255;289890;0;341;259626
A10-2019;30835;1;6272926;6119577;1506750;1537068;530425;1079728;2483580;0;2918;6082040
A10-2019;30836;1;2602603;2256181;252810;590356;849696;322651;704560;0;832;121446
A10-2019;30838;1;6700415;6750270;490584;511279;577368;1586132;2369417;0;2782;4402339
A10-2019;30841;1;2873500;2765617;657343;816843;446651;528782;1071399;0;1259;1419028
A10-2019;30842;1;3370442;3250523;261251;140760;650891;533974;1453929;0;1707;2026360
A10-2019;30844;1;6757197;6136098;382382;352407;2187734;492913;1730102;0;2070;3955125
A10-2019;30845;1;2492607;2195338;166736;444873;250193;419641;1135297;0;1333;1066962
A10-2019;30846;1;710907;483398;26006;326955;93232;37580;154077;0;170;90061
A10-2019;30848;1;3902588;3342722;1530075;2275682;538596;785864;1215833;0;1429;2312218
A10-2019;30849;1;1483565;1736070;1492348;1720521;758424;211108;555769;0;656;1881690
A10-2019;30850;1;2232254;2233312;206353;133660;198967;451333;1077336;0;1265;461164
A10-2019;30852;1;8481832;8306303;1302285;1377732;920090;860730;1668596;0;1962;2370207
A10-2019;30854;1;2110500;2322937;1492832;1551732;396197;351564;856027;0;1005;1044074
A10-2019;30856;1;19058084;18369938;15984643;16026539;3364843;1648824;9517716;0;9984;28388476
A10-2019;30857;1;3190250;2502456;1944079;2854594;312164;492633;1012530;0;1189;3303662
A10-2019;30858;1;4267547;3389456;532222;1332686;683304;643892;1477190;0;1728;4005206
A10-2019;30859;1;2098553;1593440;634834;558724;188594;167125;627825;0;737;346988
A10-2019;30865;1;1896698;2336812;633262;544837;482318;369227;840380;0;989;1944011
A10-2019;30860;1;3550778;3697277;813319;774319;567097;693141;1730602;0;2032;4262224
A10-2019;30863;1;12894368;13137902;4299877;2947922;1836401;2596253;4601948;0;5388;18233705
A10-2019;30902;1;2600280;2383064;599691;672577;423150;387680;945967;0;1111;2217192
A10-2019;30910;1;2906359;2913497;539260;501188;406326;403032;1180741;0;1351;3719034
A10-2019;30903;1;3888005;3678310;618078;1155656;465295;482206;1325603;0;1555;3157605
A10-2019;30904;1;1481714;1339029;178065;289792;125987;126353;599002;0;702;2034090
A10-2019;30906;1;1264703;1309414;106932;243456;149619;200086;581717;0;683;1033406
A10-2019;30908;1;18355783;18308972;6460508;5770539;4603697;2825283;4640945;0;5392;25553984
A10-2019;30909;1;3980283;3944534;650093;831240;518448;586666;1881841;0;2212;2396204
A10-2019;30912;1;2257135;2235147;856885;1001752;344512;221188;1042993;0;1212;2904007
A10-2019;30915;1;1042545;978970;461660;604418;140804;151768;423593;0;487;1593002
A10-2019;30916;1;9661395;8847457;3889389;4782743;1849366;1746546;3425957;0;4013;10302520
A10-2019;30917;1;1140665;1086086;669568;663444;164635;212048;493035;0;579;1079318
A10-2019;30920;1;2872580;2804646;604065;614838;430483;607271;1237301;0;1426;2928518
A10-2019;30921;1;2731029;2731028;2012806;1907412;334411;432349;1098293;0;1315;5990616
A10-2019;30925;1;4905425;4899393;1015564;958752;733911;655824;1948542;0;2277;5107742
A10-2019;30913;1;2049163;1954838;842128;987701;784937;150496;817976;0;713;914629
A10-2019;30929;1;1216804;1072568;320444;451807;159301;16266;541192;0;632;299637
A10-2019;30932;1;2696629;2418021;857202;1016049;268192;253954;958607;0;1123;3898445
A10-2019;30935;1;13696760;13635995;3973896;4017058;3655555;2122717;4599174;0;5411;11678307
A10-2019;30939;1;1579279;1608708;361927;297432;306874;145261;852561;0;1001;1576779
A10-2019;30940;1;2550363;2302652;815865;867767;247461;330645;1022495;0;1201;2660506
A10-2019;30942;1;5735499;5336499;934305;1116516;905704;948728;2307796;0;2702;3679196
A10-2019;31001;1;1560469;1356775;1387375;1721782;98243;379531;635334;0;746;3636015
A10-2019;31008;1;5258648;4728920;2265941;2532732;814612;709283;2548743;0;2993;5773669
A10-2019;31009;1;3946673;3744188;1962013;2530948;533826;612938;1393744;0;1637;9157487
A10-2019;31014;1;2537803;2131272;1172951;1552966;372254;423348;975823;0;1146;2728268
A10-2019;31015;1;3050378;2996943;1405698;2727768;346126;486268;1435931;0;1686;2412028
A10-2019;31016;1;3256858;3055033;1321449;1222363;329859;712946;1112450;0;1305;6423376
A10-2019;31018;1;2848237;2563975;893337;1045362;369118;360066;1323686;0;1557;944792
A10-2019;31019;1;2713211;2591599;2032321;2544378;452481;530541;1083388;0;1273;4194289
A10-2019;31021;1;3428889;2867179;367755;1031483;451532;511518;1107997;0;1301;2022859
A10-2019;31022;1;29119188;28177235;9913568;9448069;5884213;5042961;11692129;0;11656;27454646
A10-2019;31025;1;1460548;1215507;655304;687603;160335;230223;479051;0;562;820002
A10-2019;31026;1;4732130;4172559;1893525;2246542;629102;939045;1657248;0;1943;10192114
A10-2019;31028;1;2661730;2692240;569386;477112;351616;646648;1066137;0;1252;9567606
A10-2019;31033;1;2022365;1679175;560419;786094;192432;382085;869614;0;1021;654395
A10-2019;31035;1;3024418;2903409;1247625;1307197;376016;774696;1321215;0;1547;3108507
A10-2019;31036;1;3945744;3457566;1392991;1662593;471718;652058;1296552;0;1578;6083682
A10-2019;31037;1;9215710;9034627;2032853;4046953;1912456;2210018;3677632;0;4284;19806951
A10-2019;31038;1;2675320;2780268;1512076;1414187;256249;300239;906183;0;1002;851829
A10-2019;31041;1;1656069;1665880;622823;875806;167510;456336;737484;0;866;2064591
A10-2019;31042;1;1688124;1581570;264036;443889;209516;261239;803057;0;932;667160
A10-2019;31043;1;5425991;4567388;3457655;3699485;574413;987268;1840547;0;2161;5976994
A10-2019;31051;1;5141472;5124502;1790665;1636456;713674;1004019;2032501;0;2385;10310976
A10-2019;31052;1;4851214;4407717;1937446;2293115;476054;1068684;2060444;0;2415;11031436
A10-2019;31053;1;6414198;6573487;2254108;1575793;796839;1351649;2942903;0;3462;11550938
A10-2019;31101;1;1493285;1488042;285695;333604;182598;250987;703746;0;826;1599716
A10-2019;31102;1;2098279;1893843;648016;1015795;387418;241524;702509;0;825;1868200
A10-2019;31103;1;2935371;2598290;669698;808630;405708;415988;1166701;0;1369;3696058
A10-2019;31104;1;2647520;2661057;406342;338836;318572;450122;1039022;0;1204;4359078
A10-2019;31105;1;8763173;8763975;2976178;2960745;1778732;1427151;3022739;0;3540;6535348
A10-2019;31106;1;8772517;8469955;1009638;1244012;1930474;1464446;3061165;0;3535;9055667
A10-2019;31107;1;3521891;3458229;2469490;2673142;503085;682415;1142823;0;1332;10776729
A10-2019;31109;1;19641536;19573226;7132539;6394555;4639448;3201514;5557564;0;6523;11964080
A10-2019;31110;1;2851894;2691527;803529;841297;396333;335445;1203282;0;1413;4448437
A10-2019;31111;1;1610711;1477367;334268;505875;129354;144187;621660;0;730;3620907
A10-2019;31113;1;1852170;1735400;1158997;1273233;169737;143614;574314;0;672;2764720
A10-2019;31114;1;1848667;1714021;2157543;2572195;290384;245840;750239;0;882;2042213
A10-2019;31117;1;1871556;1706904;1238098;1172903;249824;197525;606692;0;700;6149075
A10-2019;31119;1;1251481;1052519;311419;469569;110359;174223;450266;0;529;1393874
A10-2019;31120;1;2606911;2390256;1041323;1276890;310748;409274;892187;0;1047;1239061
A10-2019;31121;1;2758272;2000087;662948;1425966;466205;361508;737800;0;857;2042650
A10-2019;31123;1;2738660;2512921;460344;684840;714885;383972;1100645;0;1295;1077193
A10-2019;31124;1;3764568;3474427;2580231;2115570;556224;545869;1412401;0;1659;2486062
A10-2019;31130;1;1922275;1617590;830282;1052110;145062;300020;664020;0;780;3479439
A10-2019;31129;1;3333095;2750556;1593355;1296977;394317;478344;1346035;0;1581;4550646
A10-2019;31201;1;9323371;9273518;1534947;1502562;1688296;1720211;4059849;0;4722;2074574
A10-2019;31202;1;3473104;3220833;432912;1053684;730571;595400;1458089;0;1706;591144
A10-2019;31203;1;6383869;8930658;4126502;3771671;1521286;1875983;2735432;0;3209;9280030
A10-2019;31235;1;26522085;26041492;4934431;14473403;6400135;4039385;11113748;0;11117;36241638
A10-2019;31204;1;3286365;2871485;1183118;1187274;497323;300538;1354712;0;1591;1959676
A10-2019;31205;1;5177714;4429468;854889;1802239;668723;1149081;1878206;0;2201;1193163
A10-2019;31206;1;6720601;6903644;1038385;977535;2826641;1020923;1880248;0;2224;2882400
A10-2019;31207;1;9006907;8718932;1481698;1282170;1565715;2008167;3372492;0;3961;6530505
A10-2019;31208;1;10534800;7114531;982567;4380264;1155206;1399637;3216991;0;3778;2459743
A10-2019;31213;1;43244694;41177999;5845803;6880965;8249457;5165893;12979181;0;12968;25587043
A10-2019;31214;1;19816310;19469269;4116557;3279541;3276151;4652622;6880358;0;8115;8200058
A10-2019;31215;1;2663604;2450015;1631244;1679131;374202;598376;1029386;0;1209;3250669
A10-2019;31216;1;12617611;12161416;3436494;3910304;4710596;1984010;4092646;0;4847;13775974
A10-2019;31234;1;3112279;2837472;617314;1014795;474143;499162;1313041;0;1543;3928676
A10-2019;31224;1;2719371;2671501;791520;1043755;224728;576239;1206843;0;1417;3386285
A10-2019;31226;1;8947163;7931523;6894554;8873437;1026957;1704066;3360257;0;3945;20397770
A10-2019;31227;1;4884202;4178117;896152;1582824;759167;863937;1880312;0;2215;2302726
A10-2019;31228;1;3186677;2327409;1234350;1741261;271012;428298;888189;0;1043;987704
A10-2019;31229;1;3041421;2978024;598292;1284063;808483;754186;1164492;0;1365;3510397
A10-2019;31230;1;49524450;49760239;10037107;13976504;10141082;9402104;16941146;0;16905;40185285
A10-2019;31301;1;1302043;1305379;180790;426522;145903;256956;552774;0;642;1639866
A10-2019;31302;1;2212120;1834674;638830;902285;203763;230111;882413;0;1033;2585661
A10-2019;31303;1;3560698;3004045;1796295;2032559;243306;480352;1068431;0;1254;6184789
A10-2019;31356;1;2085874;1773178;690844;1018332;194033;273410;830748;0;976;2034795
A10-2019;31304;1;2993181;2883932;234852;358183;713542;578996;857144;0;868;3957896
A10-2019;31309;1;6825636;5865409;1288690;2814822;797985;1294726;2530411;0;2972;5534542
A10-2019;31310;1;3732879;3872390;933861;1126802;896820;479550;1841146;0;2160;3598462
A10-2019;31311;1;7498933;7633746;2074872;1559185;1164062;1353596;3211823;0;3785;10596928
A10-2019;31308;1;7848868;6462447;2096315;4287387;1174151;1232426;2615710;0;3067;6414935
A10-2019;31315;1;4357772;3786180;1326578;1294610;525020;832724;1747119;0;2002;3458184
A10-2019;31319;1;1739341;1982001;257990;294996;301002;94488;1041597;0;1223;212295
A10-2019;31321;1;1795727;1563069;331705;554841;387630;10417;644775;0;757;3061886
A10-2019;31322;1;17468700;16761757;6069832;6830380;2917769;3115715;6821761;0;7613;10374933
A10-2019;31323;1;2959741;2858892;4101083;4106428;395003;613391;1195979;0;1413;6780156
A10-2019;31324;1;3976107;4147256;1290832;1225752;639064;437499;1741717;0;2055;6191406
A10-2019;31326;1;1936682;1936683;984635;662126;174233;243248;781373;0;918;2210505
A10-2019;31327;1;9371612;8271855;3514362;5121761;861046;1342303;3035065;0;3552;14615366
A10-2019;31330;1;2634933;2358744;636363;999302;309587;491176;1130618;0;1332;4316595
A10-2019;31333;1;5264979;4973356;634848;930455;565471;806311;2205319;0;2601;2499146
A10-2019;31336;1;4580020;4878093;2205287;2042622;1138968;617186;1352709;0;1557;8204978
A10-2019;31337;1;4139035;3810930;818299;1099978;729489;598918;1782188;0;2081;2081592
A10-2019;31338;1;3238679;2464633;2707832;3309676;257288;518549;948296;0;1074;4676986
A10-2019;31340;1;2571995;2214895;399253;865899;354072;155864;948051;0;1113;1958654
A10-2019;31355;1;4501099;3973890;1172800;1599469;463893;811694;1619149;0;1899;5605583
A10-2019;31343;1;3544435;3535571;881268;432965;568904;780797;1699015;0;1980;2569578
A10-2019;31344;1;3921461;3642974;1577891;1447937;703653;829135;1446136;0;1625;6815285
A10-2019;31346;1;3408794;3408794;1493878;1805918;446018;649598;1424429;0;1667;3625519
A10-2019;31347;1;1629566;1439568;541848;380254;161993;297819;696057;0;824;1112838
A10-2019;31350;1;2589232;2446130;851101;1173475;262300;352417;1054993;0;1250;6357185
A10-2019;31351;1;4448608;4079478;1241852;1123293;758043;826562;1313318;0;1433;5547096
A10-2019;31401;1;2059711;1955189;578032;581578;198616;276900;500361;0;525;3969399
A10-2019;31402;1;2367685;2378459;365617;515897;368028;505552;1139446;0;1333;3660095
A10-2019;31403;1;8317697;7938941;1737942;1652326;2740154;1038871;3168930;0;3735;5074370
A10-2019;31404;1;3098917;3006719;805882;700832;549476;541766;1295694;0;1521;3533065
A10-2019;31405;1;2150177;2070649;1742762;1850144;262817;395024;871327;0;1022;2415417
A10-2019;31406;1;1793122;1708868;208075;190347;248354;378532;730319;0;825;2057032
A10-2019;31407;1;5993979;6043460;3487525;2355995;2008728;1100632;2389573;0;2816;1260863
A10-2019;31408;1;1902474;1909510;110542;97837;189610;278512;437120;0;490;1701584
A10-2019;31409;1;1720034;1531639;316935;545320;302944;173636;730909;0;857;1416731
A10-2019;31410;1;3511847;3569358;683946;445025;1331205;562119;1331597;0;1571;2762731
A10-2019;31411;1;4375446;4354649;479606;428720;803666;863227;1641024;0;1911;8018667
A10-2019;31412;1;7955558;6045513;1307824;2952353;485323;1120205;3311389;0;3920;3990254
A10-2019;31413;1;7495537;6818833;931988;1843668;1968285;1146139;2949916;0;3466;4798254
A10-2019;31414;1;4165501;3233021;1828357;2524806;413690;713649;1631663;0;1914;3183854
A10-2019;31502;1;3301733;2401880;444759;1591464;398828;282093;1009581;0;1181;1612570
A10-2019;31503;1;4071542;3858398;1490007;1468470;1131947;483694;1627308;0;1904;1204974
A10-2019;31504;1;3052435;2047710;1726147;2467452;148254;333976;1002438;0;1177;2121019
A10-2019;31505;1;5677581;5212815;3081146;1999820;647941;631923;2296149;0;2710;2545925
A10-2019;31506;1;1661218;917996;368240;1112523;85729;76140;491725;0;582;979491
A10-2019;31507;1;5029631;4243106;641891;1419120;375561;656477;2014213;0;2384;4064277
A10-2019;31553;1;3679271;3257036;2580822;2856213;479468;546726;1529107;0;1766;4806768
A10-2019;31508;1;2119950;2037128;559025;573279;204238;303087;910487;0;1069;1476382
A10-2019;31509;1;2515050;2433032;277922;364666;315248;302704;1293723;0;1519;188143
A10-2019;31511;1;3609778;3191860;461434;580016;278239;489975;1428424;0;1676;12676337
A10-2019;31513;1;4219084;3828035;2349660;2543073;1001202;474211;1561385;0;1831;4254359
A10-2019;31514;1;5088916;4194799;1699030;2732647;767530;588642;2167641;0;2545;2658206
A10-2019;31515;1;2197601;2212554;561319;1053970;204848;211235;914332;0;1071;1154749
A10-2019;31516;1;2028349;2008732;760438;582135;301752;340143;836194;0;986;2681717
A10-2019;31517;1;3345141;3351743;1273350;966955;685523;610935;1277466;0;1500;5752410
A10-2019;31519;1;2874609;2813282;1608025;1401228;344927;561000;1161692;0;1362;5756329
A10-2019;31520;1;9440632;9415242;2792634;3136901;2709655;1500298;3211797;0;3787;6324673
A10-2019;31521;1;5746278;5689803;3289063;3376831;1318101;664004;2739326;0;3217;6505265
A10-2019;31522;1;3641236;3346546;1750549;1970475;458278;586034;1446424;0;1689;5603196
A10-2019;31523;1;1766289;1813170;415023;493044;328078;316806;779883;0;888;2154696
A10-2019;31524;1;17940888;18400160;5290708;6673309;5395083;2939836;4744907;0;5512;23036841
A10-2019;31525;1;3454778;3033145;1303032;1497869;380143;323537;1418733;0;1675;7151856
A10-2019;31527;1;4244102;3987920;1324814;1274316;850261;674894;1623355;0;1911;3390023
A10-2019;31528;1;1966835;1432791;577773;1215075;182439;91966;918992;0;1079;1135568
A10-2019;31530;1;4462083;3842438;1464238;1973162;788670;511247;1874160;0;2204;2794241
A10-2019;31531;1;3529442;3082663;820979;1108013;1097158;374155;1124098;0;1322;3625877
A10-2019;31533;1;10742484;10531811;2241276;2418954;3457990;1446866;3350714;0;3936;11356773
A10-2019;31534;1;5184062;4741248;1203288;1424960;864428;700502;2065974;0;2440;9684423
A10-2019;31535;1;2851255;1971844;1058132;1689376;143205;204247;891397;0;1054;1896874
A10-2019;31537;1;5309584;4631519;1705450;2251004;795697;628419;1950248;0;2290;1681193
A10-2019;31539;1;6041204;5608602;3776558;3594574;612998;713941;2526252;0;2990;6975572
A10-2019;31540;1;3226097;2825821;1227230;1589716;663664;375541;1410685;0;1657;1395227
A10-2019;31541;1;1813065;1816982;290472;576474;195819;166886;954077;0;1125;1939103
A10-2019;31543;1;2332651;2117309;506369;936105;541344;405625;829340;0;973;2963220
A10-2019;31542;1;1967545;1989439;4089019;4607529;307250;425669;848965;0;984;7101826
A10-2019;31551;1;3072255;2684436;515259;1526643;483663;216446;1377268;0;1613;1162950
A10-2019;31546;1;2044038;1921508;687716;700408;300704;284001;935664;0;1097;2636417
A10-2019;31549;1;15174176;15117965;4920162;5284491;3473432;1440896;4814979;0;5644;14492992
A10-2019;31552;1;4659251;4585482;3880821;4337252;593953;506812;1725915;0;2013;9297444
A10-2019;31550;1;2046335;2011076;812366;989434;268819;258320;1027629;0;1210;2609399
A10-2019;31601;1;1778901;1700486;441071;670010;139052;411317;655884;0;770;1596444
A10-2019;31603;1;4033907;3634121;1220163;1632883;443921;896246;1589771;0;1866;6175719
A10-2019;31604;1;3905009;3231601;190471;868403;388780;829895;1375247;0;1615;2556442
A10-2019;31605;1;2252009;2551285;134388;282128;466399;665076;1148115;0;1348;1885319
A10-2019;31606;1;3441083;3684419;1158476;711787;576579;676912;952135;0;1119;4851532
A10-2019;31608;1;1432034;1403285;626672;601172;198040;325931;397711;0;463;817087
A10-2019;31609;1;2150579;1911682;899685;1032935;169224;431727;698178;0;820;2177273
A10-2019;31611;1;2179124;2157183;654077;646185;251057;405266;768681;0;903;3672969
A10-2019;31612;1;7718559;7752539;5445385;5550723;1079008;1471547;3344620;0;3944;11210719
A10-2019;31613;1;3071211;3012345;290159;365347;244983;753431;965161;0;1132;8166604
A10-2019;31614;1;5460427;5460260;702356;1357959;1498710;1249828;2061171;0;2234;3109100
A10-2019;31615;1;4196630;2825079;1054096;4183060;618964;502462;1256824;0;1476;2993633
A10-2019;31616;1;2378350;2415187;379987;507899;379054;594039;952061;0;1118;3825077
A10-2019;31617;1;3344231;3208967;733400;912857;443588;724893;1339251;0;1572;1095743
A10-2019;31620;1;1805369;1806365;203231;230053;160160;335185;734134;0;862;0
A10-2019;31621;1;2086075;1821252;724143;870485;304286;339047;800225;0;937;244447
A10-2019;31622;1;2509386;2566330;612459;749763;398391;398679;991223;0;1164;821530
A10-2019;31627;1;2528113;2537093;935472;1040522;294875;514550;1209953;0;1419;3605098
A10-2019;31628;1;3612190;2993966;947568;1052656;353760;480950;1316595;0;1546;4468640
A10-2019;31629;1;17756560;17789276;623790;396348;3701601;3821067;5415143;0;6283;15073418
A10-2019;31630;1;5247031;4396679;2595866;3146114;717049;918006;1952756;0;2293;4042567
A10-2019;31633;1;31994619;30805682;9218826;7778206;4954459;7253536;11613002;0;11576;40767035
A10-2019;31634;1;3083794;2738352;855559;825947;344653;680342;1217985;0;1430;2009460
A10-2019;31636;1;1853067;1727863;557676;528714;215690;338749;733251;0;861;1141619
A10-2019;31658;1;1047087;927218;645447;256750;56667;210140;464262;0;545;772616
A10-2019;31642;1;2203223;1919886;539756;1522860;209334;288988;983264;0;1155;253556
A10-2019;31644;1;15070096;15371572;2055458;2170586;2923698;2520147;4734001;0;5537;4806080
A10-2019;31645;1;2581911;2576725;478141;98454;96813;639637;940199;0;1104;2116359
A10-2019;31646;1;2448920;1968998;3685709;4583742;259352;430413;687158;0;807;4241700
A10-2019;31649;1;4681525;4562859;1697482;1580843;393459;1147545;1645544;0;1943;7305573
A10-2019;31650;1;3413539;3150264;396553;793592;430836;753228;1350035;0;1585;4272138
A10-2019;31651;1;5440495;4551127;556824;1648735;442759;1135844;2252135;0;2644;683780
A10-2019;31652;1;1279747;1189242;330623;804744;78683;294287;477423;0;561;2283158
A10-2019;31653;1;3788310;3132353;1206305;1566554;550801;723724;1341690;0;1577;1998456
A10-2019;31654;1;4433600;4432466;1346142;1939686;673727;1038877;1862889;0;2183;6650832
A10-2019;31655;1;18856264;17617375;10288975;12359864;5323934;2977449;6096114;0;7176;19932301
A10-2019;31701;1;4677045;4775492;5368550;2659953;1979855;732739;1201823;0;1418;8540341
A10-2019;31702;1;12535176;11662067;1755201;2285353;6189272;1231179;2474137;0;2947;2782573
A10-2019;31703;1;11433557;11306246;1960067;2769873;1771654;2460392;4991094;0;5860;4706248
A10-2019;31704;1;36758693;38711619;4908296;2522359;13263250;6759644;11815712;0;11867;11799109
A10-2019;31706;1;3848849;2951863;712256;1773347;517290;552585;1436156;0;1624;482574
A10-2019;31707;1;5368667;4753580;463123;596000;805778;1054632;2028364;0;2327;487484
A10-2019;31709;1;14271790;12946518;1253924;2154482;5120545;2275250;3319819;0;3883;6462625
A10-2019;31710;1;27623011;27683134;3771618;2465385;9325444;4080564;7873815;0;9172;19446757
A10-2019;31711;1;3367051;3198510;236910;505824;675521;586186;1308575;0;1541;1224362
A10-2019;31712;1;8286455;7860095;1156934;1324215;1279739;1596058;3462251;0;4049;4618237
A10-2019;31713;1;6549328;6341743;2562044;1126393;570003;1383454;2767324;0;3267;3852463
A10-2019;31714;1;3160794;3115756;3493039;3911045;209655;840178;971789;0;1139;4800691
A10-2019;31715;1;11552377;10709812;1138786;671111;5347232;1211953;2379238;0;2825;4816702
A10-2019;31716;1;27402171;27313479;4650555;4650005;5941310;6418674;7445836;0;8801;6705804
A10-2019;31717;1;66896683;66711782;5786433;6837944;9854752;12864503;24227929;0;20588;52731496
A10-2019;31718;1;9728410;7655843;1355031;3740873;1388769;1326542;2544258;0;2985;4370442
A10-2019;31719;1;42264389;42264390;4091249;3998508;7609039;8816500;15706461;0;15045;17864690
A10-2019;31723;1;25147673;24767370;2963955;2349706;9205654;4048304;6785200;0;6824;29491743
A10-2019;31725;1;40140721;36999486;8484040;9996505;19438926;3812367;8230364;0;9436;22914550
A10-2019;31726;1;5890099;6099763;1656118;990939;794186;1324261;2417071;0;2842;3908508
A10-2019;31801;1;803111;771136;168540;173388;63920;98978;300313;0;353;833283
A10-2019;31803;1;4961511;3722807;986733;1061357;512031;648246;1616878;0;1897;7043435
A10-2019;31802;1;6227594;5590016;758729;1332553;875770;882833;1544223;0;1819;2503931
A10-2019;31804;1;4028415;3957156;235930;263170;846250;301230;1331217;0;1571;8948098
A10-2019;31805;1;1328868;1230037;642861;863346;88072;214028;294603;0;320;2863849
A10-2019;31806;1;645720;538352;33528;122255;51549;118471;282906;0;333;368084
A10-2019;31842;1;413060;345752;13204;62801;41718;58487;152155;0;179;104554
A10-2019;31807;1;2023429;2024727;454178;582377;213873;379512;793078;0;931;781228
A10-2019;31808;1;3772706;3659316;408026;408026;599352;706662;1654504;0;1942;786074
A10-2019;31809;1;1934267;1779119;451883;552723;150984;342944;885528;0;1038;1202622
A10-2019;31810;1;18454690;17261300;11865781;9792186;3521604;2827112;5060959;0;5942;22292101
A10-2019;31811;1;3606357;3442340;638061;742068;380415;489316;1915504;0;2267;2218352
A10-2019;31812;1;3132292;3140343;476673;445961;438447;587194;1229653;0;1351;1405584
A10-2019;31813;1;3942688;3640301;856248;637130;363583;759590;1392173;0;1636;2398652
A10-2019;31849;1;2274607;2191145;586580;834123;214925;375850;756354;0;894;2942124
A10-2019;31814;1;6679701;5163375;713604;2874004;958978;892194;2135343;0;2495;488487
A10-2019;31815;1;1952406;1988451;770117;534763;203951;354976;522166;0;600;2051730
A10-2019;31817;1;3292747;3381448;336417;412926;1039062;439136;1435752;0;1694;637409
A10-2019;31818;1;31030949;32039250;2668835;1782747;5706103;5501420;12947642;0;12900;35327992
A10-2019;31820;1;1194544;1117282;272850;290347;114943;175951;504793;0;593;485569
A10-2019;31821;1;5769283;5441827;1412269;911028;639175;1062583;1769211;0;2061;7407438
A10-2019;31823;1;6640613;6189446;833784;1249681;1173039;797199;2295732;0;2696;2335794
A10-2019;31825;1;859303;822342;183104;196901;114856;149040;374400;0;436;149656
A10-2019;31826;1;5794664;5766747;1515054;1449595;947331;1312621;2347694;0;2683;8797897
A10-2019;31827;1;808573;690153;332205;387356;126463;117366;247604;0;280;998013
A10-2019;31829;1;7779366;7634264;1649298;1276580;1668202;1701445;2298987;0;2565;12228023
A10-2019;31830;1;785200;737115;228352;200992;151133;152238;337778;0;389;284465
A10-2019;31831;1;3540438;3471773;2875181;2818688;695037;544424;1631776;0;1920;4208970
A10-2019;31832;1;3786376;3266392;947541;1219606;456281;502842;1586753;0;1863;1381342
A10-2019;31833;1;1988584;1968967;15074;149058;325638;436471;572829;0;666;1409337
A10-2019;31834;1;994067;1000685;22988;46955;143414;178875;309720;0;364;64625
A10-2019;31835;1;3704617;3645072;198294;166205;295815;475215;1618770;0;1917;423663
A10-2019;31836;1;2028266;1860325;169794;218396;247256;287592;556133;0;650;1356944
A10-2019;31837;1;2737696;2511826;457300;550000;389296;350291;1204738;0;1410;1654557
A10-2019;31838;1;2705114;2715369;285767;296644;387940;606000;520759;0;547;4399632
A10-2019;31839;1;35030173;34443896;5030410;4386207;5237134;3808900;14705261;0;14652;14802751
A10-2019;31840;1;3199013;3120773;547512;677060;1367693;375209;1075934;0;1277;3502635
A10-2019;31841;1;1128228;1076317;822982;680953;181554;166132;468519;0;547;1053303
A10-2019;31843;1;2545602;2485787;420339;620608;462404;390382;1291879;0;1515;1893001
A10-2019;31844;1;3256661;2934696;895224;925926;298584;643963;1370437;0;1609;1832148
A10-2019;31845;1;1866588;1822209;860514;787752;271392;284105;831203;0;976;1062914
A10-2019;31846;1;6066387;5852468;311666;279396;1889731;698061;1367700;0;1615;17376
A10-2019;31847;1;2898372;2755595;354485;413561;344345;440965;1348153;0;1583;2064758
A10-2019;31848;1;2626661;2275566;1168947;1619524;309567;349381;1232353;0;1420;1526440
A10-2019;31901;1;6147993;5335624;1233187;1884267;1279048;1105686;2507170;0;2903;4592320
A10-2019;31902;1;5429280;4894528;1841677;2745169;786524;665396;1881401;0;2209;6222756
A10-2019;31903;1;11007426;11033562;2598174;3028856;3674774;1346091;4317875;0;5104;15024161
A10-2019;31904;1;1966321;1833146;289147;587753;227014;228838;1054293;0;1235;1510401
A10-2019;31905;1;9992391;9157267;2676675;2333634;1404326;2049971;3929449;0;4614;8315733
A10-2019;31906;1;4690170;4516345;1188014;1180421;358403;367567;1684677;0;1986;7304165
A10-2019;31949;1;10106371;9370917;1213153;1944753;1811480;1737551;4244896;0;4977;3999735
A10-2019;31907;1;2274687;2177739;388018;603009;384986;308274;912070;0;978;944429
A10-2019;31910;1;3686223;2860670;730825;1565143;362497;469692;1424007;0;1672;2845249
A10-2019;31911;1;1997420;1978233;757584;344149;187886;339767;990983;0;1162;3559432
A10-2019;31912;1;17785835;17638294;2531033;3341385;4983063;2589348;6619174;0;7764;11248324
A10-2019;31909;1;4466916;4509409;2192855;1803888;540307;572257;2273216;0;2687;4683627
A10-2019;31913;1;4019200;3645491;858201;1198588;1238921;453334;1334382;0;1568;4087041
A10-2019;31915;1;3067799;2639619;573331;981955;394657;430179;1175133;0;1378;2016175
A10-2019;31916;1;4490353;3740205;1455517;1653971;777879;640980;1847271;0;2168;5513044
A10-2019;31917;1;3209312;2596862;939731;1597369;389160;284887;1201388;0;1409;2473762
A10-2019;31918;1;5842458;5317630;1868976;2898828;785871;804812;2725017;0;3215;3676869
A10-2019;31919;1;4174724;3816398;1276465;1628615;584112;715847;1860027;0;2184;5436918
A10-2019;31920;1;1480952;1342082;230930;513139;152265;99945;518646;0;605;438895
A10-2019;31921;1;6523565;6388162;1274143;1929797;794425;1210501;2598733;0;3051;3531812
A10-2019;31922;1;4188152;3754130;786957;1038712;626384;532646;1784239;0;2095;3961026
A10-2019;31950;1;7066153;6862856;302614;392258;942098;1834454;3137202;0;3668;3477353
A10-2019;31923;1;1809442;1547756;239796;566109;177380;204980;759799;0;895;791552
A10-2019;31925;1;2695176;2696054;3260556;5644643;677059;402922;1245476;0;1464;3137229
A10-2019;31926;1;18601667;18817932;6517782;7323181;3180895;2933128;7044619;0;8268;25100163
A10-2019;31927;1;3815534;2417064;450190;2064814;485664;325809;1317338;0;1547;2304644
A10-2019;31928;1;4667659;4276907;1578578;1932461;1555565;596459;1489875;0;1761;3833068
A10-2019;31929;1;11738679;11368305;1073741;1777504;2306221;1401051;3875854;0;4554;4564193
A10-2019;31930;1;4661682;4584847;1419574;1595991;758662;693951;1985198;0;2331;12099626
A10-2019;31951;1;18147945;18101534;3469386;3121506;3015376;4240254;6451466;0;7563;17548082
A10-2019;31932;1;3115245;2826065;842934;1291304;688517;454888;1376409;0;1616;1970478
A10-2019;31952;1;23051470;23001985;2706522;2331700;3404476;6469642;8996834;0;9658;24951055
A10-2019;31934;1;7160083;6416934;3334557;3444306;733725;1165082;3019660;0;3541;10952823
A10-2019;31935;1;4689681;4264819;1284279;1626542;398435;683852;2145160;0;2531;3192349
A10-2019;31938;1;2307817;1803661;957063;1694450;229437;325181;861668;0;1012;3045606
A10-2019;31939;1;927898;610688;515210;760457;33222;71752;311634;0;365;1869444
A10-2019;31940;1;3523145;3066549;352232;894600;592234;559601;1163831;0;1366;11489772
A10-2019;31941;1;1455631;1409766;744494;858567;217161;118382;704653;0;836;1412768
A10-2019;31943;1;11580983;11512278;2452427;2521341;1879606;1920247;5284168;0;6218;9954725
A10-2019;31953;1;5687983;5525771;1577641;1537521;616974;1567048;2384032;0;2792;2059243
A10-2019;31945;1;7447830;7044400;1139743;1805697;1899560;412530;1132041;0;1345;1669864
A10-2019;31946;1;3197206;2578583;1090671;1768534;628892;263925;1187781;0;1395;3252899
A10-2019;31947;1;11889536;11524649;4462865;3285004;2018406;1704481;5588241;0;6561;9758256
A10-2019;31948;1;4831861;5008582;602524;495215;646172;929215;2186237;0;2572;19603459
A10-2019;31954;1;3855105;3638157;237149;623057;565696;956171;1452640;0;1709;1469727
A10-2019;32001;1;7276188;7294570;945362;921737;1802028;1066867;2725150;0;3125;7418235
A10-2019;32002;1;5855714;5850406;1742656;1622855;928152;707062;1842317;0;2058;12482481
A10-2019;32003;1;4871213;4520344;785793;1035793;1619588;645784;1683410;0;1989;1270368
A10-2019;32004;1;2906832;2650910;521105;344871;822121;158704;1290223;0;1519;1388782
A10-2019;32005;1;4345441;3894060;1821954;1856204;734836;466859;1576021;0;1809;4651037
A10-2019;32006;1;4383665;4416140;699663;565314;641435;461071;2521834;0;2961;2587301
A10-2019;32007;1;1122790;1100779;231640;353955;132119;77244;280303;0;315;1416904
A10-2019;32008;1;10202337;9941326;3992915;4195015;2832686;1185411;4588221;0;5367;9037993
A10-2019;32009;1;3149618;3075629;628275;526817;543476;276499;1605670;0;1883;2169664
A10-2019;32010;1;1897050;1692356;1235342;1171697;195367;139536;879737;0;1030;2634547
A10-2019;32011;1;2624075;2467970;549623;553380;136504;170131;1017812;0;1203;2285293
A10-2019;32012;1;2343058;2214358;944271;1142847;241951;301806;1142832;0;1341;2811532
A10-2019;32013;1;11613571;11755563;1598118;1804749;2460494;1549964;3577970;0;4202;8186425
A10-2019;32014;1;3936742;3867467;1762034;1831689;667417;453864;1921179;0;2272;3160482
A10-2019;32015;1;2282589;2126249;775410;943060;283789;244941;1158219;0;1360;1260882
A10-2019;32016;1;15921511;15438841;6089064;4712891;6752354;888116;3477443;0;4079;8354609
A10-2019;32017;1;6372876;5948470;1390948;1885304;1730995;666273;2829145;0;3324;4143811
A10-2019;32018;1;2844575;2701824;604178;544537;450951;325308;1370121;0;1609;1352573
A10-2019;32101;1;4792949;4693275;2708466;2450820;1195559;717170;1756521;0;2063;6331217
A10-2019;32104;1;6484464;6421629;2731537;2844433;1458712;1166624;2512110;0;2945;5978642
A10-2019;32106;1;5294268;5241457;3948335;1218480;999993;1083112;1960739;0;2314;4833734
A10-2019;32107;1;7112630;6183671;1608457;2634987;1218872;1255008;2675505;0;3138;1379178
A10-2019;32109;1;2525516;1686729;1734562;2438199;263731;294780;765288;0;899;2140185
A10-2019;32110;1;8031807;6854131;2211757;3140784;1043816;1459049;2715244;0;3186;10897880
A10-2019;32112;1;4125427;3560111;2465605;3380965;812768;365045;1911964;0;2255;2023355
A10-2019;32114;1;9368499;8681385;2748632;3306783;1400608;1406454;3130800;0;3673;7724812
A10-2019;32144;1;74147023;74091075;6140535;6140535;10201976;14999912;31801546;0;27060;56166339
A10-2019;32115;1;2768823;2590279;1132103;1511067;499083;437940;1132592;0;1330;2094941
A10-2019;32116;1;5881888;5124018;1545253;1611487;651649;914961;2036245;0;2391;7357184
A10-2019;32119;1;5188720;4153458;1878762;2853150;1182210;477942;2019910;0;2368;3047146
A10-2019;32120;1;6769524;6771203;3860074;3920045;2326932;738999;2631032;0;3097;5928900
A10-2019;32143;1;3199773;3209195;621375;837493;310089;460999;1334150;0;1569;4496091
A10-2019;32142;1;17094478;17020848;4789090;4476733;2301958;2520062;6715877;0;7872;17531578
A10-2019;32131;1;17009083;15289666;3392113;4207435;2893885;3071424;6397185;0;7511;7196270
A10-2019;32132;1;4878318;4655218;1670181;2398588;1090001;912053;1761301;0;2068;6665175
A10-2019;32134;1;6791045;5871997;1159531;1662848;714351;1180204;2530800;0;2960;12328144
A10-2019;32135;1;48753070;48253070;16214804;14142488;9625357;6530982;18057382;0;16153;52355137
A10-2019;32139;1;3466851;2939750;1186354;1384134;653131;455656;1199679;0;1409;3832443
A10-2019;32140;1;3902321;3697711;1259902;1003859;519111;572626;1941922;0;2280;2048057
A10-2019;32141;1;12275329;10925731;1519564;4173199;4157808;1406055;3379799;0;3979;12339596
A10-2019;32202;1;2175855;1972316;279746;449313;202513;430466;903550;0;1061;3401500
A10-2019;32203;1;2918809;2915139;1046799;1099165;557206;354293;1386369;0;1627;4339119
A10-2019;32206;1;2218553;2305834;734515;646028;410045;354776;1037745;0;1219;2675498
A10-2019;32207;1;7924405;7713186;6467048;5372147;1473511;1478512;2372257;0;2785;12280476
A10-2019;32209;1;3110071;3056661;4272504;3711934;1050469;458860;1239531;0;1464;10345315
A10-2019;32210;1;2159597;1890430;477050;831945;248883;301959;956432;0;1123;3717625
A10-2019;32212;1;1647539;1419920;326314;656371;191692;73852;783641;0;920;1249924
A10-2019;32214;1;2073673;1915539;629567;931691;425748;223199;770554;0;911;2460057
A10-2019;32216;1;6451345;6420994;2069716;1982387;990075;849847;2289845;0;2652;11364407
A10-2019;32217;1;2433648;2406641;1205422;1925196;264181;344078;1177439;0;1379;4773007
A10-2019;32219;1;5705993;5465996;3496276;3221101;1528987;693850;2276920;0;2674;6242262
A10-2019;32220;1;16260167;15645505;1451844;2008821;4113267;2962986;4704804;0;5530;8159509
A10-2019;32221;1;2947634;2194955;921967;1517743;307308;247016;1078234;0;1266;961157
A10-2019;32222;1;1152552;994998;347826;342701;90736;45570;452261;0;532;1438799
A10-2019;32223;1;1857528;1887240;1406292;1300897;342652;318664;811208;0;953;4640609
A10-2019;32306;1;7227051;7441476;1811325;1764182;1786097;1339581;2658523;0;3078;4269990
A10-2019;32301;1;7862075;7862077;2721581;2625736;1660062;1830660;2938641;0;3447;7117986
A10-2019;32302;1;3534411;2939361;3245571;2964144;1120236;542328;797189;0;715;3136293
A10-2019;32325;1;2179712;2174576;343633;338728;242042;320501;1043639;0;1234;1512695
A10-2019;32304;1;6831553;6755858;1869552;1422916;1186518;1618184;2657024;0;3147;2050795
A10-2019;32305;1;9452067;8416664;1597792;2544792;1118727;2269064;4066226;0;4775;4926057
A10-2019;32307;1;9166666;8694695;2703151;2501483;809667;1428102;3642166;0;4284;10409584
A10-2019;32308;1;3292096;3254445;143010;147372;505516;515291;1086703;0;1279;4668518
A10-2019;32309;1;3857092;3593236;652502;713571;246186;439565;1388190;0;1644;6013823
A10-2019;32310;1;2278352;1717264;815927;1389663;193389;303499;854276;0;1003;2964660
A10-2019;32311;1;3476682;3142231;1591007;1111007;441567;386733;1215252;0;1424;637888
A10-2019;32312;1;1595264;1521971;451310;540724;199666;94132;869566;0;1022;1456248
A10-2019;32313;1;6853896;6476085;946288;747415;875262;989845;2767757;0;3276;3304501
A10-2019;32314;1;8185978;7903652;4134438;4326483;1303972;1087316;2469431;0;2894;17581388
A10-2019;32315;1;5763853;6014490;1920557;1475937;1093503;978666;1979221;0;2316;6384989
A10-2019;32316;1;8065598;7814061;4235943;4639980;1682926;1120028;3389528;0;3973;988279
A10-2019;32317;1;2966905;3598307;326143;284773;254046;94467;878904;0;1036;1269704
A10-2019;32318;1;5989781;5652352;3354347;1793131;1079404;1080957;2316686;0;2722;3082349
A10-2019;32319;1;5938171;5944810;2397929;2074990;1128512;1258133;2565082;0;3017;4105106
A10-2019;32320;1;6807264;4855787;1163206;3960367;451169;732879;1715838;0;2015;3324865
A10-2019;32321;1;1425636;1427686;166589;223346;128586;179999;599290;0;702;4662182
A10-2019;32322;1;1354543;1346217;385730;544617;135562;186579;452703;0;531;613295
A10-2019;32323;1;6052342;5785582;2452615;604795;1004869;1091779;2091048;0;2455;4405665
A10-2019;32324;1;1238638;1205696;33265;286265;169384;136779;400511;0;470;1158415
A10-2019;32326;1;1684845;1610120;438832;612533;168241;286423;802574;0;943;1568687
A10-2019;32327;1;9802767;9594834;1774304;1507784;2475507;1744803;4297089;0;5055;3952912
A10-2019;32330;1;7451085;6911634;2665782;3279061;1281701;1372093;2944665;0;3458;5861552
A10-2019;32331;1;3495872;3323316;656376;489097;899838;613263;1296464;0;1534;1444002
A10-2019;32332;1;5901754;5619733;1281148;1894310;2193608;940621;1733518;0;2056;3427300
A10-2019;32333;1;2020779;1872818;891365;526435;208789;438903;942271;0;1104;1321588
A10-2019;32334;1;3819452;3747733;1076306;1309739;2126076;462873;902843;0;1070;271043
A10-2019;32335;1;3909978;3090864;1729909;2128141;368993;409925;1279967;0;1503;2345612
A10-2019;32336;1;3247060;2945106;1139752;1492322;581717;520017;1597885;0;1893;1031928
A10-2019;32337;1;11917320;10094576;2262664;3951732;3152535;1610089;3800470;0;4474;7492119
A10-2019;32338;1;5566570;5324295;3026399;3094871;347398;908466;1727551;0;2030;4836386
A10-2019;32501;1;3928956;3570422;852955;1607363;380302;621574;1567540;0;1844;4817408
A10-2019;32519;1;1651095;1208397;558530;692109;139316;45571;734195;0;862;879403
A10-2019;32502;1;2841956;2940953;560759;574486;421661;244106;1401000;0;1644;3256887
A10-2019;32528;1;1795715;1692353;624798;633838;296349;187602;939204;0;1035;1481569
A10-2019;32503;1;653401;602978;113947;331563;138728;69603;305337;0;354;308052
A10-2019;32504;1;2961580;2552849;452588;817643;620106;290963;1064273;0;1256;3361822
A10-2019;32505;1;3062972;3151361;1406117;1120557;428370;469477;1545484;0;1812;3188716
A10-2019;32506;1;2099806;2194260;720302;914022;250414;175580;731365;0;859;610163
A10-2019;32508;1;9248574;9221885;1829534;1841751;1708910;1027661;3931610;0;4513;8001271
A10-2019;32509;1;2154262;2154263;511859;707665;610031;139920;1163564;0;1368;956239
A10-2019;32511;1;1135965;1055550;189128;234348;81118;179822;452543;0;531;1148008
A10-2019;32514;1;1109087;938777;200847;326042;135215;75393;531468;0;624;462739
A10-2019;32515;1;2220887;2012140;521387;782166;391075;35776;1257977;0;1476;1069598
A10-2019;32516;1;3962585;2751082;1182152;2504212;395294;291029;1522468;0;1779;2179952
A10-2019;32517;1;2153622;1864939;218742;598128;394427;251244;933831;0;1099;1968920
A10-2019;32518;1;2881338;2722002;758777;758091;756823;482879;910100;0;1006;4371507
A10-2019;32520;1;3021180;2013300;673270;1026987;231814;272508;820707;0;942;1684449
A10-2019;32521;1;3848814;3508759;1727892;2166520;530093;338019;1472875;0;1723;3965779
A10-2019;32522;1;2630123;2023179;941716;1664803;314763;173467;1096328;0;1296;1241081
A10-2019;32523;1;1659710;1402541;547097;546128;498992;19464;686930;0;804;851742
A10-2019;32524;1;2750850;2602165;209284;364490;275363;480497;1301556;0;1536;3338993
A10-2019;32525;1;3609598;3462184;1001653;767922;439248;237595;1712880;0;2019;2906609
A10-2019;32529;1;2226734;2314282;893693;937245;523241;13218;1042341;0;1224;1059737
A10-2019;32530;1;24370003;24137430;4789610;5239610;6910388;2843278;10953660;0;10915;19345879
A10-2019;40101;1;758263386;802104782;219341396;219341396;201414235;1323172;283251489;985599;204529;742761303
A10-2019;40201;1;156761749;156857516;15274996;15274996;36079088;18504013;48074946;0;38396;77372318
A10-2019;40301;1;234987135;234924842;21913156;21913156;56266914;6676844;84763641;0;61214;21787637
A10-2019;40401;1;9297490;10469509;1460721;789938;2201969;2671242;4297659;0;4843;2023293
A10-2019;40402;1;5632594;5632595;2608877;2215614;1121341;752586;2353437;0;2575;2666400
A10-2019;40403;1;1414010;1414011;413197;398803;389337;117842;510545;0;578;789220
A10-2019;40404;1;51187395;51187396;12997970;12272420;14619875;6901470;17288414;0;17086;29582243
A10-2019;40405;1;5138061;5253800;1050249;1050249;715239;466351;2355313;0;2661;1642620
A10-2019;40406;1;8530007;8776636;2345969;2345969;4043491;999501;2121534;0;2365;3066248
A10-2019;40407;1;3465943;3465941;1988165;1925531;568669;439991;1746835;0;1975;1220929
A10-2019;40408;1;2252403;2255173;304297;581407;496093;326805;839971;0;926;3531367
A10-2019;40409;1;2964080;2952764;251698;251698;820240;353819;1050477;0;1177;837562
A10-2019;40410;1;2510876;2514864;348512;326056;457228;201197;1181668;0;1335;2605080
A10-2019;40411;1;1284546;1284547;219895;219895;72150;118716;543131;0;614;1146607
A10-2019;40412;1;2528657;2536709;1169309;1268658;336640;198298;1133133;0;1292;1859087
A10-2019;40413;1;6522713;6847137;590232;487229;1275532;774323;3160731;0;3572;1229368
A10-2019;40414;1;6373353;6305807;392254;388843;772544;845295;2843716;0;3223;6585765
A10-2019;40415;1;3231480;3137942;3199924;2423881;890955;283816;1219207;0;1377;2577560
A10-2019;40416;1;1690408;1690408;474368;419793;264168;164249;609932;0;689;388499
A10-2019;40417;1;2394041;2355441;734678;789772;319638;263530;1038167;0;1174;3973149
A10-2019;40418;1;10962695;11060573;1961730;1950801;3279648;1007039;4224685;0;4743;2851086
A10-2019;40419;1;5769135;5786802;1736786;1695514;985279;890534;2428637;0;2749;1829790
A10-2019;40420;1;2530053;2583855;752989;355800;342430;237469;1241112;0;1415;3051529
A10-2019;40421;1;19567224;19215722;2416977;3279543;6708505;2284445;5761419;0;6463;8581411
A10-2019;40422;1;5262437;5263542;2230509;2465643;854264;910449;2248191;0;2563;4185830
A10-2019;40423;1;2353765;2348436;656246;634736;282381;242489;1040143;0;1181;1474467
A10-2019;40424;1;1919909;1920112;652146;499303;295333;176871;912526;0;1031;399242
A10-2019;40425;1;3421194;3450543;415591;387314;648876;441063;1452159;0;1637;1761197
A10-2019;40426;1;7691814;7691816;2348710;2348710;2879677;878398;2729152;0;3066;3422492
A10-2019;40427;1;5064497;4930916;1582379;1582379;1253681;428761;1949456;0;2190;1635333
A10-2019;40428;1;6226997;6200390;1557632;1501521;706080;1004748;2921580;0;3308;2602913
A10-2019;40429;1;2209548;2209673;556939;545680;415130;262963;826800;0;935;1829877
A10-2019;40430;1;2443055;2454055;1362554;1192172;398902;358350;876437;0;993;1590391
A10-2019;40431;1;3236720;3241387;1067185;1329494;1260957;362392;983744;0;1094;579571
A10-2019;40432;1;3213201;3213652;1532426;1561335;515802;257913;1475563;0;1670;2701568
A10-2019;40433;1;1900692;1900065;289343;452790;307633;216512;883234;0;998;274080
A10-2019;40434;1;1923420;1925419;983633;844599;239050;196637;832910;0;941;1464395
A10-2019;40435;1;1120620;1115713;1278734;1256656;423090;86584;362557;0;405;1888764
A10-2019;40436;1;3750516;3750516;414708;270273;399154;362472;1797086;0;2049;2364444
A10-2019;40437;1;5879442;5879441;541893;302047;812269;978472;2722585;0;3080;3518365
A10-2019;40438;1;4876518;4868052;1250277;1200737;859812;574109;2154576;0;2434;980713
A10-2019;40439;1;1208821;1208819;2137420;2103300;151522;131971;513022;0;584;496004
A10-2019;40440;1;740359;740360;126084;93286;70658;84448;359423;0;406;715503
A10-2019;40441;1;8828478;8379862;599344;434752;2135059;984209;3432346;0;3878;4350469
A10-2019;40442;1;1552148;1535920;627411;627622;229724;141042;852519;0;965;850160
A10-2019;40443;1;4024821;3976084;1287265;1287265;1021628;409018;1832396;0;2064;703516
A10-2019;40444;1;1395904;1445546;379072;240118;170662;88965;637849;0;724;1235788
A10-2019;40445;1;1388463;1388464;445435;349258;66757;179635;611908;0;693;1204962
A10-2019;40446;1;3147116;3103738;1035980;836402;1085451;262686;1241292;0;1389;4251
A10-2019;40501;1;12902428;12477526;2213419;2213419;1491119;2196558;5249793;0;5935;3959980
A10-2019;40502;1;4872015;4872015;1610679;1702958;1168637;798331;1961185;0;2207;4091999
A10-2019;40503;1;14217502;14355352;1907548;1300204;3255300;1839709;3622407;0;4076;2107809
A10-2019;40504;1;5441780;5449068;808693;988702;1397709;568963;2109182;0;2401;0
A10-2019;40505;1;2795595;2863444;834482;857883;401873;351573;1179865;0;1309;4486322
A10-2019;40506;1;8046552;8045095;1905333;1574016;1216477;1177454;3627843;0;4103;9729947
A10-2019;40507;1;5124433;5098116;1002283;1002283;1248517;602112;1786153;0;2012;4559
A10-2019;40508;1;6055085;6055085;1222446;1201904;1057208;879967;2569693;0;2902;4325979
A10-2019;40509;1;4414826;4414826;296042;296042;919210;606498;1592617;0;1810;83218
A10-2019;40510;1;4739703;4698680;1868338;1870838;577690;579649;2053746;0;2338;3708588
A10-2019;40511;1;4907293;4814609;2634900;1808655;476164;745716;1980227;0;2258;1247800
A10-2019;40512;1;3319834;3319833;1060508;1035508;350459;392719;1356517;0;1536;165707
A10-2019;40627;1;5559857;5559857;1633328;1571512;855004;686976;2667021;0;2932;3158776
A10-2019;40601;1;18892710;18892709;5458744;6016723;3750693;3561380;6970034;0;7922;12927055
A10-2019;40602;1;3678392;3678394;831475;1043685;294970;363555;1708757;0;1948;2554388
A10-2019;40603;1;4570835;4570835;1021200;1035781;589725;504321;2393865;0;2729;4757306
A10-2019;40604;1;6712192;6712191;2564538;2156942;2291582;942998;2432342;0;2734;1680412
A10-2019;40605;1;2319064;2319064;897638;969997;212330;295111;1047699;0;1190;2063535
A10-2019;40606;1;1060099;1060099;154271;170605;89116;46820;557391;0;627;387302
A10-2019;40607;1;4081971;4081969;692201;743831;843422;559289;1878855;0;2119;4262717
A10-2019;40608;1;5997595;5997595;1191100;1285894;755017;653159;2760138;0;3125;7887182
A10-2019;40609;1;4895176;4895176;3754319;3667342;682921;568786;2433223;0;2756;5007747
A10-2019;40610;1;2002776;2002778;858613;762795;176403;183404;904325;0;1029;1926411
A10-2019;40611;1;3265626;3265626;740340;710074;401819;234278;1416110;0;1593;2554199
A10-2019;40612;1;6385370;6385370;786315;1144183;989947;837541;2798983;0;3162;6380825
A10-2019;40613;1;2189136;2189135;490333;445479;159539;205116;886601;0;1007;624909
A10-2019;40614;1;11132187;11132187;4495175;4629487;1890235;1782941;4634950;0;5249;5077415
A10-2019;40615;1;5840839;5840839;1991902;2341760;633963;754357;2599001;0;2957;7933402
A10-2019;40616;1;3171098;3171078;789656;813909;273534;336329;1217257;0;1388;5026848
A10-2019;40617;1;2686722;2686722;995438;1534065;213418;310444;1229506;0;1393;4836804
A10-2019;40618;1;5520452;5520850;2546990;2533566;706139;628610;2548960;0;2895;8675656
A10-2019;40619;1;4007038;4007040;653634;893253;449873;363080;1700869;0;1936;3944027
A10-2019;40620;1;6734418;6734419;873915;977503;1092130;624784;2732595;0;3081;4459854
A10-2019;40621;1;4638651;4638652;862005;979412;963794;498306;1950163;0;2195;3104724
A10-2019;40622;1;4528891;4528890;953589;1208993;606951;704614;1844664;0;2084;4629927
A10-2019;40623;1;2881489;2885583;1107350;1107350;242089;269637;1213648;0;1373;3521131
A10-2019;40624;1;8091624;8030236;3014932;2120210;1126634;1199464;3747985;0;4246;3387187
A10-2019;40625;1;2128491;2127896;417904;389960;196102;154691;914988;0;1035;2611673
A10-2019;40626;1;3199361;3199361;856619;863807;230486;308518;1391199;0;1580;4180434
A10-2019;40701;1;26918924;26918923;4235288;3783920;4027985;4484415;9563530;0;9770;28478339
A10-2019;40702;1;19344448;19344449;3628351;2362690;4092259;2565239;6857996;0;7485;5009897
A10-2019;40703;1;39117300;39117301;4754664;3219474;6982739;7183733;14220069;0;14130;27738324
A10-2019;40704;1;16336852;16314610;8162210;8268687;2779575;2730403;6869509;0;7721;27522674
A10-2019;40705;1;47635000;47634999;5500283;3890283;10851637;7412743;13350673;0;13213;29135251
A10-2019;40706;1;5806524;5779332;1710727;1860038;1553584;891511;1849939;0;1793;3206133
A10-2019;40707;1;4830981;4831304;2086407;2450601;817601;688617;1873617;0;2073;6852157
A10-2019;40708;1;6634573;6528862;1304793;1059793;1393004;735461;2442161;0;2759;2399821
A10-2019;40709;1;5138994;5138995;2548465;2585629;735834;632806;796924;0;765;3454628
A10-2019;40710;1;4648893;4558505;849295;861363;1063043;529739;1882532;0;2121;2084297
A10-2019;40711;1;31583663;30473504;4389644;4003662;8143343;3243500;9817048;0;9847;9158295
A10-2019;40712;1;3138096;3138096;621737;650541;835190;660432;836083;0;730;991589
A10-2019;40713;1;11625016;11625015;915106;1553544;2929119;1535655;4635190;0;5209;6295555
A10-2019;40714;1;7792540;7792540;595164;1152573;1537384;1046283;3383425;0;3821;3098721
A10-2019;40715;1;4787888;4307167;781080;906801;1643691;416287;1789941;0;2005;4981915
A10-2019;40716;1;2227722;2181506;362718;356344;326163;267916;987116;0;1118;1366018
A10-2019;40717;1;7820065;7820064;1071173;1166435;1482580;1906822;2802103;0;2793;6430131
A10-2019;40719;1;12001551;11552836;2431266;2461198;3090195;1107571;4292190;0;4817;15795864
A10-2019;40718;1;4233424;4233424;1821902;2911402;847789;923456;1474386;0;1625;2312196
A10-2019;40720;1;19271692;19340018;4240495;2102505;5656966;2228430;6644808;0;7479;10292256
A10-2019;40801;1;2123715;2124291;592746;689133;392142;264257;843689;0;892;2026749
A10-2019;40802;1;9678959;9680467;1122255;1285705;1837660;2258154;4056259;0;4162;2758043
A10-2019;40804;1;1819628;1975153;158306;158306;149875;180561;929269;0;1056;1373958
A10-2019;40805;1;5456473;5458697;650702;650702;499608;886260;2437690;0;2753;2358737
A10-2019;40806;1;6822118;6822117;2751749;3128228;1569095;859253;3147608;0;3556;8694837
A10-2019;40807;1;2898442;2898440;279227;145765;262339;324507;1252531;0;1419;4949475
A10-2019;40808;1;16455895;16455896;3610576;3804367;6575466;2281114;4480345;0;5014;6151127
A10-2019;40809;1;5530763;5530764;920050;1020015;1856119;782079;1944224;0;2173;2608786
A10-2019;40810;1;1396514;1379970;250220;250221;137175;126514;608144;0;687;1598812
A10-2019;40811;1;3596376;3594987;2771917;3086917;955820;371306;1484740;0;1666;2271249
A10-2019;40812;1;5030875;5088678;1468530;1437779;809222;553363;2216353;0;2504;2076937
A10-2019;40813;1;2347041;2346099;252296;307855;285132;290234;1237192;0;1403;2888190
A10-2019;40814;1;3206844;3206845;742162;787813;362229;483479;1338578;0;1514;3984010
A10-2019;40815;1;2488897;2487753;1130636;1242126;293851;265393;1108928;0;1256;2431392
A10-2019;40816;1;4272301;4245670;609825;301651;747140;472829;2048362;0;2309;837729
A10-2019;40817;1;3034995;3074617;425421;439662;550805;476511;1429319;0;1628;483191
A10-2019;40818;1;3862290;3884432;898945;760715;1030860;601084;1298805;0;1459;1247550
A10-2019;40835;1;9987395;9994103;1312109;1246525;2120694;1297582;3965697;0;4480;238208
A10-2019;40821;1;1943300;1814490;325105;337278;123087;192678;868489;0;982;3226565
A10-2019;40820;1;1137970;1112416;248328;227691;191410;102252;477672;0;539;1208585
A10-2019;40822;1;3502484;3796994;784155;1086337;605150;519528;1463269;0;1711;6678485
A10-2019;40823;1;2136917;2116970;340726;371377;458457;268019;981902;0;1103;2012737
A10-2019;40824;1;4518275;4486348;820806;770192;579347;490983;1874237;0;2115;5867096
A10-2019;40825;1;2440509;2411897;502668;461725;494848;346833;1179609;0;1332;1122105
A10-2019;40826;1;1183385;1183534;1565569;1465262;84249;127535;478014;0;545;1512454
A10-2019;40827;1;6991025;6991027;1022225;1054515;1354434;869182;2731219;0;3091;3674364
A10-2019;40828;1;2073773;2000204;187761;187761;613993;263113;931993;0;1049;0
A10-2019;40829;1;4165556;4164959;267944;267944;821411;436282;1756923;0;1985;1820186
A10-2019;40830;1;1776827;1774834;423366;476151;266587;233194;810825;0;916;468710
A10-2019;40831;1;10425717;10425717;2854137;2905439;1406870;999159;3305307;0;3734;9677325
A10-2019;40832;1;8391802;8372966;6366001;6206077;2457799;903942;2715369;0;3028;8399260
A10-2019;40833;1;3745276;3763204;687148;637699;1083776;388702;1515432;0;1699;1648720
A10-2019;40834;1;1577481;1555224;1429656;1422514;110487;165624;735635;0;835;2245820
A10-2019;40901;1;1805034;1745698;223458;217910;202609;265413;668165;0;673;626015
A10-2019;40902;1;10267238;10267237;916102;916102;1031877;829679;3398582;0;3845;6914208
A10-2019;40903;1;3928499;3928501;198387;360700;973449;902220;939280;0;914;9039533
A10-2019;40904;1;3566339;3504772;1054943;1196551;621968;478814;1667008;0;1884;3147429
A10-2019;40905;1;13207538;13207539;776262;599200;3778313;2009226;3994616;0;4502;2341933
A10-2019;40906;1;4259564;4185477;2809688;2534989;698954;442057;978535;0;1062;5964220
A10-2019;40907;1;16049768;16049768;4192878;4034416;5489743;2119410;5892392;0;6599;8366489
A10-2019;40908;1;12862506;12863061;2778383;2926254;2686068;2021757;5189919;0;5859;7196111
A10-2019;40909;1;7647592;7647593;1009027;1113848;1873309;744100;3242007;0;3648;5849437
A10-2019;40910;1;5438807;5452557;277145;701145;1861383;797445;2043549;0;2280;2204621
A10-2019;40911;1;1509812;1624233;633319;690675;85325;135892;417538;0;482;3984322
A10-2019;40912;1;10586305;10584472;2436727;2565155;2499671;1169259;4649713;0;5248;9578933
A10-2019;40913;1;9653765;9653767;1532082;1532082;1643797;834349;2439880;0;2746;7836797
A10-2019;40914;1;1959934;1973819;927012;826132;286756;203224;591375;0;662;1636005
A10-2019;40915;1;4046353;4046356;635321;659953;509556;528749;1710799;0;1889;3356888
A10-2019;40916;1;1381269;1381271;367510;334350;155676;112803;317689;0;361;2388343
A10-2019;40917;1;7206711;7206711;1713297;1713296;1205296;1254006;2534789;0;2851;3617246
A10-2019;40918;1;6628230;6372619;1071536;1063417;1722881;809500;2118721;0;2239;5477334
A10-2019;40919;1;1386360;1386360;163384;138745;120686;84093;731303;0;828;1267820
A10-2019;40920;1;3983722;3983722;821259;1351968;315935;475153;1778087;0;2024;4035636
A10-2019;40921;1;2269050;2269053;453615;570419;222864;262843;752455;0;808;2353728
A10-2019;40922;1;6498246;6498246;844487;869946;1595235;1049116;2649875;0;2985;2947708
A10-2019;40923;1;7037612;7035487;1065803;858693;960316;1151941;2184324;0;2408;4476969
A10-2019;41001;1;3678783;3678784;1332096;832868;1537279;454511;1054081;0;1174;2150608
A10-2019;41002;1;42398012;42376274;3651555;4159145;9821467;7137007;16337784;0;16170;9106677
A10-2019;41003;1;17180938;17180939;3379541;2819336;4165084;2763976;5881758;0;6608;13263
A10-2019;41004;1;3184092;3184092;636659;338611;625569;280593;786128;0;943;1003104
A10-2019;41005;1;33499251;33499251;11775496;11775496;8880831;5990001;12063104;0;11922;4685012
A10-2019;41006;1;2973262;2973086;527774;782409;311882;455581;1218569;0;1377;3987757
A10-2019;41008;1;4699757;4699758;1520341;2011793;418220;592736;1666774;0;1894;2930033
A10-2019;41007;1;19970931;19970931;2830604;2830604;8301338;2572800;5410111;0;6033;1132567
A10-2019;41009;1;5155717;5178950;1547752;1831223;886954;684402;2487734;0;2801;2532277
A10-2019;41010;1;4944907;4944839;1876248;2898258;778520;962569;2072269;0;2351;2219485
A10-2019;41011;1;6827428;6827426;1562190;1183932;902078;1053129;3001498;0;3381;1689987
A10-2019;41012;1;74594777;74494403;5933259;5933259;18482956;9021697;34382027;0;28596;6762603
A10-2019;41014;1;13837329;13264223;3634283;3482273;2202423;1811466;5523765;0;6246;5382229
A10-2019;41015;1;4526754;4526752;1175216;1143761;448648;651812;1826953;0;2064;5696228
A10-2019;41016;1;4627618;4629294;2247839;2719743;1034783;781276;1852706;0;2088;9858311
A10-2019;41017;1;21965629;21965629;3262935;3383823;10430257;2989491;6716014;0;7557;13339088
A10-2019;41018;1;3020802;3020802;553650;626037;260702;382693;1673974;0;1894;1463598
A10-2019;41019;1;9393802;9393990;2127213;1513118;1922888;1666992;3471677;0;3920;111726
A10-2019;41013;1;17065367;17065369;1711089;2470658;7075560;2135345;5524832;0;6161;5629777
A10-2019;41020;1;10403983;10403982;1385356;1727347;1598913;2018546;4195204;0;4743;941511
A10-2019;41021;1;66716208;66716209;4003730;4003730;13745536;6265779;29376319;0;24447;9959130
A10-2019;41022;1;11082385;11082385;1606580;1557240;1341668;2093223;5229325;0;5908;2249104
A10-2019;41101;1;2622220;2563751;150701;60743;289744;256548;1107459;0;1255;1976712
A10-2019;41102;1;3349759;3349758;149755;227352;598525;606133;1283491;0;1450;4453573
A10-2019;41108;1;4365360;4365361;281917;177025;581645;378339;2059085;0;2285;2885106
A10-2019;41103;1;4374405;4374921;673961;762388;939694;855161;1542725;0;1734;5502907
A10-2019;41104;1;2038757;2038758;419657;581808;190605;147381;887521;0;1012;1535275
A10-2019;41105;1;6430859;6430858;1001769;1074605;1049575;972416;2594200;0;2937;6260042
A10-2019;41106;1;6519717;6524701;2444827;5125568;745242;1065399;2708471;0;3083;2352508
A10-2019;41107;1;2036146;2032044;547212;637238;252784;286133;808106;0;919;3032163
A10-2019;41109;1;4811165;4811166;688364;719298;795060;742472;2242119;0;2536;988174
A10-2019;41110;1;9232508;9232507;1212812;2031318;1584183;1441579;3576677;0;4067;3843113
A10-2019;41111;1;11117767;11117766;1220055;1260324;2407753;1790813;4372832;0;4938;2811152
A10-2019;41112;1;3564766;3564767;605857;944747;323444;558877;1514561;0;1724;6070181
A10-2019;41113;1;4642867;4642867;1388364;1149373;1064815;1010690;1600617;0;1802;5513760
A10-2019;41114;1;7922547;7922547;2093342;1830397;1501876;1002627;3291626;0;3695;1873858
A10-2019;41115;1;3569305;3569306;1595152;1347176;577313;307575;1505408;0;1702;3600187
A10-2019;41116;1;23101584;23180524;4038046;3884942;7056349;3489104;7474223;0;8371;10614389
A10-2019;41117;1;2270479;2270480;919607;842021;207213;234582;887803;0;997;3829672
A10-2019;41118;1;7320792;7267591;3361081;2045163;637803;1167910;3690600;0;4202;11335314
A10-2019;41119;1;3966877;3966876;660794;498211;351751;275459;1766222;0;2012;4108256
A10-2019;41120;1;15940992;16185870;2406601;3059095;1322607;1629237;3612382;0;4100;8420233
A10-2019;41121;1;1779172;1779172;412576;331724;138468;203517;693063;0;790;1743032
A10-2019;41122;1;2007341;2007995;624241;558928;178664;114204;817895;0;925;1101649
A10-2019;41123;1;3727835;3727835;1931328;1735305;347451;501272;1605316;0;1824;3767111
A10-2019;41124;1;15792163;15781365;2257203;2145836;7380189;1967862;4794166;0;5347;6468170
A10-2019;41125;1;5107330;5107330;820923;566665;511392;558112;2525206;0;2876;4852220
A10-2019;41126;1;2937110;2937111;1477688;1502801;309430;374525;1336533;0;1516;2250249
A10-2019;41201;1;1376135;1376135;203183;160350;224727;115718;674658;0;763;411962
A10-2019;41202;1;2034688;2028590;550446;382357;392924;253155;958637;0;1083;1633802
A10-2019;41203;1;7067687;7067688;3072732;3030239;2436920;916046;2679706;0;3000;2446773
A10-2019;41204;1;7950532;7950531;2421226;1332035;1335070;886955;2971643;0;3357;7719529
A10-2019;41205;1;1589579;1589838;349556;441819;140020;171255;717863;0;813;1038855
A10-2019;41206;1;1139247;1135583;51194;164678;105516;119388;457570;0;519;1615217
A10-2019;41207;1;4392870;4344230;439815;528522;1047809;1026551;1389092;0;1445;0
A10-2019;41208;1;3784639;3793879;414496;92475;1825857;350563;1068799;0;1192;4461367
A10-2019;41209;1;4795579;4795577;2848452;2598152;1350319;628872;1984953;0;2226;7393486
A10-2019;41210;1;1470829;1470828;376692;188291;168562;133008;572302;0;644;653061
A10-2019;41211;1;1585121;1585014;1366104;1389238;295000;191912;633494;0;714;2769454
A10-2019;41212;1;2403272;2412273;866974;494715;454125;235881;1142864;0;1291;2901955
A10-2019;41213;1;4104969;4104967;1480853;1341663;838790;438128;1973101;0;2232;2258664
A10-2019;41214;1;7680673;7950833;662148;993532;1106789;602270;2086837;0;2371;1364336
A10-2019;41215;1;4924583;4925576;2343669;1922034;727907;452323;2076815;0;2360;5108484
A10-2019;41216;1;629010;629010;105907;123098;65980;51211;292531;0;331;137559
A10-2019;41217;1;1360158;1370871;561229;604895;175196;163288;585450;0;658;1662551
A10-2019;41218;1;5127584;4612206;1062974;1337638;728087;694098;2116550;0;2410;3108227
A10-2019;41219;1;3406485;3436868;1745075;1834419;330040;584542;1429261;0;1614;2692943
A10-2019;41220;1;3285945;3290392;923057;1255478;924701;369378;1139048;0;1281;1736606
A10-2019;41221;1;1773594;1773592;2363166;2295534;163198;196863;812765;0;919;3175167
A10-2019;41222;1;1473141;1473141;106872;97154;95200;176693;618031;0;699;1722370
A10-2019;41223;1;1943949;1924852;101255;79914;393554;240740;909577;0;1027;1307182
A10-2019;41224;1;5864911;5949505;3235851;4169500;3143986;482741;1352521;0;1503;1061999
A10-2019;41225;1;40649595;40649594;10674898;10674897;12497942;5263279;12032224;0;11909;12964424
A10-2019;41226;1;1313695;1313696;350527;211620;162275;117700;499206;0;564;1754053
A10-2019;41227;1;1717671;1720100;385822;309277;180168;201464;786769;0;889;1275202
A10-2019;41228;1;6611422;6611423;1138508;1296288;2637463;756531;1851370;0;2057;2675393
A10-2019;41229;1;2252646;2196078;188878;257012;225759;248992;1074401;0;1225;1365632
A10-2019;41230;1;1552216;1549296;515732;542942;265855;174580;676318;0;764;1017259
A10-2019;41231;1;4857360;4857093;675134;631733;592264;474135;2112777;0;2409;5941705
A10-2019;41232;1;4319676;4102294;2253639;1917442;1385813;570858;1418490;0;1599;3421323
A10-2019;41233;1;3096958;3094031;396449;436642;619981;400159;1356084;0;1532;4904925
A10-2019;41234;1;4209085;4209277;5060162;7002223;581687;446515;1910838;0;2177;6952774
A10-2019;41235;1;1295327;1295327;280442;172450;137586;141678;539992;0;609;952408
A10-2019;41236;1;1076601;1076600;256189;202023;114441;123302;510755;0;577;716115
A10-2019;41343;1;7500626;7500626;3481109;3516856;1479642;1129653;2898479;0;3199;7877609
A10-2019;41304;1;4658354;4658127;1620107;2391573;1051274;753811;1955696;0;2211;6152206
A10-2019;41305;1;2598212;2598212;445381;434957;371553;303392;1021781;0;1155;3727631
A10-2019;41306;1;888385;875180;51638;51638;52575;67723;392124;0;443;2415083
A10-2019;41307;1;1602556;1602938;291019;178118;146532;123995;491273;0;555;854809
A10-2019;41309;1;5252961;5219448;1284340;1204605;829708;755324;2234096;0;2526;7578953
A10-2019;41345;1;3364432;3247669;1521283;1220774;393673;342837;1426054;0;1514;2760755
A10-2019;41312;1;4986683;4990189;586920;542454;794551;420777;1344824;0;1515;8828049
A10-2019;41311;1;794163;794163;401703;361917;56785;62512;371829;0;420;1017888
A10-2019;41313;1;3073676;3053438;519858;514910;215313;356803;1345343;0;1530;4611395
A10-2019;41314;1;2404386;2404388;286025;357410;323518;292710;927898;0;1052;3391925
A10-2019;41315;1;3148083;3136867;696099;751844;300011;377837;1182493;0;1316;4550556
A10-2019;41316;1;3330379;3330401;1806680;1699848;488389;438391;1377204;0;1560;2259320
A10-2019;41317;1;2759045;2854658;272299;164190;401346;348580;1329612;0;1516;1921543
A10-2019;41318;1;3661527;3656658;1865309;2084384;699637;471800;1368088;0;1531;3239571
A10-2019;41319;1;1204518;1204519;232235;229648;78771;94362;443894;0;501;1844244
A10-2019;41320;1;1470025;1440421;736162;817461;305688;159509;559175;0;630;336470
A10-2019;41321;1;4204105;4170526;242981;242981;1035752;455892;1146181;0;1283;4803335
A10-2019;41329;1;3084072;3048594;300968;314565;495363;350370;1299610;0;1458;4063767
A10-2019;41322;1;2215560;2144098;248364;272364;226280;143505;864701;0;983;2436418
A10-2019;41323;1;4517520;4517432;675467;1147994;702711;428169;1611191;0;1817;5814951
A10-2019;41324;1;2047935;2047935;384048;275383;165506;204507;635832;0;725;1066944
A10-2019;41325;1;3211409;3211410;712538;712538;704363;349910;1331104;0;1505;3515281
A10-2019;41326;1;3117991;3117990;726737;687801;419573;313826;1349215;0;1537;4357386
A10-2019;41327;1;3307786;3307786;738885;767585;344105;267705;1308331;0;1479;3352747
A10-2019;41328;1;2936548;2936548;1117108;1117108;443445;271405;1383039;0;1573;4958390
A10-2019;41344;1;13434207;13434208;4027670;3555081;3322033;2004008;4579929;0;5161;10369608
A10-2019;41331;1;2115719;2115719;625463;606526;243021;173363;904649;0;1028;1425951
A10-2019;41332;1;8622204;8614522;1650439;1947038;1867913;971394;3337740;0;3769;3457959
A10-2019;41333;1;1110255;1110254;486658;441207;85946;87250;435027;0;496;1455905
A10-2019;41334;1;3554221;3552254;2423768;2535250;585819;335845;1558733;0;1763;8598184
A10-2019;41346;1;2374038;2374040;472503;481870;228202;278314;996245;0;1202;2826344
A10-2019;41336;1;1184227;1184226;640562;752566;117993;116969;559540;0;633;439644
A10-2019;41337;1;2584709;2584707;890740;948718;391636;249543;1055887;0;1204;3283383
A10-2019;41338;1;5178410;5066857;1039311;1039311;1706975;418795;2042395;0;2285;2206968
A10-2019;41341;1;1696315;1696315;592202;685843;172256;145592;508876;0;569;3288023
A10-2019;41342;1;6402989;6329360;1655209;1472514;1158190;887654;2536902;0;2832;7183886
A10-2019;41401;1;1436735;1436736;350223;456676;100609;153802;619605;0;700;2221043
A10-2019;41402;1;10433169;10321237;3622431;3833834;2045632;1501472;4583707;0;5177;18211635
A10-2019;41403;1;3962976;3962977;623265;350897;536570;575246;1801420;0;2035;4253147
A10-2019;41404;1;2835601;2786397;517128;529180;258354;218707;1398112;0;1583;1193407
A10-2019;41405;1;2293273;2443196;159766;143194;669046;246420;919820;0;1034;2091413
A10-2019;41406;1;2563988;2599728;148018;37747;252384;243726;1160899;0;1320;1913346
A10-2019;41407;1;2522569;2522604;1781823;1626669;355624;349968;827058;0;934;2644933
A10-2019;41408;1;3610210;3610211;964399;1207696;559438;286737;1561967;0;1781;3358852
A10-2019;41409;1;5607608;5585149;995145;939156;514868;513113;2509868;0;2856;3812729
A10-2019;41410;1;4332105;4320263;1611975;1334201;1373937;450974;1286872;0;1441;3516198
A10-2019;41411;1;4339175;4339176;548278;557973;1134783;444098;1782528;0;2001;8266208
A10-2019;41412;1;463348;467113;178001;178001;21027;9010;288387;0;325;0
A10-2019;41413;1;5324034;5321446;1272596;1018763;706656;674522;2295379;0;2600;956146
A10-2019;41414;1;4695982;4695982;1893681;1710196;725956;606989;2014478;0;2277;4459227
A10-2019;41415;1;2778803;2778358;702011;846648;263154;307758;1298169;0;1472;3681886
A10-2019;41416;1;4293126;4248020;183330;163309;1015465;656556;1823385;0;2060;992555
A10-2019;41417;1;3607425;3595974;761814;889808;408875;339020;1380260;0;1565;4294075
A10-2019;41418;1;7930562;7903466;990102;845564;2998006;1139299;2821019;0;3151;7615041
A10-2019;41419;1;4579299;4246171;809555;1189846;1193565;492029;1619974;0;1825;6641051
A10-2019;41420;1;3049202;3049201;1044629;1506689;362779;295346;1504860;0;1713;2341550
A10-2019;41421;1;2280533;2276857;372025;437782;454197;175523;974585;0;1101;2498897
A10-2019;41423;1;4801933;4657908;2125556;2333685;618930;503991;2112908;0;2409;5635475
A10-2019;41422;1;15414157;15446871;3233548;2772562;3658011;2265175;4617337;0;5194;6625642
A10-2019;41424;1;2226601;1965668;416784;520912;435633;161373;745859;0;839;895653
A10-2019;41425;1;3288604;3643461;732304;395753;842949;578829;1329839;0;1496;3792085
A10-2019;41426;1;6680076;6676083;1950945;1994624;1702174;735867;2607204;0;2938;6132872
A10-2019;41427;1;1572091;1450868;292555;401328;143009;197975;546002;0;621;1235210
A10-2019;41428;1;2391744;2391744;356075;465769;339029;303156;1054625;0;1179;2994450
A10-2019;41429;1;3233170;3267501;932535;864594;575231;557139;1382247;0;1563;4331340
A10-2019;41430;1;3640236;3682406;693925;491402;666402;434810;1780315;0;2009;2920520
A10-2019;41501;1;4149070;4150931;861457;945967;1007876;680339;1601716;0;1807;2399044
A10-2019;41502;1;3863031;3864399;667460;582974;431245;666839;1991564;0;2261;2111308
A10-2019;41503;1;13708748;13697517;6776079;5702715;3035368;2571802;4910498;0;5308;7448840
A10-2019;41504;1;7735200;7735199;1158142;1406142;2384011;946105;2889754;0;3221;689861
A10-2019;41505;1;3673827;3600617;236754;180516;629023;412966;1725292;0;1947;858625
A10-2019;41506;1;12345236;12341101;2748707;2748705;1701342;2299122;5887619;0;6680;3455771
A10-2019;41507;1;5560318;5559384;1130012;1130012;959910;635030;2404007;0;2701;6410127
A10-2019;41508;1;2460752;2460751;895558;895558;248613;207540;1094623;0;1234;796391
A10-2019;41509;1;3853961;3853961;697805;720805;976979;537135;1453578;0;1610;2011934
A10-2019;41510;1;3370260;3369931;1422571;1422571;305026;322252;1389120;0;1583;2992737
A10-2019;41511;1;3679333;3679334;466608;376409;560387;633781;1970155;0;2245;448090
A10-2019;41512;1;3616107;3612071;640331;640331;417621;503902;1539335;0;1738;4741796
A10-2019;41513;1;2865454;2865453;363377;278874;581419;362011;1216143;0;1373;859631
A10-2019;41514;1;5836972;5834335;1585726;1469142;1199826;880678;2645866;0;2982;1760468
A10-2019;41515;1;2422994;2425441;539357;533983;508436;239455;1085903;0;1226;1626506
A10-2019;41516;1;17718631;17718630;4321035;4208157;2777387;3073305;8496585;0;9357;10676432
A10-2019;41517;1;6531064;6582627;596756;499565;1310752;1000299;2968174;0;3352;7592350
A10-2019;41518;1;4444344;4444344;756437;1199689;1262295;596390;1993132;0;2243;2706036
A10-2019;41522;1;9659920;9659922;4507265;4302299;1204858;1323042;3796438;0;4252;9110062
A10-2019;41521;1;6533600;6533398;465996;499095;1883264;1030784;2806614;0;3160;2370185
A10-2019;41601;1;7662615;7662614;4646559;4646560;797201;1204270;3589691;0;4077;4871326
A10-2019;41602;1;8922462;8923408;3093729;2934105;1223278;1420521;4013447;0;4532;6604275
A10-2019;41603;1;9761074;9761032;1315506;1422090;2392765;1679374;3803087;0;4200;4175650
A10-2019;41604;1;3942718;3942097;751270;825254;397153;384429;1861643;0;2107;3141580
A10-2019;41605;1;17082435;17082435;3290175;3290175;2592887;2722780;7770481;0;8785;3947485
A10-2019;41606;1;11276117;11276118;3252469;3097922;1826508;1530788;4771780;0;5363;4347849
A10-2019;41607;1;13557910;13557911;3575730;3575730;2669282;2379386;5720368;0;6495;1430374
A10-2019;41608;1;1547128;1547128;242541;242541;235563;176344;744530;0;841;311084
A10-2019;41609;1;9774979;9772449;2636147;2553034;1145764;1261093;4531481;0;5129;5940445
A10-2019;41610;1;1727288;1727235;318806;275426;173512;191536;800056;0;904;1487668
A10-2019;41611;1;4923239;4852245;1194256;1676692;749146;855259;1988316;0;2267;1661848
A10-2019;41612;1;5899993;5899993;1536487;1567993;832881;684077;2203184;0;2512;9202950
A10-2019;41613;1;4786535;4786537;601657;425614;878430;723725;1928993;0;2144;3213170
A10-2019;41614;1;5577688;5577687;872061;1198751;842451;864973;2335010;0;2643;4230709
A10-2019;41615;1;5708462;5708461;1976366;2171313;898009;569138;2835002;0;3201;5350742
A10-2019;41616;1;1108062;1107985;119575;230596;78317;117125;477301;0;540;1173504
A10-2019;41617;1;10431177;10431207;2619672;2091288;1589389;1698149;4151423;0;4696;1979715
A10-2019;41618;1;8861915;8852968;2374934;1722907;1010697;2139486;3929448;0;4442;5028364
A10-2019;41619;1;3398917;3396113;1104070;946523;272652;360005;1175156;0;1338;1950231
A10-2019;41620;1;3625627;3625628;3815459;4621640;626460;804234;1347175;0;1523;5757004
A10-2019;41621;1;2600686;2600685;172081;293544;219378;392644;1174351;0;1332;1348180
A10-2019;41622;1;3017736;3017737;371083;403090;412439;454420;1389951;0;1579;6208822
A10-2019;41623;1;1849500;1849501;349154;263595;277598;185935;853267;0;964;1090129
A10-2019;41624;1;11129745;10779161;3032321;2676310;2757121;1787368;4354984;0;4899;3070473
A10-2019;41628;1;6025820;6026033;1006413;1258915;673661;615992;2365469;0;2655;4847831
A10-2019;41626;1;8264150;8126647;735130;589792;1281938;1122516;3631483;0;4102;3318315
A10-2019;41627;1;3174782;3174780;757523;645404;438625;370603;1546259;0;1763;2560691
A10-2019;41701;1;7374890;7374892;1778378;1299289;1190717;1112916;3108568;0;3386;6290000
A10-2019;41702;1;4031391;4107171;1205762;1146759;984066;711546;1453838;0;1596;782321
A10-2019;41703;1;24452154;24328103;4232243;2796688;5751357;3099541;7971134;0;8964;3518129
A10-2019;41704;1;2596012;2566680;406881;313320;656436;305659;1068683;0;1201;1288525
A10-2019;41705;1;2784174;2731050;502385;289052;276258;403118;1500849;0;1711;1279799
A10-2019;41706;1;2000211;1946807;227018;227018;364332;205546;987331;0;1042;714991
A10-2019;41707;1;3225241;3144417;810015;891239;505977;367579;1637101;0;1852;942389
A10-2019;41708;1;1828015;1823552;170754;374073;304823;162883;867207;0;980;936600
A10-2019;41709;1;13989886;13981681;600634;380709;2172297;1290809;4279745;0;4830;7426345
A10-2019;41710;1;12121555;12121400;1706981;1653771;2352525;1353796;3236427;0;3642;7812917
A10-2019;41711;1;8766933;8161743;4891869;4239869;2466121;637301;2610535;0;2926;3090377
A10-2019;41712;1;2810060;2814126;389938;392255;520347;378918;1093253;0;1186;0
A10-2019;41713;1;26269136;23863748;3262466;4435332;9362155;1902239;4521028;0;5035;4967856
A10-2019;41714;1;1304308;1306881;563647;552547;116924;168655;704473;0;797;839302
A10-2019;41715;1;14142231;14062306;4979238;1258064;3609185;1781297;3370467;0;3708;6177599
A10-2019;41716;1;5128593;5128595;797667;912315;1074723;503716;2247189;0;2546;3952835
A10-2019;41717;1;1855470;1816199;475587;430477;153696;235043;980688;0;1118;1663263
A10-2019;41718;1;3342548;3309631;896538;866538;1047505;678224;1072429;0;1139;1423696
A10-2019;41719;1;2989477;2970779;360477;252378;607063;512273;1456150;0;1642;270934
A10-2019;41720;1;2400797;2324681;237503;316405;546650;294898;1248204;0;1407;1084774
A10-2019;41721;1;3116439;3121697;710869;438864;790573;334621;1509325;0;1700;0
A10-2019;41722;1;8261063;8604737;1958882;1384755;989903;1011740;3523346;0;3996;3196773
A10-2019;41723;1;3083221;3059940;305777;305777;320061;362329;1313652;0;1484;4885
A10-2019;41724;1;1130787;1117896;123847;123847;113005;118691;551460;0;623;381838
A10-2019;41725;1;1475701;1473640;103419;103419;109105;99049;457575;0;517;26539
A10-2019;41726;1;4331659;4331610;1171863;1663481;687655;621539;2013602;0;2388;5719914
A10-2019;41727;1;2172756;2162756;831250;702896;281876;217252;917126;0;1041;1776750
A10-2019;41728;1;1089348;1064643;609115;447615;119482;108793;537631;0;613;181825
A10-2019;41729;1;1055603;1031074;255708;247589;220169;107117;476065;0;538;372294
A10-2019;41730;1;4075520;4254516;698076;698076;1606515;370306;1351597;0;1514;0
A10-2019;41731;1;13295318;13295317;2605421;3226441;3444292;1698476;6019114;0;6778;8321014
A10-2019;41732;1;3482721;3537753;2215436;2652486;852055;428586;1768254;0;2107;1593767
A10-2019;41733;1;782380;777749;426281;192624;54815;56380;266418;0;297;368852
A10-2019;41734;1;12894843;12866752;5401431;5373622;2157471;1572040;3996962;0;4388;5834930
A10-2019;41735;1;5212865;5205485;604851;524207;1042526;724672;2255337;0;2487;2151945
A10-2019;41736;1;2765781;2665343;806101;800008;512798;384294;1247019;0;1407;1212302
A10-2019;41737;1;8254334;8139673;1795419;1794293;2300783;1130676;3055074;0;3443;5354193
A10-2019;41738;1;13350161;13541608;7934526;8078849;2315705;1845505;3723449;0;4241;13429361
A10-2019;41739;1;11067738;10527886;10154340;9952062;1994344;1744200;4902187;0;5499;8024982
A10-2019;41740;1;3000145;2994161;940717;1064995;831101;761344;845498;0;873;1351447
A10-2019;41741;1;2905312;2899187;1338784;1185955;560671;312292;1336366;0;1471;3196432
A10-2019;41742;1;7712477;7711269;1193219;1166145;1466106;985741;3612872;0;3982;1056189
A10-2019;41743;1;15572739;15569019;2379062;1712979;1789092;1930843;5059194;0;5722;3166489
A10-2019;41744;1;3018447;2989015;1444597;1431083;357921;282960;1310091;0;1489;1356922
A10-2019;41745;1;4978685;5040470;5228569;5684245;1914714;717808;1354698;0;1438;6803312
A10-2019;41746;1;38378901;38349665;8307165;7879336;9300668;5538810;12411043;0;12287;23318386
A10-2019;41747;1;13390387;13389264;1569161;1622366;2671186;1345733;4358853;0;4918;4371596
A10-2019;41748;1;2115496;2051401;21180;265814;463470;181750;859061;0;970;1384900
A10-2019;41749;1;3514508;3450984;1029235;881511;744746;642500;1461015;0;1583;945514
A10-2019;41750;1;4169181;4155190;598185;549063;799813;531631;1763447;0;1987;2199377
A10-2019;41751;1;3126601;3074073;1432217;1377546;852507;403781;1397200;0;1563;972344
A10-2019;41752;1;2145727;2146223;457201;489601;279009;246812;1094448;0;1241;392272
A10-2019;41801;1;1367904;1362583;147278;150315;319292;136767;511920;0;579;52382
A10-2019;41802;1;1545837;1545837;568881;473575;207258;242871;629327;0;711;1878472
A10-2019;41803;1;4852086;4852085;1132202;1250572;1124758;557958;2280694;0;2520;1809569
A10-2019;41804;1;7875789;7977738;1735300;2271710;1287692;1229027;3574605;0;4037;6485257
A10-2019;41805;1;9896532;9896533;2118862;1861814;2224000;751027;2313965;0;2632;3002073
A10-2019;41806;1;6063426;6023537;1322770;1285048;2288413;810637;1982006;0;2210;702870
A10-2019;41807;1;2835588;2809157;549855;360518;649554;307971;1177339;0;1330;613199
A10-2019;41808;1;23218759;23218761;9649224;7772443;6424173;2097707;5370518;0;5985;6443165
A10-2019;41809;1;2480896;2882943;898291;612466;841575;375801;892141;0;999;1054077
A10-2019;41810;1;6098801;6098801;559941;400754;1137025;1090646;2781904;0;3130;4794619
A10-2019;41811;1;7691107;7690772;2089355;1056365;1435150;1254794;3003532;0;3427;7110115
A10-2019;41812;1;36028283;35874674;7284378;7265524;11289400;4602563;13705810;0;13559;3949438
A10-2019;41813;1;1860041;1839549;656608;500602;338870;232630;809846;0;915;1710453
A10-2019;41814;1;3166376;3166376;382508;390401;456269;518437;1447411;0;1639;3873689
A10-2019;41815;1;2148251;2099619;1886621;2218605;295697;183910;787752;0;890;8181082
A10-2019;41816;1;6580400;6570684;1277830;1756394;1456675;1099985;2516584;0;2834;8240609
A10-2019;41817;1;11044316;11304223;2032545;2026580;6444074;1089760;2395074;0;2638;1238934
A10-2019;41818;1;3182000;3182001;529991;445111;337696;451627;1220294;0;1380;1605679
A10-2019;41819;1;3976379;4077600;1669833;1755852;687032;657535;1749941;0;1977;5525386
A10-2019;41820;1;9414057;9390233;2755494;1989335;1407349;1546184;4480647;0;5066;2375638
A10-2019;41821;1;5038827;4921862;1042925;945576;706789;671255;2107374;0;2387;1520539
A10-2019;41822;1;6113557;6219725;1616392;1786208;2948497;630572;1946078;0;2169;3368023
A10-2019;41823;1;13433927;13087737;2250189;1306110;4174404;2007138;4907712;0;5497;1598452
A10-2019;41824;1;7751755;7751754;714829;2131902;1987135;1034655;3018030;0;3403;1914959
A10-2019;50101;1;565409926;565409923;75346643;69167330;129994071;42702534;237728093;0;153173;71871597
A10-2019;50201;1;18633885;18620237;1359080;1021863;2439229;1492891;5740191;0;5843;8987386
A10-2019;50202;1;7070467;7118064;1539529;1539529;1768422;1062267;3391160;0;3567;45708
A10-2019;50203;1;5358172;5435637;104085;29085;954633;640594;2217139;0;2194;3017539
A10-2019;50204;1;11943735;12107238;6817046;7931164;1957176;1524807;4183210;0;4259;9469450
A10-2019;50205;1;67108825;67103087;11097728;10631105;10627909;8267535;28092598;0;21140;17945502
A10-2019;50206;1;1599370;1891020;311730;113270;144847;174326;877830;0;880;126501
A10-2019;50207;1;17610691;16704659;1433928;1433928;3150410;1791059;6920261;0;7270;1632161
A10-2019;50208;1;15842999;16033238;2027977;2027977;1185703;1161350;4153967;0;4316;0
A10-2019;50209;1;16790437;16500609;11535947;11495518;2782205;1603010;4486753;0;4687;11456368
A10-2019;50210;1;2035632;2035443;0;24878;369277;266535;791717;0;768;731663
A10-2019;50211;1;3788377;3753061;825225;791225;441090;429448;1656092;0;1722;1415461
A10-2019;50212;1;2644615;2839910;247987;265987;368369;305127;1326286;0;1392;1897732
A10-2019;50213;1;4892322;4835272;534660;826492;752288;755997;2137466;0;2087;1057178
A10-2019;50301;1;12794110;13804105;952707;953605;3516030;1779651;4078368;0;4176;7367003
A10-2019;50302;1;8567153;8499701;2304952;2304952;1514953;876025;3561034;0;3730;4543892
A10-2019;50303;1;20234502;20371127;1221127;1221127;6172688;1894197;5123556;0;5365;6124199
A10-2019;50304;1;4091332;4157609;2333063;2333063;474741;340476;1595595;0;1680;995824
A10-2019;50305;1;12802586;13552303;1982198;1810594;2391521;1619421;4663300;0;4920;775151
A10-2019;50306;1;3555256;3554769;506372;629147;273292;325289;1487193;0;1543;2577580
A10-2019;50307;1;3118408;3142392;705133;797495;221430;421610;1408695;0;1453;1000337
A10-2019;50308;1;8127612;8090393;449876;449876;1197276;1173062;2839278;0;2963;2201529
A10-2019;50309;1;13788117;15175310;931391;931391;3953109;1577175;5128624;0;5404;55150
A10-2019;50310;1;18369794;18946607;1769256;1108649;5755252;1967687;6650247;0;6928;1239396
A10-2019;50311;1;5552330;5534880;462088;244279;569630;742705;3016847;0;3105;1942175
A10-2019;50312;1;6734792;6985992;946903;1016769;3216073;804619;1592701;0;1522;1504530
A10-2019;50313;1;1601961;1581446;2442664;2489250;220914;151606;723143;0;768;610090
A10-2019;50314;1;23731158;23728059;5762928;5596904;4795423;2186441;6923068;0;7262;2767973
A10-2019;50315;1;5322836;5550014;795441;795441;799085;933639;2539774;0;2599;2023964
A10-2019;50316;1;8425103;9560137;1788075;1788075;2703984;1247311;3949636;0;4153;0
A10-2019;50317;1;11708290;11676515;3151413;3073067;2345043;1748852;4702331;0;4946;1086442
A10-2019;50318;1;1414035;1410364;0;0;116861;112709;444120;0;444;811251
A10-2019;50319;1;8708259;8873168;577147;577147;1840910;1387546;3474322;0;3579;406399
A10-2019;50320;1;5928906;5926492;256000;256000;1566350;452697;2490398;0;2626;1190019
A10-2019;50321;1;7298469;7385762;2599867;2826683;1438222;1053633;3318480;0;3452;542744
A10-2019;50322;1;9918002;10399541;1209723;1320235;2370628;1261345;3811882;0;4023;4491426
A10-2019;50323;1;12221790;12189896;1901941;1016451;1407116;1283639;3160934;0;3266;4869786
A10-2019;50324;1;13779148;13784440;4260081;4247915;3062097;1626342;5984466;0;6298;8699911
A10-2019;50325;1;6806345;7050229;631821;628137;846327;458412;2256210;0;2378;1917692
A10-2019;50326;1;30975139;31280899;15236214;15236214;2011391;2407031;5530024;0;5794;21390874
A10-2019;50327;1;13190575;13817832;4745480;2688759;2024538;1704138;4570899;0;4788;6136956
A10-2019;50328;1;1842340;3009132;606866;132220;526798;380445;1215655;0;1240;434635
A10-2019;50329;1;6680753;6820158;478508;631471;1056027;644674;2789370;0;2940;3725617
A10-2019;50330;1;16022830;15771439;263371;467326;2523480;2646032;4028748;0;3922;7830979
A10-2019;50331;1;2063937;2071736;868699;901793;195845;203547;1026827;0;1069;1061787
A10-2019;50332;1;4040667;4040655;1303602;1150360;519276;615923;1860235;0;1929;2404987
A10-2019;50335;1;17697008;17709811;4725231;4904821;4319267;1601364;7048586;0;7427;15271301
A10-2019;50336;1;8980489;9216766;918418;726161;1709562;1184269;3630469;0;3636;3421497
A10-2019;50337;1;15869794;15872326;2084934;2084934;3613307;1345533;5614886;0;5915;4905138
A10-2019;50338;1;45962160;45391098;9099219;9099219;16509358;4755350;14357274;1104868;13045;878258
A10-2019;50339;1;28733639;28725392;8609722;7438133;5642012;2825283;11881262;0;10758;2516774
A10-2019;50401;1;11814569;11978290;1407383;1407383;3825626;1892036;4543535;0;4199;3889007
A10-2019;50402;1;26122864;26124341;1617044;1675244;3730112;3580390;7548305;0;6913;6640860
A10-2019;50403;1;17178462;17184368;1292797;1292797;2468707;3318603;4770430;0;3971;1304598
A10-2019;50404;1;28397436;29361610;3394505;3394505;5269812;3543305;11656894;0;10541;305199
A10-2019;50405;1;3121539;3674777;698177;420451;562533;537141;1736964;0;1624;1100736
A10-2019;50406;1;5817225;5773505;882693;882693;1246712;730595;2418465;0;2421;4459471
A10-2019;50407;1;3370101;4189703;679583;108639;716643;684957;1788991;0;1470;404757
A10-2019;50408;1;9480832;10755867;1308589;863962;2663336;2231488;3696188;0;2786;1374050
A10-2019;50409;1;1520419;1642610;120689;138874;384664;194199;576473;0;540;1084200
A10-2019;50410;1;6087817;6136405;481216;481216;701298;680740;2506721;0;2538;3507792
A10-2019;50411;1;10157064;10534325;4068623;1936139;1967744;1575393;4241432;0;3825;8617323
A10-2019;50412;1;3133123;3134448;154308;154308;302277;330402;1448432;0;1483;447906
A10-2019;50413;1;1916900;1920314;3637065;2843500;210550;234850;914826;0;914;459308
A10-2019;50414;1;2417653;2401621;947310;940011;433173;482616;1020348;0;786;2226374
A10-2019;50415;1;4226846;4047790;60607;123990;648910;707283;1627764;0;1459;2737759
A10-2019;50416;1;6295552;6288405;1864276;2289274;722649;610042;2200009;0;2287;4000115
A10-2019;50417;1;12098319;12188525;2185011;2117850;2665199;1954399;4988466;0;4829;21233269
A10-2019;50418;1;28878918;30486842;18116320;17083936;7071605;2853766;12057160;0;10917;290
A10-2019;50419;1;3266860;3256258;222185;131205;421841;424638;1682122;0;1653;897728
A10-2019;50420;1;9282176;9922297;7289496;7269005;1564337;1072076;3673844;0;3798;3258170
A10-2019;50421;1;9179700;9548284;322016;322016;1164971;1539999;3426412;0;3503;3314961
A10-2019;50422;1;3598187;4103013;91079;91079;1135361;691838;993528;0;462;127092
A10-2019;50423;1;11061468;12383306;1102917;1102917;2458716;1262529;3738402;0;3090;2245222
A10-2019;50424;1;10751537;10316149;616313;732644;1432995;945273;2894763;0;3010;3507719
A10-2019;50425;1;2912755;2782431;390680;323377;381406;458075;1213227;0;1010;1298614
A10-2019;50501;1;1383159;1391179;0;1000;32218;67227;337526;0;338;1070802
A10-2019;50502;1;1340418;1643404;1634158;1634158;47747;95331;544819;0;557;1097010
A10-2019;50503;1;5092033;5326451;2198690;2293555;678903;642232;2382964;0;2377;2477167
A10-2019;50504;1;6668183;6625137;895103;1215258;947845;684995;1747385;0;1632;4671738
A10-2019;50505;1;1780480;2242194;1931076;1931076;80556;80035;497874;0;510;1208151
A10-2019;50506;1;2386895;2326807;398927;176126;226205;225595;1032895;0;1069;778190
A10-2019;50507;1;1648772;1603477;335569;314752;184634;163949;750002;0;770;246282
A10-2019;50508;1;1965025;1940772;392065;418452;410000;243297;755967;0;725;430091
A10-2019;50509;1;11135486;11949036;1423414;1423414;2161112;1214554;3653773;0;3534;4274384
A10-2019;50510;1;27161838;27074017;1930922;1194408;2545367;2253541;5567444;0;5707;10502865
A10-2019;50511;1;1161456;1088908;184285;286516;100669;80193;333685;0;335;701104
A10-2019;50512;1;3376627;3739735;104764;104764;1034676;625141;675297;0;260;170000
A10-2019;50513;1;2435785;2689712;833905;833905;667231;270255;984657;0;1034;1042559
A10-2019;50514;1;1039163;1011464;25007;25007;118881;82870;323762;0;307;191503
A10-2019;50515;1;2970841;2948433;466104;466104;205823;203334;1158345;0;1198;535687
A10-2019;50601;1;8092360;8020823;1517165;1517165;1537561;1130570;4043943;0;3945;9034502
A10-2019;50602;1;11569253;12412233;1465734;1044119;2052081;1435524;4721426;0;4697;3550276
A10-2019;50603;1;2397563;2391424;371233;371233;404363;322685;862815;0;755;492886
A10-2019;50604;1;2431928;2436855;987492;987492;360697;282734;828557;0;714;942045
A10-2019;50605;1;2908167;2899408;231957;171574;701779;342628;1215880;0;1211;1832312
A10-2019;50606;1;14861909;14781259;1244046;1244046;3448371;2614793;3944280;0;3164;6989998
A10-2019;50607;1;3389145;3617456;446832;446832;1066452;567002;1065774;0;837;14788
A10-2019;50608;1;3368191;3360437;238349;247372;654385;299920;1338929;0;1374;1161390
A10-2019;50609;1;12309162;12486973;4003747;4036411;2341192;1830545;3694655;0;3244;6613267
A10-2019;50610;1;5791861;5898673;720050;912615;897230;679988;2137166;0;2032;2313289
A10-2019;50611;1;8979421;8981926;180056;180056;2464919;1477723;3593612;0;3591;582297
A10-2019;50612;1;7522335;7586533;290237;290237;2016182;1403435;2718309;0;2200;2255574
A10-2019;50613;1;24406973;24410739;1298101;1753871;3227822;2042963;5349676;0;5375;3513002
A10-2019;50614;1;8231538;8232021;3678153;3708780;1453513;891168;2790372;0;2526;14277100
A10-2019;50615;1;4523505;4903059;3554719;2503103;623827;585453;2634585;0;2690;237384
A10-2019;50616;1;10511132;10572773;2506963;930908;1959268;981031;3790733;0;3800;3240411
A10-2019;50617;1;7823828;7823880;2043184;1765818;1085283;936452;3188655;0;3044;5403229
A10-2019;50618;1;17594073;18112258;7441359;7789660;4836094;3019153;4710469;0;2845;8686181
A10-2019;50619;1;46311697;46256567;5233359;4464283;7089167;5136053;18506595;0;16704;8294094
A10-2019;50620;1;2731142;2731591;595829;770834;565466;516610;1261429;0;1152;2197937
A10-2019;50621;1;3525808;3481656;349188;354174;419546;329206;1567031;0;1616;4028668
A10-2019;50622;1;6792642;7565642;442853;442853;568487;584450;2671971;0;2765;5035322
A10-2019;50623;1;5026879;5031495;1276303;1322384;984569;585570;1962030;0;1956;3961480
A10-2019;50624;1;6174050;6263351;4955311;5065922;1131017;693948;2983325;0;2986;9655177
A10-2019;50625;1;2025822;1948922;258138;854794;305858;280343;744747;0;600;1045164
A10-2019;50626;1;3928867;3911695;383911;83911;968854;881683;1435960;0;1104;1688384
A10-2019;50627;1;1569351;1603346;255843;547723;125710;115141;437681;0;436;1312422
A10-2019;50628;1;42411378;42150734;11207058;11207058;7965067;6559064;10965315;0;9774;17861599
A10-2019;60101;1;1067244169;1114828109;459817000;459817000;213426778;87683521;382294582;713129;285430;1131761472
A10-2019;60344;1;37026588;36691800;8398502;6739596;7391368;5275876;10951878;0;11606;6418247
A10-2019;60345;1;13103921;13103922;7601242;6326227;1676577;1251159;5407601;0;6495;12860888
A10-2019;60305;1;6739643;6980203;2060834;2051206;1930022;1057923;2401038;0;2885;3245882
A10-2019;60346;1;7516504;7516503;3034930;2995677;1395066;684524;3468950;0;4178;7596359
A10-2019;60318;1;13112981;12184452;4162750;4162750;6549533;720399;2887573;0;3462;210531
A10-2019;60323;1;3497319;3348449;922921;568943;472255;656659;1344754;0;1624;2784480
A10-2019;60324;1;4154990;3984439;1430156;863041;776688;469335;1470382;0;1772;5702520
A10-2019;60326;1;2417628;2417629;601529;360254;299534;352481;1317455;0;1587;1408878
A10-2019;60347;1;5489843;5489842;2446032;1987384;1308247;497308;2529429;0;3044;3440927
A10-2019;60329;1;2367220;2367221;524139;643344;470050;242950;1054177;0;1267;1919753
A10-2019;60348;1;6992641;6667812;5717457;5418348;739042;707837;2978556;0;3566;8137335
A10-2019;60349;1;8485829;8526072;3939658;3322352;1355732;980860;3841812;0;4573;3294804
A10-2019;60350;1;16574398;17111845;3105801;3433819;2494666;2052085;7200002;0;8650;11012729
A10-2019;60341;1;3466651;2899103;1134899;1134899;637614;388362;1316964;0;1586;1931793
A10-2019;60351;1;10311762;9932135;5678929;5083379;1453732;873437;3687914;0;4433;11708114
A10-2019;60659;1;9824227;9824228;8699363;9555185;1052227;1262295;3548199;0;4282;9672990
A10-2019;60660;1;7061488;7549601;5567601;5567601;2189151;833863;2923611;0;3531;6196600
A10-2019;60661;1;11640703;11272585;3796770;3534405;1704973;1363860;5485123;0;6602;1675941
A10-2019;60608;1;16340856;13928563;2418346;2419742;4383289;1785875;5263663;0;6315;1224874
A10-2019;60662;1;9888021;10322126;6085816;6242264;1408122;1236093;3956081;0;4765;5890434
A10-2019;60663;1;20781019;20048446;4035259;4403074;3723740;2585192;5545108;0;6662;21663426
A10-2019;60611;1;7531644;7526943;7883598;7213523;2128873;656714;3323393;0;3989;8317390
A10-2019;60613;1;24536409;25433985;13898867;12734448;7768876;2433706;6561763;0;7880;23301456
A10-2019;60664;1;22820918;22539433;8092593;7094688;2960322;3001841;12375710;0;12984;3131905
A10-2019;60617;1;15437381;15121942;1419423;1241996;5918037;1438593;4138543;0;4960;12896504
A10-2019;60618;1;2447954;2349128;761153;761153;416191;391657;1161465;0;1399;187558
A10-2019;60619;1;6975640;6747620;1797921;1797921;1536169;722649;2691527;0;3243;989087
A10-2019;60665;1;10778823;10821784;2469875;2462478;1115625;1424811;5898539;0;7120;533379
A10-2019;60623;1;4724248;4811316;1543956;1543956;561963;503416;2324037;0;2802;2404966
A10-2019;60624;1;19877147;19902883;7875320;7875320;7404885;2218462;5750137;0;6860;6424396
A10-2019;60626;1;7299120;5861091;1721553;1830348;617352;792695;3191161;0;3854;1525175
A10-2019;60628;1;6701650;6731493;2179181;1254479;1322412;1108754;2409157;0;2794;11432556
A10-2019;60629;1;11384405;11153546;4653958;5013556;3278743;1169605;4237284;0;5099;11325351
A10-2019;60666;1;5370440;5225940;926685;902595;491531;567235;2191297;0;2642;6848963
A10-2019;60632;1;6166244;5304123;2959195;2967540;2102005;777127;1836102;0;2202;835590
A10-2019;60670;1;19611689;19291866;5966678;5966678;10127794;1711167;5117525;0;6052;1314829
A10-2019;60667;1;18221534;18742806;3493848;3465577;9744662;1553264;3657924;0;4402;3884255
A10-2019;60639;1;2131782;2435976;641103;455460;521653;409558;1187865;0;1434;0
A10-2019;60668;1;6027804;5998727;2397459;2384885;536067;618544;3028093;0;3657;2375917
A10-2019;60641;1;2181719;2106304;830329;1574553;184631;256473;1025070;0;1238;3550441
A10-2019;60642;1;4494224;4590623;2090054;2161541;556485;560694;1888334;0;2164;2283778
A10-2019;60669;1;29041334;29041335;5048553;4868605;10036972;2796237;10510373;0;11136;1189497
A10-2019;60645;1;6647182;6411526;6405238;6537724;931430;684422;2783460;0;3328;13213671
A10-2019;60646;1;5501085;5424210;2629983;2256241;716768;1100732;2416711;0;2911;6990468
A10-2019;60647;1;1129294;1129294;317828;220603;54744;151651;600319;0;725;245312
A10-2019;60648;1;4614319;4754332;5717145;5374317;452178;502335;1885340;0;2273;8784114
A10-2019;60651;1;4030523;4039880;2572233;2374768;962789;757472;1698161;0;2030;4197746
A10-2019;60653;1;6555835;6625872;4377450;4406662;856243;737358;3766571;0;4540;3779874
A10-2019;60654;1;4795485;4806739;3980899;3980899;661317;432314;2191928;0;2613;4219346
A10-2019;60655;1;7140315;5925029;3778717;3693361;2530175;616393;1970815;0;2374;2290707
A10-2019;60656;1;4131417;3962224;1877484;1848921;1875101;522414;1314206;0;1583;219450
A10-2019;61001;1;2720289;2720292;485266;471445;349506;546682;1216210;0;1465;4730937
A10-2019;61002;1;2965264;2543344;1529733;2920350;298688;377114;842744;0;1013;3448910
A10-2019;61049;1;7757492;7511508;3924731;2903899;995974;1097472;2186214;0;2550;5241703
A10-2019;61007;1;2615129;2487912;532269;475591;351770;432901;1141520;0;1375;1585079
A10-2019;61008;1;4087829;4087829;675893;714344;811814;255984;1017874;0;1226;941096
A10-2019;61050;1;8223830;8223830;3511948;3007630;909663;1476832;2799886;0;3250;5159121
A10-2019;61051;1;6080040;6080042;2113861;2353298;1165251;1017553;2344323;0;2812;6508915
A10-2019;61012;1;5341550;5469524;4610891;3899481;1379645;804320;1991192;0;2385;5326551
A10-2019;61013;1;4161440;4233177;984501;779586;543310;460327;1909275;0;2293;1554087
A10-2019;61052;1;4978236;4978235;1399584;1285996;592971;878617;2309138;0;2778;5896508
A10-2019;61016;1;3580795;3580795;844798;993856;467999;585908;1639050;0;1972;2665085
A10-2019;61017;1;3232116;3235034;1512133;884624;252961;447413;1201961;0;1451;652506
A10-2019;61019;1;2548159;2559449;511706;511706;631262;419734;1034891;0;1220;1643562
A10-2019;61020;1;2253777;2253778;2162348;1797368;535870;320488;1093277;0;1317;1795481
A10-2019;61021;1;6191699;6198294;3653887;2958423;2359206;850381;1813045;0;2170;1076993
A10-2019;61053;1;29699646;29199726;8220624;8459951;7034230;3199077;11542021;0;12232;11206510
A10-2019;61054;1;6352827;6228360;4036640;7331667;688677;697253;3173835;0;3723;5663870
A10-2019;61024;1;3829174;3740599;3249982;3842774;378444;445449;1772950;0;2133;4339155
A10-2019;61027;1;2903341;2903341;1478888;1683097;524619;510310;1219310;0;1463;2604443
A10-2019;61030;1;3050937;3047019;1578434;1529460;364452;399597;1438933;0;1730;3409150
A10-2019;61055;1;2869776;3043840;1241408;576053;331830;550545;1228878;0;1480;3878315
A10-2019;61032;1;3593491;3598053;1071635;1175457;368628;300382;1677828;0;2020;928597
A10-2019;61033;1;4460674;4477763;1109875;1069006;577722;938912;1876035;0;2256;3699417
A10-2019;61056;1;6603294;6852952;1214268;1214268;1296429;805216;3356968;0;4041;3660671
A10-2019;61057;1;4634225;4634224;3667124;3012229;1193393;657328;1921868;0;2315;5683338
A10-2019;61058;1;11133238;10877178;5717410;4398744;1996880;1930449;4038135;0;4858;13438794
A10-2019;61043;1;6676301;6506344;2160806;2075464;1850426;599777;2717415;0;3273;3079713
A10-2019;61045;1;10784250;10782317;6559424;4942030;1778309;1811916;4843212;0;5830;8486238
A10-2019;61059;1;13131873;13004831;7825150;9141736;2024931;1554371;4440172;0;5345;10040651
A10-2019;61101;1;13081627;12672923;7301007;7285336;1304304;2254682;3400788;0;4060;2516849
A10-2019;61105;1;2627555;2716291;461894;448229;324453;415509;828815;0;998;683897
A10-2019;61106;1;4358608;4550152;4777175;5233131;531849;468931;1337431;0;1607;6821285
A10-2019;61107;1;2437618;2398537;431653;284247;359267;350628;1058648;0;1274;2281008
A10-2019;61108;1;85592591;87131443;17501142;17501142;18007772;7593505;27618145;0;24762;50890035
A10-2019;61109;1;4749973;4653759;468577;299404;437273;529048;1482415;0;1777;3829470
A10-2019;61110;1;5983795;5987601;863312;863312;1606066;770791;2110173;0;2525;1484740
A10-2019;61111;1;3174026;3041715;1355966;925813;307652;536542;1268494;0;1525;4315595
A10-2019;61112;1;1307004;1189946;152190;159031;85748;209479;465398;0;562;510612
A10-2019;61113;1;6196201;6325523;1404787;2314012;944344;1017622;2549603;0;3065;5456928
A10-2019;61114;1;5355916;4842465;1232197;1011078;1314780;257042;1980656;0;2377;3360373
A10-2019;61115;1;3509671;3380893;342917;138449;455557;522072;1608428;0;1936;2632040
A10-2019;61116;1;3550144;3380363;1907266;1219637;1231583;438183;1143355;0;1377;2875085
A10-2019;61120;1;27571405;26926590;3663500;3663500;2535213;5646066;10538889;0;11138;7518113
A10-2019;61118;1;2701543;2717138;656176;570671;242620;457185;911172;0;1057;2336196
A10-2019;61119;1;1348522;1318121;258460;278147;145110;149904;495140;0;587;1322304
A10-2019;61253;1;10686804;10237335;2421931;2204442;1656255;1738676;4243312;0;5017;7744667
A10-2019;61254;1;2474182;2470629;489974;290124;453187;275610;1111813;0;1283;680419
A10-2019;61203;1;5034615;5013587;1226822;1241686;639952;644547;2312579;0;2706;1298670
A10-2019;61204;1;5303148;5317302;1576800;1461595;1312411;1292972;1706593;0;1879;2589260
A10-2019;61205;1;2547028;2547029;349620;388148;951884;246159;681741;0;821;1987429
A10-2019;61206;1;2571479;2571478;507776;639257;378628;284167;1023009;0;1228;2013398
A10-2019;61207;1;14856699;14731239;2616851;2566548;2693399;2677885;4250792;0;4830;12234659
A10-2019;61255;1;13208973;13055543;3216149;2941263;2727066;2580695;4550930;0;4966;11137341
A10-2019;61256;1;2609644;2609643;2904426;5287834;627569;380592;1108958;0;1334;4832960
A10-2019;61213;1;8480157;8590858;1986288;2293833;1565461;1155100;2581672;0;3011;5199764
A10-2019;61215;1;3133356;3020981;324806;393907;558705;479587;1142217;0;1201;862021
A10-2019;61217;1;6215373;6211535;1924135;1412978;1503170;755370;2322796;0;2428;3302256
A10-2019;61257;1;9916048;9909151;3241430;3187597;1294054;1300250;3596439;0;4125;5303579
A10-2019;61258;1;5523951;5419516;1405126;1148258;791034;789777;2293496;0;2719;7434641
A10-2019;61222;1;2969202;2999861;1493954;1502755;398033;421167;1440677;0;1723;888576
A10-2019;61259;1;28006927;28196076;3138374;3138374;6066092;2689319;6824319;0;8211;10282268
A10-2019;61260;1;2994604;3076720;273039;273039;403571;388050;1099589;0;1178;2723051
A10-2019;61261;1;3181820;3144676;756981;756981;484917;517905;1657851;0;1936;0
A10-2019;61262;1;3875543;3898240;771908;812121;386677;541555;1709133;0;2029;1157610
A10-2019;61236;1;7889215;8214716;4714804;5425845;1405873;1593669;2997748;0;2804;10607195
A10-2019;61263;1;11541181;11531590;3537143;3514643;2768617;1731604;4353937;0;5236;9305158
A10-2019;61264;1;5702130;5607982;980860;1007609;868670;771742;1535544;0;1832;5209565
A10-2019;61265;1;22586174;22923696;4696314;3383147;5723248;3929316;7060546;0;6661;11662274
A10-2019;61243;1;3261918;3262028;2877672;2926787;327758;424664;1329871;0;1593;4369796
A10-2019;61266;1;2996219;2916417;848752;966294;263922;387565;1253598;0;1493;1257199
A10-2019;61267;1;6627394;6627393;5607435;4783041;1733867;901412;2380996;0;2861;7147156
A10-2019;61247;1;10061293;10061294;4963202;4852022;1891052;1401859;2816886;0;3393;16980907
A10-2019;61251;1;1324530;1299383;256295;251968;208835;180871;420949;0;466;642308
A10-2019;61252;1;1969141;1966132;327464;309161;287718;248812;947310;0;1128;678045
A10-2019;61437;1;3201608;3131332;1280954;1491097;194902;348347;1206760;0;1425;3934209
A10-2019;61410;1;1736943;1676014;782769;568143;133491;255171;751104;0;880;3063973
A10-2019;61438;1;19122124;18822122;2852798;2863219;2078569;1526662;3106507;0;3647;4013993
A10-2019;61439;1;11360361;11362588;3508717;5698196;1488610;1468752;4216607;0;4980;17729619
A10-2019;61413;1;1385804;1392085;257096;161089;224918;103844;495131;0;596;3314556
A10-2019;61440;1;10108551;10108551;6718604;7737588;793886;872776;2562206;0;2970;14591143
A10-2019;61441;1;2164816;2164815;1150875;1411648;200604;291681;967649;0;1160;2676445
A10-2019;61442;1;4360043;4335127;2402845;2367273;668258;692585;1757170;0;1774;4552340
A10-2019;61443;1;4029104;3861999;1451585;1664112;463387;548157;1596541;0;1847;3763425
A10-2019;61425;1;5874580;5749402;1586081;1149711;385943;683462;1764033;0;2043;7907452
A10-2019;61444;1;6083015;5875640;1782471;1636894;957382;580744;1781928;0;2140;7370913
A10-2019;61428;1;1693871;1684045;603633;388003;113410;264217;790260;0;944;1319844
A10-2019;61445;1;4887068;4820720;2419037;2587249;916357;1024872;1605925;0;1675;6063349
A10-2019;61446;1;8906594;8837921;1005789;906820;1230641;442949;1575598;0;1897;9761949
A10-2019;61626;1;13667745;13555869;3372954;4210678;1957096;2302074;4681292;0;5638;7445690
A10-2019;61627;1;3642899;3756402;225624;255489;285967;454881;1448138;0;1744;1675998
A10-2019;61628;1;2160598;2317232;1780737;1892450;125936;235046;1277065;0;1538;781839
A10-2019;61629;1;2259123;2477321;550942;396807;211702;249991;876008;0;1025;1806663
A10-2019;61630;1;2857860;2925157;786568;786568;202544;152633;1348472;0;1624;605320
A10-2019;61631;1;24647178;24236323;4251242;4220288;4134147;3920953;9209478;0;9906;10497711
A10-2019;61611;1;4351655;3686107;1270251;1227393;537222;432895;2052219;0;2472;303402
A10-2019;61612;1;6113652;6042558;2935705;2655802;591030;577423;2723377;0;3265;3925437
A10-2019;61632;1;5600630;5636555;2103916;2340683;456457;1085217;2396167;0;2861;4357252
A10-2019;61615;1;3536335;3583929;287536;287536;355613;438075;1819657;0;2195;574790
A10-2019;61618;1;3917756;3917757;556768;800816;720834;531298;1383783;0;1667;218564
A10-2019;61621;1;1355643;1355642;912788;726115;79982;120838;661661;0;797;1627642
A10-2019;61633;1;6042853;6575314;1384977;1266950;1326356;697674;3395481;0;4086;155386
A10-2019;61624;1;5900326;5237627;2647031;3343408;744775;660906;2596188;0;3127;2918029
A10-2019;61625;1;21773646;22119634;4645972;4437972;4711297;4632730;8185372;0;9463;7485271
A10-2019;61701;1;6100572;6176320;990974;990974;2805140;632357;1695423;0;2038;1258989
A10-2019;61756;1;8838916;8179135;4788881;4560170;1753937;916453;3489895;0;4133;6960212
A10-2019;61757;1;10559147;10586935;1943296;2074452;1435700;1013252;4158700;0;5002;7683913
A10-2019;61708;1;2404219;2404218;268788;185450;335504;255070;1298756;0;1530;2111915
A10-2019;61758;1;3940130;3902224;2760350;1759260;855795;423871;1580768;0;1789;3344198
A10-2019;61710;1;1712248;1750247;1171449;1141826;165431;206561;990960;0;1196;800004
A10-2019;61711;1;1655573;1655573;1554683;1569973;215011;150736;761400;0;913;921329
A10-2019;61759;1;3403835;3403839;1248279;666142;778384;318671;1413634;0;1703;3869801
A10-2019;61760;1;26091405;26091407;7884427;8509222;6688832;1730482;10115458;0;10720;13642718
A10-2019;61761;1;3542869;3573341;707935;694896;161926;280152;1472146;0;1778;1279713
A10-2019;61719;1;5790530;5364366;2557385;2728372;1427353;708596;1877008;0;2254;4074853
A10-2019;61762;1;4131398;3999475;956505;1102088;496823;520421;1784072;0;2149;967838
A10-2019;61727;1;4407452;4142184;1316091;1246408;1010979;707706;1995955;0;2396;2572641
A10-2019;61716;1;5788284;5788285;1570201;1271046;791434;753508;2438933;0;2942;4269969
A10-2019;61728;1;1356250;1347291;292720;236794;107354;137751;598749;0;696;1092458
A10-2019;61729;1;2696999;2796669;2431115;2314234;230642;229700;1709911;0;2053;1418500
A10-2019;61730;1;3730267;3557988;1479257;1497848;238728;490732;1791759;0;2164;2837731
A10-2019;61731;1;2252568;2252569;1038455;461246;577770;263901;1144642;0;1379;1411556
A10-2019;61763;1;9394185;9165588;6259273;5947092;1266157;620947;3536714;0;4263;9806919
A10-2019;61764;1;7714603;7513577;4484811;4505308;1832938;512348;3085904;0;3716;5597534
A10-2019;61740;1;3456486;3308637;860859;860859;387014;355347;1762909;0;2098;1219767
A10-2019;61741;1;2737550;2737550;1886026;1892034;459517;281195;949875;0;1126;2609707
A10-2019;61743;1;1381747;1359243;203477;195356;134450;78009;623076;0;747;1081701
A10-2019;61744;1;1261266;1231580;338127;294377;72661;168342;533111;0;635;442972
A10-2019;61745;1;2215443;2132393;565250;526912;172876;275124;955046;0;1085;3331645
A10-2019;61746;1;7454256;7084320;1765914;1476268;1498430;1097589;3395618;0;4090;4415959
A10-2019;61765;1;10705426;10556225;2891635;2914022;3148004;1300964;4407103;0;5282;5345568
A10-2019;61748;1;9122061;9104068;1952978;1887768;2303283;1208217;3490240;0;4204;10061200
A10-2019;61750;1;3493601;3267454;1528455;1563129;238621;343769;1623950;0;1933;4065365
A10-2019;61751;1;3274648;3500772;412951;412951;385462;399220;2012229;0;2430;1593670
A10-2019;61766;1;58862101;62623161;40765750;40765750;12891707;4825870;10944073;0;11594;8372318
A10-2019;62007;1;18496062;18550727;2365306;1804905;3400649;3485797;6456049;0;7706;3714627
A10-2019;62008;1;3078974;3052393;653553;725814;276347;303269;1148561;0;1372;4381648
A10-2019;62010;1;1560510;1288603;378317;363521;293810;248849;397176;0;406;1117793
A10-2019;62040;1;31062040;29849191;2252287;1880529;5556062;5456535;9342675;0;9959;2860183
A10-2019;62041;1;34128693;33990513;5389758;3487274;5075676;4508210;11927888;0;12660;10064048
A10-2019;62014;1;3853159;3706902;2329128;1894468;749268;527252;1538840;0;1854;3333942
A10-2019;62039;1;3202698;3029089;864821;880662;443884;447763;1559257;0;1853;706018
A10-2019;62042;1;7702234;7702234;4374680;4749432;1633381;888995;3176464;0;3813;8018157
A10-2019;62043;1;6250286;6240013;744983;566437;1546805;778133;2476046;0;2976;3074537
A10-2019;62044;1;5280071;5512623;1352686;1285000;753798;677084;2272577;0;2685;2656128
A10-2019;62021;1;800733;763721;284895;205447;50632;74842;379650;0;450;1454863
A10-2019;62026;1;1580813;1552961;260017;174486;257708;204143;704708;0;849;597043
A10-2019;62045;1;3837865;3858612;1773508;1823181;377686;563135;1665657;0;2006;3452782
A10-2019;62046;1;5153948;4913149;2179988;1931478;597950;610567;2268866;0;2731;3296166
A10-2019;62032;1;2000958;1954665;286361;256571;292418;337039;920759;0;1109;1364158
A10-2019;62034;1;2638305;2748377;508517;530295;290716;352174;1071187;0;1279;896025
A10-2019;62047;1;11912254;11762433;1773822;1569548;3225397;1747783;4526225;0;5337;10681544
A10-2019;62036;1;3138151;3137126;326617;322309;432116;329281;1126116;0;1360;597887
A10-2019;62048;1;8869244;8544593;1567488;1987814;1417425;1418429;4069011;0;4883;1206624
A10-2019;62038;1;20722759;20833331;2197387;2153962;5329770;2870360;6025084;0;7232;9707321
A10-2019;62138;1;5031214;5065804;3955671;3671068;723955;884350;2043153;0;2406;6272082
A10-2019;62105;1;3178117;3048322;505479;729673;629428;439461;1421348;0;1707;940805
A10-2019;62139;1;45327128;44693075;7165365;6253225;8044182;5764093;14983406;0;15879;32614889
A10-2019;62140;1;67885011;69113500;6763511;6763511;16551867;9951788;25463407;0;22826;5359612
A10-2019;62141;1;20003632;20007989;3840526;3771302;4151990;2361186;6791806;0;8146;10555129
A10-2019;62115;1;12562800;12975336;1054452;1054452;2053062;1691413;4412626;0;5294;1373510
A10-2019;62116;1;6975334;6945334;1012337;1006822;1158430;1159696;3217371;0;3867;11911971
A10-2019;62142;1;13532793;13267119;6773560;6862316;1660159;2001401;3324004;0;3819;9119165
A10-2019;62143;1;26477934;26041545;7212827;7262366;3995125;3069588;7112036;0;8557;20682366
A10-2019;62144;1;5483495;5327535;2592122;2439222;604125;965833;2127724;0;2492;4891000
A10-2019;62125;1;4339215;4266302;2440381;2355381;686046;597972;1954603;0;2355;4859793
A10-2019;62145;1;13845112;13829055;2477527;2307830;2983136;1915931;5519481;0;6612;5445055
A10-2019;62128;1;5822665;6003647;1382401;1382401;1352432;888326;2995132;0;3606;495458
A10-2019;62146;1;6213119;6581068;870147;409394;849239;728738;2232706;0;2689;4936759
A10-2019;62131;1;4000439;4000438;1284568;1260458;1571098;694230;1309295;0;1522;3802638
A10-2019;62132;1;3714153;3696417;2122422;2122422;257085;444618;1523738;0;1829;2542462
A10-2019;62147;1;5689463;5493956;902170;1118742;782775;620475;1927130;0;2318;4852163
A10-2019;62148;1;3973279;3942911;1412251;1549539;348767;475633;1589926;0;1902;2638426
A10-2019;62135;1;3998471;3915587;1413197;1302853;331371;449723;1345369;0;1547;5408946
A10-2019;62202;1;4975907;4912723;875416;702357;861064;626225;1547071;0;1641;3219229
A10-2019;62264;1;9463234;8908713;2224319;2140441;1826523;1102996;3595675;0;3789;735766
A10-2019;62205;1;3648180;3656209;331867;674741;444764;427493;1806237;0;2175;2949570
A10-2019;62206;1;2339835;2443965;1327568;981999;358891;403161;882705;0;1048;2448937
A10-2019;62265;1;3367524;3175629;945001;805991;353290;359877;1694966;0;2041;1914273
A10-2019;62209;1;2403236;2400620;291370;433568;419464;274792;1058526;0;1272;944781
A10-2019;62266;1;4321201;3945243;1680019;1837452;565384;461648;2011486;0;2416;1444519
A10-2019;62211;1;6280443;6157680;1799162;1742553;734335;857760;2163501;0;2604;5247236
A10-2019;62267;1;27068438;27068438;7357255;5762414;5080596;3457852;7124318;0;8539;15859150
A10-2019;62268;1;5862405;5862405;1464426;1280912;1339925;802681;2571612;0;3080;10957520
A10-2019;62214;1;3770645;3542737;840572;859180;749676;515187;1489700;0;1793;2695572
A10-2019;62216;1;2056800;2019761;283503;285689;252945;273767;1034276;0;1246;1444753
A10-2019;62269;1;4592702;4592701;2429375;2503488;1342189;745097;1712767;0;2063;7858049
A10-2019;62219;1;26515961;26425160;6197164;5681804;5347118;3695407;5534581;0;6651;6327371
A10-2019;62220;1;5358634;5241398;1284426;1284426;951477;416410;1876661;0;2235;1120390
A10-2019;62270;1;4633772;4573161;950259;950259;971467;292016;1775116;0;2135;593012
A10-2019;62271;1;10499724;10364233;6442323;9510559;3507396;1076104;3106022;0;3741;11267467
A10-2019;62272;1;5670725;5519657;2001526;1757407;1103881;533585;2462687;0;2938;4725784
A10-2019;62226;1;3352648;3352647;1504732;1226163;969948;284600;1215283;0;1464;2505492
A10-2019;62273;1;4371684;4198805;1902512;1591011;981433;620699;1779110;0;1880;5491255
A10-2019;62274;1;3333079;3333078;1438659;1278982;295915;411846;1234153;0;1487;2399083
A10-2019;62232;1;2520065;2585211;541820;446238;281509;364957;1287615;0;1555;2146504
A10-2019;62233;1;6883043;6883044;1848310;1680753;1223786;1072163;2636512;0;3175;8169633
A10-2019;62275;1;11972096;12324801;4117759;4084243;1898505;1369312;5069449;0;6066;5812185
A10-2019;62235;1;2957622;2806948;1154111;1045271;327245;257630;1748236;0;2059;4980
A10-2019;62276;1;2651701;2658480;315279;302779;318052;338459;1210538;0;1458;1212613
A10-2019;62277;1;4963038;5287132;2128409;2489032;884999;590875;2200117;0;2636;5677317
A10-2019;62242;1;1656798;1656797;1091767;1045565;193358;152557;903974;0;1054;1047279
A10-2019;62244;1;4729109;4692842;1216168;1154383;1205572;743131;1788854;0;2149;2797201
A10-2019;62245;1;2521522;2521523;1074257;991981;239037;211122;1243724;0;1493;1669939
A10-2019;62247;1;2546788;2615848;747712;827015;234557;285380;1141104;0;1375;2637490
A10-2019;62252;1;2618346;2618346;640025;818463;264931;401403;1190967;0;1421;5208583
A10-2019;62256;1;4615144;4852290;1003863;1003863;716861;489557;1914153;0;2168;3912329
A10-2019;62278;1;10360951;9961760;4643132;3102156;1020073;900071;3932015;0;4724;9013822
A10-2019;62279;1;3051765;3051765;3488924;3333046;262003;309770;1292554;0;1530;3020555
A10-2019;62262;1;3109178;2714218;3345237;3672921;336785;324548;1184790;0;1400;6220687
A10-2019;62375;1;14191320;14289694;5164351;4915548;2340976;2401187;4682335;0;5309;16277445
A10-2019;62376;1;14155674;14163542;3191117;3236339;2473843;2659675;3149947;0;3172;17130820
A10-2019;62377;1;4056798;4035049;2269808;2078433;1090708;582696;1513145;0;1821;4188879
A10-2019;62311;1;2254653;2324854;645387;607255;376282;281028;1109205;0;1336;554518
A10-2019;62314;1;2176264;2331194;321129;314313;238702;290466;1083875;0;1309;2572927
A10-2019;62378;1;15063818;15063817;3937178;2181707;2458326;2570690;6089293;0;7323;15255664
A10-2019;62379;1;32794974;31994973;13245195;12262795;6985765;5121395;12602962;0;13356;13042591
A10-2019;62380;1;12572723;12572724;2363466;2671716;1723175;1413557;5046231;0;6053;15351781
A10-2019;62326;1;3485166;3274258;644522;844153;589696;503635;1459116;0;1748;2204107
A10-2019;62330;1;2961533;2962110;481335;604382;388928;350365;1374033;0;1655;4373013
A10-2019;62332;1;3259241;3070323;802035;528952;383126;397318;1303852;0;1563;3781584
A10-2019;62381;1;7762427;7608034;2802845;2802684;1016766;897661;2714912;0;3270;8130263
A10-2019;62382;1;9597818;9724940;3396996;3240626;1965408;1425033;3729227;0;4489;5572829
A10-2019;62335;1;2587832;2591562;485432;473432;460853;376648;1011837;0;1197;2641428
A10-2019;62343;1;2284232;2235931;651935;297383;686108;141452;1068323;0;1287;640057
A10-2019;62383;1;9876228;9875561;5274123;5488975;1142479;1145304;2996111;0;3566;7861184
A10-2019;62347;1;3447208;3246197;773522;803045;406730;365014;1370772;0;1651;2381459
A10-2019;62384;1;5785906;5551061;3116911;3135089;814877;747633;2576717;0;3112;5418784
A10-2019;62385;1;4752690;4545293;887045;909980;491478;630309;2118943;0;2552;2855528
A10-2019;62386;1;9338569;9173573;1033909;1724790;1240908;1437126;4098974;0;4910;6963103
A10-2019;62387;1;4387712;4464408;1342253;1148131;438299;583880;1951996;0;2339;4620882
A10-2019;62388;1;6867939;6867939;2233048;2605673;665777;752526;2450477;0;2956;9688941
A10-2019;62389;1;7868003;7868005;3892497;3865217;1241940;1208168;3284196;0;3954;7003702
A10-2019;62390;1;6839977;6729258;1168008;1192962;1274162;802622;2998232;0;3598;6277858
A10-2019;62368;1;2700350;2472377;1894253;1764143;287195;369912;1058511;0;1257;3801495
A10-2019;62372;1;2029289;2089229;434503;411562;216250;223661;1073555;0;1254;1397400
A10-2019;70101;1;390909153;402886235;41726630;41726630;100270824;22559771;205100941;1250494;132224;119937767
A10-2019;70201;1;7119559;7027782;875909;822927;954619;736159;3061966;0;3141;3608209
A10-2019;70202;1;12280407;12556949;278587;662132;2318096;1559022;4542322;0;4676;8246096
A10-2019;70203;1;32805771;32901911;3875793;3650597;7251065;3310682;11757297;0;10522;24563622
A10-2019;70204;1;2350784;2230230;363021;444141;228067;185728;742377;0;778;1452210
A10-2019;70205;1;3039452;2947902;350386;435412;514252;334728;1111342;0;957;1480207
A10-2019;70206;1;1384325;1345041;0;0;207618;140514;577706;0;608;321797
A10-2019;70207;1;1540546;1752332;1100625;1285057;187836;147146;672609;0;676;1236636
A10-2019;70208;1;14606469;14434810;272900;1026792;2068161;1663501;5024383;0;4617;11889952
A10-2019;70209;1;7987745;8136416;1018484;843468;1174890;1067343;3605632;0;3672;3855879
A10-2019;70210;1;1531239;1609467;0;0;384078;211052;532369;0;560;627259
A10-2019;70211;1;2870002;3106390;0;0;387082;360485;1164152;0;1237;85227
A10-2019;70212;1;4904689;4803855;800751;815801;565056;647310;2048152;0;2118;2383801
A10-2019;70213;1;3305023;3367321;408412;671402;346660;486655;1375669;0;1316;1980919
A10-2019;70214;1;6869212;6692136;378012;346648;1326372;911371;2517506;0;2409;3610476
A10-2019;70215;1;4701331;5386284;2182703;1312818;1025900;756394;2193136;0;2317;7421854
A10-2019;70216;1;5046976;5130796;3491500;1788845;897615;536858;1736956;0;1791;6739549
A10-2019;70217;1;7141178;6615532;1514479;978854;671125;794797;1782498;0;1378;15052521
A10-2019;70218;1;3421327;3048643;161875;846268;264816;434172;1603308;0;1599;2682727
A10-2019;70219;1;8982528;8969691;2548209;2982667;1424347;885510;2598515;0;2549;3876308
A10-2019;70220;1;19838378;19283201;8057733;7845449;5546182;3670920;5136758;0;2988;15106445
A10-2019;70221;1;3267871;3326326;1037528;895143;611414;490433;1406916;0;1471;2074173
A10-2019;70222;1;5872912;6074384;5041803;4389348;579620;843337;2619140;0;2718;4814301
A10-2019;70223;1;8830267;8541879;1269278;1269278;1130158;1078890;3256362;0;3206;3934469
A10-2019;70224;1;5579159;5477243;0;0;462899;651813;2041834;0;2042;3360810
A10-2019;70301;1;19992857;19937763;2272206;2272206;2689908;2137100;6731222;0;7109;4667021
A10-2019;70302;1;5061646;5257723;600340;600340;774996;707863;2537298;0;2671;587150
A10-2019;70303;1;3528539;3238032;0;0;362882;341984;1734337;0;1826;207421
A10-2019;70304;1;11517489;11270969;1005755;1005755;1241776;1410195;5777813;0;5984;1111338
A10-2019;70305;1;1980789;1980178;816092;674000;255045;215235;1219966;0;1294;460311
A10-2019;70306;1;2407332;2343968;201204;205477;220096;250554;1350493;0;1419;955911
A10-2019;70307;1;3643020;3506242;254324;228813;204015;201395;1060594;0;1115;1248254
A10-2019;70308;1;2480478;2515176;460815;442760;282760;325177;1223952;0;1296;1006803
A10-2019;70309;1;4221433;4400919;0;60000;752720;448560;2028971;0;2149;2297599
A10-2019;70310;1;10442404;10407885;1043819;723730;2122720;1374090;4446668;0;4378;6044030
A10-2019;70311;1;1928484;1816007;0;0;209196;230282;789032;0;825;82184
A10-2019;70312;1;9127088;8393891;789591;753532;1057517;983249;3891951;0;4039;3914126
A10-2019;70313;1;4163434;4101218;354827;538475;462272;358126;1306382;0;1353;3387306
A10-2019;70314;1;1633948;1657502;0;14446;100561;115527;615269;0;611;349433
A10-2019;70315;1;2869505;2988776;118988;115316;250456;340345;1323719;0;1403;220891
A10-2019;70317;1;1110535;1292834;0;0;121123;110039;446683;0;436;786785
A10-2019;70318;1;3131822;3009122;1170206;1123900;235342;382512;1347443;0;1429;626844
A10-2019;70319;1;10228817;10824081;144071;154773;1730467;941070;3635237;0;3840;6287188
A10-2019;70320;1;10549651;10117765;1250484;1266827;3462369;1094749;2779524;0;2926;11056941
A10-2019;70322;1;3416413;3587359;0;0;527946;511029;1556318;0;1628;79335
A10-2019;70323;1;1672427;1628515;2338445;2333087;132614;188237;805576;0;817;2212390
A10-2019;70325;1;2856441;3076790;4516016;2365000;677949;402061;1108259;0;1095;1771273
A10-2019;70326;1;7504462;7349154;1420452;1420452;1226313;1250605;2682817;0;2369;8977664
A10-2019;70327;1;2059081;1828314;4791708;4715000;218109;188828;964061;0;957;2052740
A10-2019;70328;1;4839851;4853074;850108;861777;876465;554753;1830209;0;1878;3665623
A10-2019;70329;1;9671172;9610186;282807;284022;2312336;1178893;4165173;0;4386;1371529
A10-2019;70330;1;3131415;3331711;1020000;1020000;579142;299957;1341021;0;1400;924401
A10-2019;70331;1;7177136;6917280;0;0;839540;625911;2152379;0;2205;1566983
A10-2019;70332;1;4165161;4114794;233959;233959;660670;515608;1998204;0;2014;1872506
A10-2019;70333;1;4816240;4871857;0;0;643238;284905;1917860;0;2014;2509727
A10-2019;70334;1;13834816;13841814;8857482;3779513;2026030;1773582;5683547;0;4751;10010932
A10-2019;70335;1;3552670;3644656;601211;590000;592886;457147;1741633;0;1844;1263748
A10-2019;70336;1;1101151;1058554;215115;215115;48171;88653;368753;0;361;574464
A10-2019;70337;1;5840501;5788545;0;0;464730;711617;2903714;0;3039;3811967
A10-2019;70338;1;2082109;1994311;770399;1002020;254710;293110;970140;0;1011;1017205
A10-2019;70339;1;2465701;2281102;405810;404196;253620;228349;1063101;0;1048;2017362
A10-2019;70340;1;3301042;3335036;922088;642681;604170;1265974;1042219;0;1094;191823
A10-2019;70341;1;2869411;2405432;1450566;1628627;208507;174763;1146498;0;1208;1036862
A10-2019;70342;1;2851784;2997256;0;0;530518;314918;1054724;0;1119;285340
A10-2019;70343;1;2037193;1956316;11944;12781;151100;188490;1022685;0;1085;754057
A10-2019;70344;1;4282381;3986826;2670872;2877338;599150;614356;1442608;0;1349;3074495
A10-2019;70345;1;3608707;3643027;0;0;386209;440030;1777877;0;1880;788100
A10-2019;70346;1;21615744;19585453;4424768;4424768;4676302;2671002;8707956;0;9153;2670131
A10-2019;70347;1;893904;1006879;152846;400239;36273;51652;198065;0;176;234868
A10-2019;70348;1;3140995;3438487;1472793;1626291;299390;367390;1365638;0;1392;2686465
A10-2019;70349;1;1617077;1730217;427417;427417;107262;150475;822219;0;865;747718
A10-2019;70350;1;3088206;3002371;236880;236880;411423;360968;1064003;0;1104;1937559
A10-2019;70351;1;19497805;19702753;796402;15540;3113201;3589344;4246152;777019;3431;12199433
A10-2019;70352;1;3428499;3322453;2432370;2432370;212991;314939;1264421;0;1331;2621787
A10-2019;70353;1;4477802;4694343;0;0;657741;450640;2127898;0;2252;1017646
A10-2019;70354;1;44474913;45553696;8942641;3942807;11254278;1189310;15468498;0;13856;28482032
A10-2019;70355;1;10185345;10130722;2492458;2492458;1384233;836741;3471138;0;3609;3147124
A10-2019;70356;1;3347359;3283913;519504;519504;322628;422527;1546922;0;1555;900002
A10-2019;70357;1;36120486;35990963;2664542;2607203;7486095;1769878;17540445;0;15743;25182166
A10-2019;70358;1;9516131;9591577;0;0;2635385;1290669;3770166;0;3973;2495824
A10-2019;70359;1;3018319;2905077;515990;515990;162868;285785;1235985;0;1279;2495667
A10-2019;70360;1;3427124;3598824;3861750;2439708;382442;703924;1502349;0;1546;3824653
A10-2019;70361;1;858874;821016;0;0;159506;92003;225364;0;225;38254
A10-2019;70362;1;1356367;1323981;9349;563182;92104;79898;509828;0;534;1094513
A10-2019;70364;1;17190493;16178456;3337613;4432039;2998079;2179292;6350664;0;6724;8327918
A10-2019;70365;1;8439436;8694183;5306009;4617000;1382627;1184859;4237602;0;4461;6670813
A10-2019;70366;1;1996580;1986485;962006;757183;117140;145130;708649;0;743;780057
A10-2019;70367;1;32510983;34869796;3193507;3192924;10868452;2094524;7472826;0;7882;17551662
A10-2019;70368;1;2300842;2617471;275191;727847;330041;331717;912756;0;931;570825
A10-2019;70369;1;21046882;21045052;5059824;4517911;3287981;2297410;7767212;0;8185;15248425
A10-2019;70401;1;3819438;3753508;0;0;902942;605499;1123715;0;1116;579771
A10-2019;70402;1;7218001;6822027;0;0;1068651;781502;2763523;0;2644;1256031
A10-2019;70403;1;16314126;16523488;1542179;1542179;2870418;1423442;4451567;0;4267;14594749
A10-2019;70404;1;6895225;6421141;4050506;4050506;1624480;984161;2102719;0;1863;1009231
A10-2019;70405;1;3471117;3582855;363236;363236;790892;452779;1187482;0;1193;460014
A10-2019;70406;1;14332467;15999555;4730482;5305200;2634378;406664;5706378;0;5678;5010188
A10-2019;70407;1;2761525;2728670;1387245;1387245;635720;363093;1191415;0;1157;1001061
A10-2019;70408;1;4339594;4355600;664836;664836;954599;658215;1594051;0;1563;924306
A10-2019;70409;1;13755074;13415096;1700000;1700000;2811599;2034161;5728973;0;5231;13576100
A10-2019;70410;1;10206548;10403209;0;0;2487520;1457190;3997704;0;3933;9633764
A10-2019;70411;1;36581105;38143419;4226011;4226011;11461023;4967469;8577980;459649;8298;7375937
A10-2019;70412;1;12608087;11872072;664061;812285;1721813;1527305;4560442;0;4334;3001206
A10-2019;70413;1;7153789;5874720;252403;1108924;1920994;792620;2176259;0;2173;435767
A10-2019;70414;1;5741934;5570424;3221458;3552021;1618318;1313348;1695828;0;1666;2431390
A10-2019;70415;1;2015784;1966829;144323;144323;297725;241729;790385;0;774;480000
A10-2019;70416;1;32906945;33970833;1392021;597629;6850837;4263480;9679321;0;9436;5073303
A10-2019;70417;1;4703650;4985206;3327341;3327341;1022199;794967;1850965;0;1813;2270501
A10-2019;70418;1;2235732;2197479;0;5032;221012;270435;824952;0;826;902208
A10-2019;70419;1;4788698;4781479;736903;757848;929679;586539;2047759;0;1999;3576704
A10-2019;70420;1;9361269;9836948;19154;31013;1469261;890130;3857163;0;3644;4241698
A10-2019;70501;1;5462504;5772522;0;0;941866;978257;2792925;0;2561;0
A10-2019;70502;1;1857961;2075939;0;0;186838;229534;969622;0;1011;12172
A10-2019;70503;1;8072586;8330638;1020111;576652;885994;1007480;2808090;0;2783;1811659
A10-2019;70504;1;3920169;3836645;0;0;291719;270167;1458018;0;1517;1734060
A10-2019;70505;1;7178508;7133059;182680;183096;636086;654981;3304400;0;3462;1807665
A10-2019;70506;1;10351132;10402889;2123493;2123493;2213650;1131212;2847678;0;2987;2661135
A10-2019;70508;1;12807741;12311313;6178363;6178363;2875717;1286961;5416374;0;5610;2394823
A10-2019;70509;1;9190330;8820465;272203;272203;1957097;1617292;3338405;0;2824;1911895
A10-2019;70510;1;3405538;3504672;16132;16132;668796;286822;1472431;0;1529;1060568
A10-2019;70511;1;17815704;17275224;3073639;3073639;3235320;1137443;5523479;0;5826;6152779
A10-2019;70512;1;13900186;14165851;0;0;2044012;1536548;4749297;0;4837;4403696
A10-2019;70513;1;56380142;57203133;6700886;5449023;13218699;90349;23763238;0;19212;25480906
A10-2019;70514;1;16759434;16632197;14058134;14505850;9497989;1145735;4201853;0;4443;18884893
A10-2019;70515;1;13576609;14329254;2311629;2311629;6276857;939222;3879241;0;4085;735698
A10-2019;70516;1;723748;841882;0;0;157565;111005;363544;0;365;26065
A10-2019;70517;1;6699449;6315311;5030642;5030642;1085751;900894;3174043;0;3326;6317752
A10-2019;70518;1;6947778;6867960;2208065;2208065;1089483;562911;2585456;0;2722;53175
A10-2019;70519;1;2198029;1442496;790244;979610;96601;114875;666855;0;706;710412
A10-2019;70520;1;5976427;5842692;0;0;1789945;521584;2411991;0;2496;1620186
A10-2019;70521;1;1681534;1937978;75691;72000;229599;150687;427785;0;405;291366
A10-2019;70522;1;7077306;7124527;759628;766174;996174;798164;2740209;0;2750;2343046
A10-2019;70523;1;1253064;1411690;95896;62256;133367;122388;493543;0;510;236429
A10-2019;70524;1;4733966;4380044;992298;992298;690985;651498;1594044;0;1426;1401093
A10-2019;70525;1;5746348;5019407;2072850;1871458;1265397;552286;2390408;0;2521;1212122
A10-2019;70526;1;9185123;8991317;1923701;1587519;1803860;1502524;3928638;0;3630;4681411
A10-2019;70527;1;6936960;6772076;0;0;960234;1046300;2981036;0;2984;1321653
A10-2019;70528;1;4040835;4093615;1309728;1309728;518531;491692;1802871;0;1889;1607809
A10-2019;70529;1;7014617;7066336;57575;78539;1450416;976595;2032855;0;1860;4703333
A10-2019;70530;1;11021631;11149192;6831796;6831796;1552248;1362824;4670621;0;4247;4016281
A10-2019;70531;1;39563996;39289521;4830692;4830692;10230643;34532;15390653;0;13792;25973808
A10-2019;70601;1;1087194;1126760;103381;28381;53653;123029;360748;0;379;60348
A10-2019;70602;1;1190083;1049003;372596;372596;98672;114734;318225;0;261;305072
A10-2019;70603;1;6892177;7750009;324427;408379;1772601;1861683;1779814;0;937;5226107
A10-2019;70604;1;10431367;10474786;4250266;4370266;784551;865430;2913886;0;3022;10079669
A10-2019;70605;1;2808510;2935192;123482;123482;196123;362292;1042394;0;991;1554960
A10-2019;70606;1;4080707;4428710;1100863;1055863;657033;678965;1138744;0;761;2500123
A10-2019;70607;1;3486905;3289026;426117;506117;410437;372122;1331557;0;1404;1090446
A10-2019;70608;1;10508304;12229320;1609854;1909854;3126570;2623360;2937146;0;1566;11156652
A10-2019;70609;1;6301802;6458462;3332305;3054783;896900;774501;2932185;0;2616;8321658
A10-2019;70610;1;1394345;1323670;0;0;42257;87345;424789;0;435;552512
A10-2019;70611;1;2863372;2883802;1535276;1535276;352237;369963;851390;0;597;3754431
A10-2019;70612;1;1495419;1520441;0;0;44778;160884;486031;0;503;113833
A10-2019;70613;1;2462192;2673647;682956;741035;597638;539155;789922;0;532;1951362
A10-2019;70614;1;25483967;26200170;1600257;1785507;4472778;2935445;7358087;0;7729;15553974
A10-2019;70615;1;4730415;5416040;1341707;941707;1028092;1153818;1945654;0;1543;5233396
A10-2019;70616;1;4603080;4565791;213287;213287;416903;634216;1591153;0;1489;1832601
A10-2019;70617;1;6643083;6695184;2375019;2551908;865679;805052;2655670;0;2587;8047875
A10-2019;70618;1;2263188;2131584;342757;332258;387276;255112;775941;0;814;1406892
A10-2019;70619;1;5175371;5367520;2386795;1767971;868948;784711;1770344;0;1809;4222676
A10-2019;70620;1;3899330;4270241;401343;401343;819364;680795;1406181;0;1267;2089398
A10-2019;70621;1;12017676;11773910;1326035;0;3792860;35930;3316328;0;2342;5987396
A10-2019;70622;1;4344819;4064655;1031087;1031870;609133;410585;1606673;0;1701;802092
A10-2019;70623;1;3531313;3605021;51625;128665;470874;467548;1362894;0;1248;4553724
A10-2019;70624;1;9456533;9193812;2786137;2538954;1967486;2235852;2162028;0;1126;11703653
A10-2019;70625;1;500392;524563;188771;201609;17781;36564;135005;0;116;402009
A10-2019;70626;1;1198111;1432545;547857;360179;313047;131219;546192;0;580;68091
A10-2019;70627;1;2737851;2561872;220434;170000;148760;225027;1159972;0;1214;2402689
A10-2019;70628;1;1305911;1205964;13200;13200;52228;125860;499181;0;512;471864
A10-2019;70629;1;1896102;1880700;656048;846244;184866;164127;699662;0;732;1426627
A10-2019;70630;1;9986018;10032591;3108436;3218464;3258257;1331320;3314974;0;3414;7922546
A10-2019;70701;1;2650300;2531360;0;0;713882;144357;595524;0;627;274522
A10-2019;70702;1;2352188;2307293;668641;723833;305260;211303;888194;0;935;1964623
A10-2019;70703;1;1187327;1153890;1395334;1005000;138446;137497;497868;0;484;1285512
A10-2019;70704;1;2702694;2677806;1454854;1393661;260261;226496;1175717;0;1236;842889
A10-2019;70705;1;4888713;5023570;508567;1120004;770137;443488;1678616;0;1765;893275
A10-2019;70706;1;2617766;2648528;798783;65000;58155;167797;734147;0;761;11053281
A10-2019;70707;1;5353788;5279835;94239;94239;650848;582383;2210446;0;2332;2339846
A10-2019;70708;1;1995291;1848822;731639;731639;227562;274648;809587;0;821;870887
A10-2019;70709;1;2617935;2644235;345527;239340;176494;215477;696641;0;709;714613
A10-2019;70710;1;2810423;2608331;323672;150000;134788;183074;929529;0;940;7363194
A10-2019;70711;1;1540975;1687035;0;0;84218;123284;582491;0;592;433295
A10-2019;70712;1;4914711;4952543;629486;692166;381685;488522;1305331;0;1134;5824825
A10-2019;70713;1;1795268;1837839;552832;224165;117455;164767;813194;0;804;371640
A10-2019;70714;1;1853019;1772930;786455;738569;248026;196093;358466;0;327;1591735
A10-2019;70715;1;2054611;2327498;1203898;1807242;181945;227951;709396;0;739;1013960
A10-2019;70716;1;38960569;39155129;4463468;4597468;10291971;3906251;13245474;0;11867;13531420
A10-2019;70717;1;14319369;14964143;635900;351657;1968090;2046510;4645862;0;4687;16770206
A10-2019;70718;1;3208510;2414573;656362;748807;178172;169254;857912;0;902;1152906
A10-2019;70719;1;7165979;6902746;202698;787438;1439909;1194775;3110082;0;3296;3823484
A10-2019;70720;1;3304769;3083755;2043574;845490;316275;349643;1406623;0;1486;1105757
A10-2019;70721;1;2936971;2648695;505133;478359;203945;327708;759961;0;668;685535
A10-2019;70723;1;4036586;3459669;233029;233029;171386;300597;1157385;0;1151;704568
A10-2019;70724;1;3028493;2923193;778375;634288;354626;490544;1031578;0;852;1038112
A10-2019;70725;1;999960;841870;377329;508902;89801;121714;276407;0;285;659723
A10-2019;70726;1;1731759;1778410;113857;199922;117551;138898;671370;0;668;550468
A10-2019;70727;1;1833933;1902581;0;0;37197;78264;451542;0;474;1346388
A10-2019;70728;1;5270266;5095892;548018;766048;866102;642561;2093769;0;2048;2779105
A10-2019;70729;1;2122568;2234667;249653;249653;215323;139940;790631;0;808;201534
A10-2019;70731;1;1967296;2026667;120600;78215;108341;218024;599408;0;611;251458
A10-2019;70732;1;2777214;2792761;850337;850337;266974;353079;1387395;0;1438;862679
A10-2019;70733;1;1595913;1475159;373045;587789;43055;156605;223533;0;234;616093
A10-2019;70734;1;5445853;5082482;183251;364662;268394;536056;2131685;0;2201;2419768
A10-2019;70735;1;3029152;2854196;2254724;2523959;894737;288871;971132;0;976;3006512
A10-2019;70801;1;1872852;1961988;1260402;1046100;161208;174503;676043;0;618;3083593
A10-2019;70802;1;3314399;2838357;620014;891803;349366;430389;736492;0;559;2467148
A10-2019;70803;1;1965376;1916534;1239315;1360953;260998;291157;713120;0;626;1776884
A10-2019;70804;1;1833904;1906029;58088;15109;159488;233767;817124;0;781;343153
A10-2019;70805;1;6699472;6806848;898095;942907;3722560;516725;1404990;0;1420;4827237
A10-2019;70806;1;2100261;2145399;86524;12177;171972;235719;801298;0;822;1524314
A10-2019;70807;1;9482145;8904691;1994005;2342191;1640822;1754423;2848503;0;2589;4128815
A10-2019;70808;1;2426459;2550809;570373;400000;348687;275211;942915;0;892;2146497
A10-2019;70809;1;983750;987891;519438;440000;59006;86369;362158;0;373;917473
A10-2019;70810;1;958711;1007912;0;0;158874;61448;250673;0;263;65461
A10-2019;70811;1;3161363;3624041;0;0;705286;592056;953678;0;598;477367
A10-2019;70812;1;505623;495031;0;0;10111;10033;53759;0;48;1349932
A10-2019;70813;1;1659492;1650044;0;0;131985;109618;660744;0;684;375995
A10-2019;70814;1;2084206;2130862;0;0;114617;131403;542516;0;530;0
A10-2019;70815;1;451139;428206;0;0;14469;21071;96062;0;92;58188
A10-2019;70816;1;3838015;3919096;158738;178892;756242;279250;1188837;0;1198;863768
A10-2019;70817;1;2144357;2080737;0;0;229999;229377;524481;0;416;990529
A10-2019;70818;1;1048434;1090101;0;0;175169;135637;343378;0;293;396092
A10-2019;70819;1;767755;691354;698780;1357905;11681;7142;78631;0;76;2506413
A10-2019;70820;1;4161770;4076190;310247;259323;867847;487143;2000663;0;2082;1712063
A10-2019;70821;1;4414830;4557311;109400;144000;982871;881077;1631659;0;1166;1012429
A10-2019;70822;1;1003891;1001801;0;0;79120;73570;365319;0;384;394967
A10-2019;70823;1;426937;480138;0;0;6499;7063;74700;0;73;20596
A10-2019;70824;1;1913652;2077391;1654909;1109031;235126;444654;528740;0;459;976564
A10-2019;70825;1;470461;476036;0;0;18496;11958;115412;0;109;5268
A10-2019;70826;1;3099704;3503168;39477;121613;448155;339961;1326283;0;1397;1965653
A10-2019;70827;1;1029945;996149;331;6013;152084;99748;397107;0;410;145901
A10-2019;70828;1;22910847;22863152;3049129;3049129;6175432;419987;6457504;0;6730;9465848
A10-2019;70829;1;1466511;1294457;0;0;171347;128590;457353;0;433;84715
A10-2019;70830;1;1518565;1495774;0;0;162667;111945;449092;0;442;0
A10-2019;70831;1;2733259;2145774;471039;901156;231733;309581;723137;0;672;2248212
A10-2019;70832;1;4651113;4290939;118159;454568;796188;570417;1348012;0;1070;1347644
A10-2019;70833;1;3756531;3599097;303601;531039;746535;449549;1451838;0;1531;1912502
A10-2019;70834;1;1067816;1185176;192443;101490;36647;57248;241658;0;244;370125
A10-2019;70835;1;1985343;2079348;0;0;163544;268383;934470;0;937;525930
A10-2019;70836;1;2921042;2922289;390441;274000;451160;275101;1211740;0;1253;1901121
A10-2019;70837;1;843234;707530;0;0;77003;86017;256368;0;232;47592
A10-2019;70901;1;6665751;6359788;1858753;2686785;1100664;1086603;2470288;0;2183;6703465
A10-2019;70902;1;6045261;6082361;610507;846950;756806;592779;2126953;0;1863;3686380
A10-2019;70903;1;2238252;1991469;0;0;197476;65625;368196;0;354;141010
A10-2019;70904;1;1862622;1934108;441073;441073;117197;203370;1074241;0;1098;596882
A10-2019;70905;1;5284837;5008390;2077856;1582634;616268;518734;2435427;0;2562;1414539
A10-2019;70907;1;11389147;11080385;2113997;2113997;2534631;2335698;3947675;0;3170;9134871
A10-2019;70908;1;4842475;4839547;0;160865;868520;626645;1698208;0;1402;2191053
A10-2019;70909;1;11169946;11430248;2199018;2199018;2839139;1846740;4482060;0;4142;7508715
A10-2019;70910;1;4367377;4103772;684414;238158;646911;503493;1540105;0;1389;3496684
A10-2019;70911;1;1504865;1481397;103005;103005;146895;144128;635140;0;671;68249
A10-2019;70912;1;4207049;4086107;851665;1366600;1148471;983790;1325220;0;785;1108785
A10-2019;70913;1;1736767;1868894;0;0;97489;121289;528274;0;467;577435
A10-2019;70914;1;1555470;1530322;962872;640568;168318;193312;776751;0;734;998829
A10-2019;70915;1;3357148;3438802;1839940;1497844;330524;423268;1598999;0;1595;2527293
A10-2019;70916;1;3688455;3791793;545300;1048931;461441;692209;1625168;0;1463;2276762
A10-2019;70917;1;21529402;22197641;248553;158125;6131281;2093993;6740029;0;7107;19089818
A10-2019;70918;1;5112888;4919408;0;0;1227130;539071;1491490;0;1320;852782
A10-2019;70920;1;12752370;12635955;0;0;3311082;1614585;4986925;0;3843;2674073
A10-2019;70921;1;3446397;3274065;320132;700000;783886;300704;1141404;0;1173;4433349
A10-2019;70922;1;4404247;4245451;0;0;908078;409435;1678739;0;1600;2458953
A10-2019;70923;1;4520877;4018116;3982401;3982401;730973;514338;1380815;0;1272;2121044
A10-2019;70924;1;2005522;1968297;113134;91532;312283;151888;606656;0;569;357460
A10-2019;70925;1;4219943;3722127;290465;413458;512215;405201;1437636;0;1474;977070
A10-2019;70926;1;35400017;36544433;320572;337083;9850722;1342245;15321499;0;13729;5645302
A10-2019;70927;1;4666071;3989639;21474;20493;623591;644471;1855999;0;1694;2416830
A10-2019;70928;1;6538605;5893932;4040743;4401623;1633022;933476;1983440;0;2022;7142389
A10-2019;70929;1;1610775;1488895;3528;300122;102063;65043;279933;0;286;1065980
A10-2019;70930;1;3481725;3467638;839932;150000;864968;559187;840967;0;837;365658
A10-2019;70931;1;4203147;4074083;0;0;616093;384863;1984464;0;1897;3037534
A10-2019;70932;1;2068244;1974667;0;0;174308;208612;856768;0;848;278166
A10-2019;70933;1;6075200;6146836;750762;609526;1326729;653171;2063146;0;2178;1775005
A10-2019;70934;1;8166810;7996613;3172119;3172119;1742138;1427526;2718557;0;1933;4419646
A10-2019;70935;1;4710152;4566566;525907;525907;812159;783653;1887705;0;1830;1369909
A10-2019;70936;1;15221959;14841514;1348774;2142941;2791880;1302462;4903505;0;5127;9779104
A10-2019;70937;1;3464404;3643988;84941;84941;583217;379138;1473869;0;1538;22686
A10-2019;70938;1;5785844;5335864;47152;3746;371333;530108;2382816;0;2485;3166698
A10-2019;70939;1;6306261;5782534;3127929;3555554;816580;665401;2038545;0;2123;2149795
A10-2019;70940;1;5673705;5648112;1648622;1648622;1304900;920349;1975466;0;1755;1697594
A10-2019;70941;1;2248236;2171850;429898;393415;468718;261452;706450;0;649;1502325
A10-2019;80101;1;6843509;6834912;0;0;1091769;526642;2397974;0;2362;2456723
A10-2019;80102;1;5671239;5679824;0;0;73318;80051;342270;0;350;5446883
A10-2019;80103;1;49200804;49200804;0;0;8476876;6200289;16421556;0;14565;22580827
A10-2019;80104;1;10391118;10391117;0;0;1003027;647910;2323272;0;2390;7445998
A10-2019;80105;1;5619436;5594539;0;0;1801998;395285;956204;0;713;5843105
A10-2019;80106;1;13553360;13553361;0;0;3066839;893185;3197915;0;3276;3724660
A10-2019;80107;1;3638924;3638924;0;0;985764;304887;638552;0;565;3625661
A10-2019;80108;1;5148746;5148747;0;0;575800;259734;1609323;0;1590;2632830
A10-2019;80109;1;2287558;2287560;0;0;456194;139584;490666;0;440;2126441
A10-2019;80110;1;8803881;8803884;0;0;2794079;1191538;1834779;0;1458;4868468
A10-2019;80111;1;3173462;3173464;0;0;180224;205625;985125;0;983;926589
A10-2019;80112;1;5695613;5695614;0;0;1261952;365890;805597;0;683;7735058
A10-2019;80113;1;28637907;21663826;0;0;10940149;2809227;2607172;0;1530;4911494
A10-2019;80114;1;1174824;1174825;0;0;119965;53260;294480;0;303;368272
A10-2019;80115;1;14063692;14063693;0;0;1331484;1003932;3359122;0;3448;10872878
A10-2019;80116;1;26621701;28355711;0;0;7141809;2171915;6124298;0;6243;12421959
A10-2019;80117;1;18337650;18337649;0;0;2872258;1117648;4859232;0;4949;5196345
A10-2019;80118;1;4195315;4162488;0;0;244808;256383;891576;0;875;4027840
A10-2019;80119;1;1807498;1807498;0;0;206895;156057;709765;0;718;1291918
A10-2019;80120;1;11196663;11204824;0;0;3198767;1589122;2741638;0;2234;3992038
A10-2019;80121;1;1893247;1843440;0;0;80746;102878;402470;0;407;3971821
A10-2019;80122;1;17641993;17490749;0;0;5310365;1942262;3986256;0;3809;10171006
A10-2019;80123;1;3245427;3245428;0;0;561755;199516;896470;0;841;3804865
A10-2019;80124;1;2906915;2944098;0;0;313163;120747;677248;0;675;2712447
A10-2019;80125;1;1254204;1254204;0;0;131512;116556;283893;0;292;1075656
A10-2019;80126;1;8500330;8500329;0;0;1493207;504372;2188334;0;2242;5513772
A10-2019;80127;1;2844149;2844149;0;0;187020;138589;695470;0;714;2421474
A10-2019;80128;1;7926874;7607674;0;0;1558834;1031928;2371467;0;2185;8894516
A10-2019;80129;1;5933428;6542136;0;0;1580324;749019;2672118;0;2652;7534143
A10-2019;80201;1;9333860;9333861;0;0;1146004;665320;3177674;0;3247;3045561
A10-2019;80202;1;9625342;10096800;0;0;1380689;510325;2499689;0;2544;4579035
A10-2019;80203;1;5051686;5051684;0;0;1686386;365355;1890687;0;1744;91693
A10-2019;80204;1;5761894;5761896;0;0;1355953;631321;2087376;0;2009;1604580
A10-2019;80205;1;2069374;2069373;0;0;123304;154795;760306;0;766;2626844
A10-2019;80206;1;3073322;3073322;0;0;372535;205591;1084293;0;1086;596522
A10-2019;80207;1;100466253;100466253;11900491;11900491;20873544;6808583;40302884;2846300;29791;65903540
A10-2019;80208;1;1732616;1698702;0;0;62515;77161;586378;0;598;3196493
A10-2019;80209;1;3919800;3919800;0;0;1506635;341516;556494;0;309;3407621
A10-2019;80210;1;3482368;3457685;0;0;345498;268215;1007522;0;1032;1897323
A10-2019;80211;1;18760283;18760207;0;0;2109386;953591;3502576;0;3545;12681863
A10-2019;80212;1;3078593;2452470;0;0;210998;83164;425109;0;421;3352937
A10-2019;80213;1;11728770;11728771;0;0;2409509;1069541;3770867;0;3864;2268109
A10-2019;80214;1;5251952;5251954;0;0;1004923;381021;1772486;0;1819;1725695
A10-2019;80215;1;50544972;50544972;0;0;7816621;4189922;15194045;0;13476;31950351
A10-2019;80216;1;6464564;6464562;0;0;1143241;512192;2053528;0;2042;244274
A10-2019;80217;1;37328429;37328431;0;0;7799462;2173831;7834683;0;8019;20047069
A10-2019;80218;1;14689843;14689844;0;0;2339120;1692959;6196609;0;6351;190868
A10-2019;80219;1;4677922;3455714;0;0;117264;242519;1239339;0;1273;137484
A10-2019;80220;1;7291064;7291064;0;0;1415177;459225;1890296;0;1940;3623988
A10-2019;80221;1;2982301;2982300;0;0;243178;243099;1003307;0;1022;1722117
A10-2019;80222;1;5474679;5153812;0;0;370458;230953;1371220;0;1410;1517537
A10-2019;80223;1;4868416;4868416;0;0;580582;253905;1111332;0;1134;3059630
A10-2019;80224;1;28080321;28080322;0;0;6447918;2452650;11589785;0;10291;11770581
A10-2019;80225;1;7733098;7733097;0;0;765111;467594;1471214;0;1470;5644622
A10-2019;80226;1;15482197;14770132;0;0;1601344;1502772;5677446;0;5764;9337299
A10-2019;80227;1;5040731;5040730;0;0;1452812;353692;1426583;0;1302;4716251
A10-2019;80228;1;33628239;33628238;0;0;10241647;2926297;6249836;257017;4844;17018130
A10-2019;80229;1;3384297;3384296;0;0;101170;129779;524398;0;536;1807645
A10-2019;80230;1;2767039;2767039;0;0;799092;218586;727293;0;666;975722
A10-2019;80231;1;4078021;4078020;0;0;444302;201530;1094495;0;1090;1504688
A10-2019;80232;1;1574028;1574028;0;0;273212;100020;457405;0;448;382554
A10-2019;80233;1;3298964;3298966;0;0;928967;198863;1100638;0;953;2031391
A10-2019;80234;1;3437446;3348716;0;0;595054;152068;298050;0;216;3633842
A10-2019;80235;1;10464478;10464477;0;0;3043585;900206;3819137;0;3919;3889631
A10-2019;80236;1;6823244;6823245;0;0;1086743;370404;1858773;0;1856;1014469
A10-2019;80237;1;1188716;1188714;0;0;194060;129291;413449;0;405;273933
A10-2019;80238;1;6685778;6685779;0;0;670710;336926;1823658;0;1833;2986032
A10-2019;80239;1;6001350;6001350;0;0;1665307;345192;345974;0;168;4888669
A10-2019;80240;1;32264495;32264494;0;0;9592230;1797524;8257499;0;8460;4474117
A10-2019;80301;1;314272564;314272562;0;0;33015633;12519170;74833947;0;49217;153639306
A10-2019;80302;1;55839162;55839164;0;0;7208608;4820821;18415904;0;16334;24038800
A10-2019;80303;1;77175378;74881354;0;0;9820410;6728702;30839777;0;22797;67677852
A10-2019;80401;1;19024802;19024801;0;0;2147774;2957772;6435479;0;6614;10279171
A10-2019;80402;1;2355712;2279353;0;0;48151;103412;407012;0;417;1100564
A10-2019;80403;1;1118775;1118776;0;0;37443;37266;153962;0;154;1439688
A10-2019;80404;1;81740237;83899967;13802324;11642593;13910234;6674518;45020036;0;33279;43514008
A10-2019;80405;1;22089752;18295000;0;0;2921294;2617425;6237591;0;6397;3010832
A10-2019;80406;1;2288167;2118246;0;0;103577;172096;692312;0;702;4142902
A10-2019;80407;1;9632791;9737226;0;0;952670;699382;3212888;0;3305;13775527
A10-2019;80408;1;35301538;35301537;0;0;6520344;3513975;12895120;0;11436;26872016
A10-2019;80409;1;9707215;9707214;0;0;2940036;805938;3060984;0;3142;13716962
A10-2019;80410;1;12017366;12017363;0;0;2179059;1060467;4440487;0;4557;1227887
A10-2019;80411;1;3793400;3485012;0;0;221469;269649;671078;0;659;3954008
A10-2019;80412;1;10623185;10623187;0;0;1618570;993094;3922595;0;4026;7171580
A10-2019;80413;1;5100650;5100652;0;0;673682;320425;2187662;0;2245;971982
A10-2019;80414;1;36874629;36874631;0;0;9167277;2472471;13358950;0;11848;10342973
A10-2019;80415;1;1797004;1716810;0;0;67100;76682;341071;0;350;2109275
A10-2019;80416;1;6195752;6195753;0;0;1742506;701905;1897619;0;1948;1242797
A10-2019;80417;1;9011429;9011431;0;0;545627;558200;2618668;0;2698;602369
A10-2019;80418;1;6496239;6496239;0;0;1071513;560001;2323009;0;2378;5491928
A10-2019;80419;1;2053936;2053935;0;0;145955;202922;780495;0;801;812839
A10-2019;80420;1;12162090;12353251;0;0;1547738;706086;2488987;0;2554;7829881
A10-2019;80421;1;2376135;2875295;0;0;121213;138998;617255;0;627;1706871
A10-2019;80422;1;1329569;1329567;0;0;88603;79840;403263;0;408;31832
A10-2019;80423;1;6057656;6057655;0;0;1148041;524142;2036718;0;2090;3697501
A10-2019;80424;1;8857088;8857088;0;0;556114;673974;3108801;0;3196;4913997
A10-2019;90101;1;14212725265;14212725266;0;0;1797649171;522183914;6472010897;7035791;1883706;6691147321
