31101,Altenburg
31102,Brunn an der Wild
31123,St. Bernhard-Frauenhofen
31109,Horn
31102,Brunn an der Wild
31106,Gars am Kamp
31101,Altenburg
31106,Gars am Kamp
31123,St. Bernhard-Frauenhofen
31102,Brunn an der Wild
31102,Brunn an der Wild
31109,Horn
31110,Irnfritz-Messern
31117,Pernegg
31106,Gars am Kamp
31119,Röhrenbach
31102,Brunn an der Wild
31123,St. Bernhard-Frauenhofen
31101,Altenburg
90001,Wien
31102,Brunn an der Wild
31106,Gars am Kamp
31119,Röhrenbach
31119,Röhrenbach
31110,Irnfritz-Messern
31123,St. Bernhard-Frauenhofen
31110,Irnfritz-Messern
31109,Horn
31110,Irnfritz-Messern
31106,Gars am Kamp
31106,Gars am Kamp
31117,Pernegg
31106,Gars am Kamp
31117,Pernegg
31101,Altenburg
31102,Brunn an der Wild
31106,Gars am Kamp
31110,Irnfritz-Messern
31109,Horn
31121,Rosenburg-Mold
90001,Wien
31121,Rosenburg-Mold
31109,Horn
31119,Röhrenbach
31102,Brunn an der Wild
31117,Pernegg
31106,Gars am Kamp
31110,Irnfritz-Messern
31117,Pernegg
31123,St. Bernhard-Frauenhofen
31117,Pernegg
90001,Wien
31117,Pernegg
31110,Irnfritz-Messern
31119,Röhrenbach
31121,Rosenburg-Mold
31110,Irnfritz-Messern
31110,Irnfritz-Messern
31121,Rosenburg-Mold
31117,Pernegg
31101,Altenburg
90001,Wien
31123,St. Bernhard-Frauenhofen
31119,Röhrenbach
31106,Gars am Kamp
31110,Irnfritz-Messern
31102,Brunn an der Wild
31106,Gars am Kamp
31110,Irnfritz-Messern
31119,Röhrenbach
31106,Gars am Kamp
31102,Brunn an der Wild
31121,Rosenburg-Mold
31106,Gars am Kamp
31119,Röhrenbach
31110,Irnfritz-Messern
31106,Gars am Kamp
90001,Wien
90001,Wien
90001,Wien
31103,Burgschleinitz-Kühnring
31124,Sigmundsherberg
31103,Burgschleinitz-Kühnring
31103,Burgschleinitz-Kühnring
31105,Eggenburg
31105,Eggenburg
31130,Straning-Grafenberg
31105,Eggenburg
90001,Wien
31103,Burgschleinitz-Kühnring
31130,Straning-Grafenberg
31103,Burgschleinitz-Kühnring
31120,Röschitz
31124,Sigmundsherberg
31114,Meiseldorf
31103,Burgschleinitz-Kühnring
31114,Meiseldorf
31103,Burgschleinitz-Kühnring
31114,Meiseldorf
31124,Sigmundsherberg
31120,Röschitz
31103,Burgschleinitz-Kühnring
31124,Sigmundsherberg
31120,Röschitz
31120,Röschitz
31103,Burgschleinitz-Kühnring
31124,Sigmundsherberg
31103,Burgschleinitz-Kühnring
31114,Meiseldorf
31105,Eggenburg
31130,Straning-Grafenberg
31124,Sigmundsherberg
31124,Sigmundsherberg
31130,Straning-Grafenberg
31103,Burgschleinitz-Kühnring
31124,Sigmundsherberg
31105,Eggenburg
31104,Drosendorf-Zissersdorf
31107,Geras
31104,Drosendorf-Zissersdorf
31104,Drosendorf-Zissersdorf
31104,Drosendorf-Zissersdorf
31129,Weitersfeld
31107,Geras
31107,Geras
31107,Geras
31111,Japons
31107,Geras
31129,Weitersfeld
31104,Drosendorf-Zissersdorf
31113,Langau
31129,Weitersfeld
31107,Geras
31111,Japons
31107,Geras
31113,Langau
31129,Weitersfeld
31107,Geras
31104,Drosendorf-Zissersdorf
31129,Weitersfeld
31107,Geras
31129,Weitersfeld
31129,Weitersfeld
31107,Geras
31107,Geras
31129,Weitersfeld
31111,Japons
31111,Japons
31107,Geras
31104,Drosendorf-Zissersdorf
31104,Drosendorf-Zissersdorf
31107,Geras
31129,Weitersfeld
31104,Drosendorf-Zissersdorf
31104,Drosendorf-Zissersdorf
31111,Japons
31104,Drosendorf-Zissersdorf
31104,Drosendorf-Zissersdorf
31111,Japons
31111,Japons
31111,Japons
31129,Weitersfeld
31129,Weitersfeld
31129,Weitersfeld
31205,Großrußbach
31207,Harmannsdorf
31207,Harmannsdorf
31205,Großrußbach
31205,Großrußbach
31213,Korneuburg
31203,Ernstbrunn
31216,Leobendorf
31207,Harmannsdorf
90001,Wien
31203,Ernstbrunn
31216,Leobendorf
31216,Leobendorf
31207,Harmannsdorf
31207,Harmannsdorf
31205,Großrußbach
31207,Harmannsdorf
31203,Ernstbrunn
31229,Stetten
31216,Leobendorf
90001,Wien
31205,Großrußbach
31205,Großrußbach
31207,Harmannsdorf
31201,Bisamberg
31202,Enzersfeld im Weinviertel
31206,Hagenbrunn
31206,Hagenbrunn
31201,Bisamberg
31202,Enzersfeld im Weinviertel
31214,Langenzersdorf
90001,Wien
31203,Ernstbrunn
31203,Ernstbrunn
31203,Ernstbrunn
31203,Ernstbrunn
31203,Ernstbrunn
31203,Ernstbrunn
31203,Ernstbrunn
31203,Ernstbrunn
31203,Ernstbrunn
31203,Ernstbrunn
90001,Wien
31203,Ernstbrunn
90001,Wien
90001,Wien
90001,Wien
90001,Wien
90001,Wien
31234,Niederhollabrunn
31228,Stetteldorf am Wagram
31234,Niederhollabrunn
31204,Großmugl
31208,Hausleiten
31204,Großmugl
31204,Großmugl
31208,Hausleiten
31234,Niederhollabrunn
31215,Leitzersdorf
31208,Hausleiten
31226,Sierndorf
31226,Sierndorf
31204,Großmugl
31226,Sierndorf
31234,Niederhollabrunn
31228,Stetteldorf am Wagram
31215,Leitzersdorf
31226,Sierndorf
31226,Sierndorf
31204,Großmugl
31204,Großmugl
31226,Sierndorf
31204,Großmugl
31226,Sierndorf
31208,Hausleiten
31208,Hausleiten
31204,Großmugl
31204,Großmugl
31224,Rußbach
31224,Rußbach
31208,Hausleiten
31208,Hausleiten
31226,Sierndorf
31226,Sierndorf
31227,Spillern
31228,Stetteldorf am Wagram
31204,Großmugl
31228,Stetteldorf am Wagram
31230,Stockerau
31234,Niederhollabrunn
31208,Hausleiten
31215,Leitzersdorf
31215,Leitzersdorf
31215,Leitzersdorf
31208,Hausleiten
31208,Hausleiten
31230,Stockerau
31230,Stockerau
31224,Rußbach
31324,Lichtenau im Waldviertel
31324,Lichtenau im Waldviertel
31321,Krumau am Kamp
31324,Lichtenau im Waldviertel
31321,Krumau am Kamp
31319,Jaidhof
31319,Jaidhof
31319,Jaidhof
31324,Lichtenau im Waldviertel
90001,Wien
31311,Gföhl
31311,Gföhl
31311,Gföhl
31311,Gföhl
31311,Gföhl
31336,Rastenfeld
31324,Lichtenau im Waldviertel
31311,Gföhl
31340,St. Leonhard am Hornerwald
31319,Jaidhof
90001,Wien
31324,Lichtenau im Waldviertel
31321,Krumau am Kamp
31321,Krumau am Kamp
31324,Lichtenau im Waldviertel
31311,Gföhl
31324,Lichtenau im Waldviertel
31311,Gföhl
31324,Lichtenau im Waldviertel
31336,Rastenfeld
31311,Gföhl
90001,Wien
31311,Gföhl
31311,Gföhl
31311,Gföhl
31311,Gföhl
31336,Rastenfeld
31311,Gföhl
31324,Lichtenau im Waldviertel
31336,Rastenfeld
31321,Krumau am Kamp
90001,Wien
31311,Gföhl
31336,Rastenfeld
31336,Rastenfeld
31311,Gföhl
31311,Gföhl
31324,Lichtenau im Waldviertel
31319,Jaidhof
31311,Gföhl
31336,Rastenfeld
90001,Wien
31324,Lichtenau im Waldviertel
31340,St. Leonhard am Hornerwald
31321,Krumau am Kamp
31324,Lichtenau im Waldviertel
31340,St. Leonhard am Hornerwald
31340,St. Leonhard am Hornerwald
31324,Lichtenau im Waldviertel
31340,St. Leonhard am Hornerwald
31336,Rastenfeld
90001,Wien
31324,Lichtenau im Waldviertel
31324,Lichtenau im Waldviertel
31324,Lichtenau im Waldviertel
31324,Lichtenau im Waldviertel
31321,Krumau am Kamp
90001,Wien
90001,Wien
90001,Wien
90001,Wien
31310,Gedersdorf
31310,Gedersdorf
31356,Droß
31356,Droß
31304,Dürnstein
30101,Krems an der Donau
31310,Gedersdorf
30101,Krems an der Donau
90001,Wien
31343,Senftenberg
30101,Krems an der Donau
30101,Krems an der Donau
31304,Dürnstein
31304,Dürnstein
31350,Weinzierl am Walde
31337,Rohrendorf bei Krems
90001,Wien
31350,Weinzierl am Walde
31350,Weinzierl am Walde
31343,Senftenberg
30101,Krems an der Donau
31350,Weinzierl am Walde
31343,Senftenberg
31337,Rohrendorf bei Krems
31337,Rohrendorf bei Krems
30101,Krems an der Donau
31310,Gedersdorf
90001,Wien
31343,Senftenberg
30101,Krems an der Donau
31350,Weinzierl am Walde
31310,Gedersdorf
31347,Stratzing
31310,Gedersdorf
31310,Gedersdorf
30101,Krems an der Donau
31350,Weinzierl am Walde
90001,Wien
31351,Weißenkirchen in der Wachau
31302,Albrechtsberg an der Großen Krems
31302,Albrechtsberg an der Großen Krems
31302,Albrechtsberg an der Großen Krems
31302,Albrechtsberg an der Großen Krems
31309,Furth bei Göttweig
30101,Krems an der Donau
31333,Paudorf
31327,Mautern an der Donau
31303,Bergern im Dunkelsteinerwald
90001,Wien
31303,Bergern im Dunkelsteinerwald
31333,Paudorf
31309,Furth bei Göttweig
31333,Paudorf
31309,Furth bei Göttweig
31303,Bergern im Dunkelsteinerwald
31309,Furth bei Göttweig
31333,Paudorf
30101,Krems an der Donau
31333,Paudorf
90001,Wien
31333,Paudorf
31303,Bergern im Dunkelsteinerwald
31327,Mautern an der Donau
31327,Mautern an der Donau
31333,Paudorf
31303,Bergern im Dunkelsteinerwald
31309,Furth bei Göttweig
31338,Rossatz-Arnsdorf
31338,Rossatz-Arnsdorf
31303,Bergern im Dunkelsteinerwald
31303,Bergern im Dunkelsteinerwald
31309,Furth bei Göttweig
30101,Krems an der Donau
31303,Bergern im Dunkelsteinerwald
31343,Senftenberg
31343,Senftenberg
31302,Albrechtsberg an der Großen Krems
31302,Albrechtsberg an der Großen Krems
31302,Albrechtsberg an der Großen Krems
31302,Albrechtsberg an der Großen Krems
31302,Albrechtsberg an der Großen Krems
31302,Albrechtsberg an der Großen Krems
31350,Weinzierl am Walde
31350,Weinzierl am Walde
31350,Weinzierl am Walde
31351,Weißenkirchen in der Wachau
31350,Weinzierl am Walde
31338,Rossatz-Arnsdorf
31350,Weinzierl am Walde
31338,Rossatz-Arnsdorf
31351,Weißenkirchen in der Wachau
31350,Weinzierl am Walde
31351,Weißenkirchen in der Wachau
31355,Schönberg am Kamp
31355,Schönberg am Kamp
31308,Grafenegg
31346,Straß im Straßertale
31346,Straß im Straßertale
31308,Grafenegg
31308,Grafenegg
31355,Schönberg am Kamp
31355,Schönberg am Kamp
31322,Langenlois
31315,Hadersdorf-Kammern
31322,Langenlois
31315,Hadersdorf-Kammern
31355,Schönberg am Kamp
31322,Langenlois
31323,Lengenfeld
31322,Langenlois
31355,Schönberg am Kamp
31355,Schönberg am Kamp
31346,Straß im Straßertale
31355,Schönberg am Kamp
31355,Schönberg am Kamp
31355,Schönberg am Kamp
31322,Langenlois
31322,Langenlois
31322,Langenlois
31355,Schönberg am Kamp
31355,Schönberg am Kamp
31346,Straß im Straßertale
31355,Schönberg am Kamp
31308,Grafenegg
31346,Straß im Straßertale
31322,Langenlois
31308,Grafenegg
31308,Grafenegg
31308,Grafenegg
31308,Grafenegg
31301,Aggsbach
31330,Mühldorf
31326,Maria Laach am Jauerling
31330,Mühldorf
31326,Maria Laach am Jauerling
31326,Maria Laach am Jauerling
31326,Maria Laach am Jauerling
31301,Aggsbach
31344,Spitz
31326,Maria Laach am Jauerling
31326,Maria Laach am Jauerling
31326,Maria Laach am Jauerling
31301,Aggsbach
31326,Maria Laach am Jauerling
31326,Maria Laach am Jauerling
31326,Maria Laach am Jauerling
31326,Maria Laach am Jauerling
31326,Maria Laach am Jauerling
31330,Mühldorf
31326,Maria Laach am Jauerling
31326,Maria Laach am Jauerling
31330,Mühldorf
31330,Mühldorf
31330,Mühldorf
31330,Mühldorf
31330,Mühldorf
31326,Maria Laach am Jauerling
31344,Spitz
31344,Spitz
31326,Maria Laach am Jauerling
31330,Mühldorf
31344,Spitz
31326,Maria Laach am Jauerling
31326,Maria Laach am Jauerling
31301,Aggsbach
31326,Maria Laach am Jauerling
31326,Maria Laach am Jauerling
31611,Gaubitsch
31611,Gaubitsch
31629,Laa an der Thaya
31629,Laa an der Thaya
31616,Großharras
31649,Staatz
31613,Gnadendorf
90001,Wien
31649,Staatz
31609,Fallbach
31609,Fallbach
31611,Gaubitsch
31629,Laa an der Thaya
31613,Gnadendorf
31609,Fallbach
31609,Fallbach
31629,Laa an der Thaya
31616,Großharras
90001,Wien
31634,Neudorf im Weinviertel
31634,Neudorf im Weinviertel
31629,Laa an der Thaya
31629,Laa an der Thaya
31629,Laa an der Thaya
31609,Fallbach
31653,Wildendürnbach
31634,Neudorf im Weinviertel
90001,Wien
31629,Laa an der Thaya
31613,Gnadendorf
31650,Stronsdorf
31650,Stronsdorf
31653,Wildendürnbach
31653,Wildendürnbach
31613,Gnadendorf
31613,Gnadendorf
90001,Wien
31629,Laa an der Thaya
31653,Wildendürnbach
31650,Stronsdorf
31650,Stronsdorf
31649,Staatz
31652,Unterstinkenbrunn
31650,Stronsdorf
31650,Stronsdorf
31629,Laa an der Thaya
31649,Staatz
90001,Wien
31613,Gnadendorf
31653,Wildendürnbach
31649,Staatz
31629,Laa an der Thaya
31634,Neudorf im Weinviertel
31613,Gnadendorf
31616,Großharras
31649,Staatz
90001,Wien
90001,Wien
31539,St. Leonhard am Forst
31513,Hürm
31513,Hürm
31504,Bischofstetten
31513,Hürm
90001,Wien
31551,Texingtal
31515,Kirnberg an der Mank
31537,Ruprechtshofen
31539,St. Leonhard am Forst
31521,Mank
90001,Wien
31513,Hürm
31513,Hürm
31514,Kilb
31514,Kilb
31513,Hürm
31513,Hürm
31521,Mank
31514,Kilb
90001,Wien
31514,Kilb
31515,Kirnberg an der Mank
31513,Hürm
31521,Mank
31521,Mank
31515,Kirnberg an der Mank
90001,Wien
31513,Hürm
31513,Hürm
31513,Hürm
31513,Hürm
31513,Hürm
31513,Hürm
31537,Ruprechtshofen
31551,Texingtal
90001,Wien
31513,Hürm
31537,Ruprechtshofen
31514,Kilb
31537,Ruprechtshofen
31539,St. Leonhard am Forst
31537,Ruprechtshofen
31551,Texingtal
31539,St. Leonhard am Forst
31513,Hürm
31551,Texingtal
31513,Hürm
31551,Texingtal
31521,Mank
31551,Texingtal
31514,Kilb
31514,Kilb
31513,Hürm
31513,Hürm
31551,Texingtal
31521,Mank
31537,Ruprechtshofen
31542,Schönbühel-Aggsbach
31542,Schönbühel-Aggsbach
31520,Loosdorf
31543,Schollach
31502,Artstetten-Pöbring
31550,Zelking-Matzleinsdorf
31542,Schönbühel-Aggsbach
31533,Pöchlarn
31519,Leiben
31507,Dunkelsteinerwald
31508,Erlauf
31550,Zelking-Matzleinsdorf
31507,Dunkelsteinerwald
31507,Dunkelsteinerwald
31507,Dunkelsteinerwald
31509,Golling an der Erlauf
31524,Melk
31508,Erlauf
31507,Dunkelsteinerwald
31507,Dunkelsteinerwald
31507,Dunkelsteinerwald
31507,Dunkelsteinerwald
31507,Dunkelsteinerwald
31542,Schönbühel-Aggsbach
31516,Klein-Pöchlarn
31507,Dunkelsteinerwald
31508,Erlauf
31507,Dunkelsteinerwald
31524,Melk
31507,Dunkelsteinerwald
31517,Krummnußbaum
31507,Dunkelsteinerwald
31519,Leiben
31519,Leiben
31507,Dunkelsteinerwald
31520,Loosdorf
31519,Leiben
31507,Dunkelsteinerwald
31519,Leiben
31550,Zelking-Matzleinsdorf
31550,Zelking-Matzleinsdorf
31507,Dunkelsteinerwald
31524,Melk
31543,Schollach
31520,Loosdorf
31507,Dunkelsteinerwald
31507,Dunkelsteinerwald
31507,Dunkelsteinerwald
31533,Pöchlarn
31507,Dunkelsteinerwald
31524,Melk
31524,Melk
31533,Pöchlarn
31524,Melk
31533,Pöchlarn
31543,Schollach
31520,Loosdorf
31533,Pöchlarn
31524,Melk
31543,Schollach
31543,Schollach
31542,Schönbühel-Aggsbach
31524,Melk
31520,Loosdorf
31524,Melk
31508,Erlauf
31507,Dunkelsteinerwald
31507,Dunkelsteinerwald
31507,Dunkelsteinerwald
31519,Leiben
31524,Melk
31542,Schönbühel-Aggsbach
31533,Pöchlarn
31550,Zelking-Matzleinsdorf
31502,Artstetten-Pöbring
31502,Artstetten-Pöbring
31502,Artstetten-Pöbring
31502,Artstetten-Pöbring
31502,Artstetten-Pöbring
31553,Emmersdorf an der Donau
31553,Emmersdorf an der Donau
31553,Emmersdorf an der Donau
31553,Emmersdorf an der Donau
31553,Emmersdorf an der Donau
31553,Emmersdorf an der Donau
31553,Emmersdorf an der Donau
31553,Emmersdorf an der Donau
31553,Emmersdorf an der Donau
31553,Emmersdorf an der Donau
31553,Emmersdorf an der Donau
31553,Emmersdorf an der Donau
31517,Krummnußbaum
31552,Yspertal
31528,Nöchling
31522,Marbach an der Donau
31506,Dorfstetten
31541,St. Oswald
31530,Persenbeug-Gottsdorf
31522,Marbach an der Donau
31530,Persenbeug-Gottsdorf
31511,Hofamt Priel
31552,Yspertal
31552,Yspertal
31522,Marbach an der Donau
31522,Marbach an der Donau
31523,Maria Taferl
31528,Nöchling
31528,Nöchling
31523,Maria Taferl
31523,Maria Taferl
31530,Persenbeug-Gottsdorf
31523,Maria Taferl
31511,Hofamt Priel
31541,St. Oswald
31541,St. Oswald
31523,Maria Taferl
31523,Maria Taferl
31511,Hofamt Priel
31523,Maria Taferl
31552,Yspertal
31535,Raxendorf
31502,Artstetten-Pöbring
31534,Pöggstall
31534,Pöggstall
31534,Pöggstall
31535,Raxendorf
31534,Pöggstall
31534,Pöggstall
31502,Artstetten-Pöbring
31535,Raxendorf
31546,Weiten
31546,Weiten
31535,Raxendorf
31546,Weiten
31534,Pöggstall
31525,Münichreith-Laimbach
31546,Weiten
31535,Raxendorf
31534,Pöggstall
31534,Pöggstall
31534,Pöggstall
31525,Münichreith-Laimbach
31534,Pöggstall
31535,Raxendorf
31535,Raxendorf
31502,Artstetten-Pöbring
31534,Pöggstall
31535,Raxendorf
31546,Weiten
31535,Raxendorf
31546,Weiten
31534,Pöggstall
31534,Pöggstall
31546,Weiten
31535,Raxendorf
31534,Pöggstall
31535,Raxendorf
31535,Raxendorf
31534,Pöggstall
31534,Pöggstall
31502,Artstetten-Pöbring
31534,Pöggstall
31535,Raxendorf
31502,Artstetten-Pöbring
31535,Raxendorf
31502,Artstetten-Pöbring
31534,Pöggstall
31535,Raxendorf
31534,Pöggstall
31534,Pöggstall
31546,Weiten
31535,Raxendorf
31535,Raxendorf
31502,Artstetten-Pöbring
31546,Weiten
31535,Raxendorf
31534,Pöggstall
31546,Weiten
31546,Weiten
31502,Artstetten-Pöbring
31535,Raxendorf
31534,Pöggstall
31534,Pöggstall
31535,Raxendorf
31534,Pöggstall
31534,Pöggstall
31546,Weiten
31546,Weiten
31534,Pöggstall
31535,Raxendorf
31535,Raxendorf
31534,Pöggstall
31535,Raxendorf
31525,Münichreith-Laimbach
31525,Münichreith-Laimbach
31525,Münichreith-Laimbach
31525,Münichreith-Laimbach
31525,Münichreith-Laimbach
31525,Münichreith-Laimbach
31525,Münichreith-Laimbach
31525,Münichreith-Laimbach
31505,Blindenmarkt
31549,Ybbs an der Donau
31549,Ybbs an der Donau
31503,Bergland
31503,Bergland
31540,St. Martin-Karlsbach
31527,Neumarkt an der Ybbs
31505,Blindenmarkt
31503,Bergland
31527,Neumarkt an der Ybbs
31531,Petzenkirchen
31503,Bergland
31503,Bergland
31549,Ybbs an der Donau
31549,Ybbs an der Donau
31540,St. Martin-Karlsbach
31505,Blindenmarkt
31503,Bergland
31549,Ybbs an der Donau
31603,Asparn an der Zaya
31612,Gaweinstal
31654,Wilfersdorf
31633,Mistelbach
31654,Wilfersdorf
31630,Ladendorf
31633,Mistelbach
90001,Wien
31633,Mistelbach
31630,Ladendorf
31612,Gaweinstal
31630,Ladendorf
31636,Niederleis
31630,Ladendorf
31654,Wilfersdorf
31612,Gaweinstal
90001,Wien
31633,Mistelbach
31633,Mistelbach
31633,Mistelbach
31636,Niederleis
31630,Ladendorf
31633,Mistelbach
31603,Asparn an der Zaya
31633,Mistelbach
31630,Ladendorf
90001,Wien
31636,Niederleis
31636,Niederleis
31603,Asparn an der Zaya
31633,Mistelbach
31612,Gaweinstal
31630,Ladendorf
31603,Asparn an der Zaya
31612,Gaweinstal
31633,Mistelbach
90001,Wien
31654,Wilfersdorf
31603,Asparn an der Zaya
31612,Gaweinstal
90001,Wien
90001,Wien
90001,Wien
90001,Wien
90001,Wien
90001,Wien
31617,Großkrut
31601,Altlichtenwarth
31644,Poysdorf
31604,Bernhardsthal
31606,Drasenhofen
31644,Poysdorf
31608,Falkenstein
31644,Poysdorf
90001,Wien
31617,Großkrut
31617,Großkrut
31658,Ottenthal
31617,Großkrut
31620,Hausbrunn
31621,Herrnbaumgarten
31644,Poysdorf
31604,Bernhardsthal
31644,Poysdorf
31644,Poysdorf
90001,Wien
31606,Drasenhofen
31658,Ottenthal
31644,Poysdorf
31644,Poysdorf
31644,Poysdorf
31645,Rabensburg
31604,Bernhardsthal
31646,Schrattenberg
31606,Drasenhofen
31606,Drasenhofen
90001,Wien
31644,Poysdorf
31644,Poysdorf
31644,Poysdorf
90001,Wien
90001,Wien
31605,Bockfließ
31622,Hochleithen
31614,Großebersdorf
31614,Großebersdorf
31615,Großengersdorf
31627,Kreuttal
31651,Ulrichskirchen-Schleinbach
31614,Großebersdorf
31655,Wolkersdorf im Weinviertel
31628,Kreuzstetten
31655,Wolkersdorf im Weinviertel
31655,Wolkersdorf im Weinviertel
31642,Pillichsdorf
31614,Großebersdorf
31642,Pillichsdorf
31655,Wolkersdorf im Weinviertel
31651,Ulrichskirchen-Schleinbach
31628,Kreuzstetten
31622,Hochleithen
31651,Ulrichskirchen-Schleinbach
31627,Kreuttal
31605,Bockfließ
31622,Hochleithen
31655,Wolkersdorf im Weinviertel
31628,Kreuzstetten
31627,Kreuttal
90001,Wien
90001,Wien
90001,Wien
90001,Wien
90001,Wien
31701,Achau
31706,Gaaden
31702,Biedermannsdorf
31703,Breitenfurt bei Wien
31704,Brunn am Gebirge
31726,Wienerwald
31706,Gaaden
31707,Gießhübl
31726,Wienerwald
31709,Gumpoldskirchen
31710,Guntramsdorf
31711,Hennersdorf
31712,Hinterbrühl
31703,Breitenfurt bei Wien
31713,Kaltenleutgeben
31714,Laab im Walde
31715,Laxenburg
31716,Maria Enzersdorf
31717,Mödling
31718,Münchendorf
31719,Perchtoldsdorf
31726,Wienerwald
31712,Hinterbrühl
31726,Wienerwald
31726,Wienerwald
31723,Vösendorf
31712,Hinterbrühl
31725,Wiener Neudorf
90001,Wien
90001,Wien
90001,Wien
90001,Wien
90001,Wien
90001,Wien
90001,Wien
90001,Wien
90001,Wien
90001,Wien
90001,Wien
90001,Wien
90001,Wien
90001,Wien
90001,Wien
90001,Wien
32144,Klosterneuburg
32144,Klosterneuburg
32144,Klosterneuburg
32144,Klosterneuburg
32144,Klosterneuburg
32144,Klosterneuburg
32144,Klosterneuburg
31235,Gerasdorf bei Wien
31235,Gerasdorf bei Wien
31235,Gerasdorf bei Wien
31001,Alberndorf im Pulkautal
31018,Haugsdorf
31042,Seefeld-Kadolz
31015,Hadres
31018,Haugsdorf
31018,Haugsdorf
31025,Mailberg
31015,Hadres
31033,Pernersdorf
90001,Wien
31033,Pernersdorf
31033,Pernersdorf
31033,Pernersdorf
31042,Seefeld-Kadolz
31015,Hadres
90001,Wien
90001,Wien
90001,Wien
90001,Wien
90001,Wien
90001,Wien
90001,Wien
31052,Zellerndorf
31052,Zellerndorf
31016,Hardegg
31016,Hardegg
31016,Hardegg
31037,Retz
31037,Retz
31037,Retz
31035,Pulkau
31016,Hardegg
31016,Hardegg
31038,Retzbach
31016,Hardegg
31041,Schrattenthal
31037,Retz
31038,Retzbach
31052,Zellerndorf
31052,Zellerndorf
31016,Hardegg
31035,Pulkau
31037,Retz
31037,Retz
31016,Hardegg
31035,Pulkau
31041,Schrattenthal
31016,Hardegg
31037,Retz
31038,Retzbach
31041,Schrattenthal
31016,Hardegg
31052,Zellerndorf
31052,Zellerndorf
31035,Pulkau
31035,Pulkau
31035,Pulkau
31410,Rohrbach an der Gölsen
31410,Rohrbach an der Gölsen
31406,Kleinzell
31409,Ramsau
31409,Ramsau
31403,Hainfeld
31412,St. Veit an der Gölsen
31403,Hainfeld
31403,Hainfeld
31951,Pressbaum
31406,Kleinzell
31409,Ramsau
31403,Hainfeld
31405,Kaumberg
31409,Ramsau
31403,Hainfeld
31405,Kaumberg
31412,St. Veit an der Gölsen
31409,Ramsau
31403,Hainfeld
31949,Gablitz
31412,St. Veit an der Gölsen
31405,Kaumberg
31403,Hainfeld
31412,St. Veit an der Gölsen
31412,St. Veit an der Gölsen
31410,Rohrbach an der Gölsen
31412,St. Veit an der Gölsen
31409,Ramsau
31409,Ramsau
31409,Ramsau
31950,Mauerbach
31410,Rohrbach an der Gölsen
31410,Rohrbach an der Gölsen
31403,Hainfeld
31409,Ramsau
31412,St. Veit an der Gölsen
31405,Kaumberg
31412,St. Veit an der Gölsen
31412,St. Veit an der Gölsen
31405,Kaumberg
31405,Kaumberg
31951,Pressbaum
31412,St. Veit an der Gölsen
31403,Hainfeld
31412,St. Veit an der Gölsen
31412,St. Veit an der Gölsen
31412,St. Veit an der Gölsen
31412,St. Veit an der Gölsen
31406,Kleinzell
31951,Pressbaum
31952,Purkersdorf
31951,Pressbaum
31953,Tullnerbach
31954,Wolfsgraben
31940,Statzendorf
31912,Herzogenburg
31948,Wölbling
31912,Herzogenburg
31912,Herzogenburg
31913,Inzersdorf-Getzersdorf
31948,Wölbling
31930,Obritzberg-Rust
31930,Obritzberg-Rust
31912,Herzogenburg
31912,Herzogenburg
31930,Obritzberg-Rust
31915,Kapelln
31930,Obritzberg-Rust
31928,Nußdorf ob der Traisen
31943,Traismauer
31930,Obritzberg-Rust
31943,Traismauer
31943,Traismauer
31913,Inzersdorf-Getzersdorf
31930,Obritzberg-Rust
31946,Perschling
31930,Obritzberg-Rust
31912,Herzogenburg
31930,Obritzberg-Rust
31912,Herzogenburg
31946,Perschling
31948,Wölbling
31930,Obritzberg-Rust
31912,Herzogenburg
31943,Traismauer
31913,Inzersdorf-Getzersdorf
31915,Kapelln
31915,Kapelln
31915,Kapelln
31940,Statzendorf
31948,Wölbling
31930,Obritzberg-Rust
31946,Perschling
31930,Obritzberg-Rust
31930,Obritzberg-Rust
31928,Nußdorf ob der Traisen
31948,Wölbling
31928,Nußdorf ob der Traisen
31912,Herzogenburg
31943,Traismauer
31930,Obritzberg-Rust
31912,Herzogenburg
31915,Kapelln
31946,Perschling
31930,Obritzberg-Rust
31915,Kapelln
31912,Herzogenburg
31915,Kapelln
31915,Kapelln
31948,Wölbling
31928,Nußdorf ob der Traisen
31928,Nußdorf ob der Traisen
31940,Statzendorf
31930,Obritzberg-Rust
31930,Obritzberg-Rust
31930,Obritzberg-Rust
31940,Statzendorf
31943,Traismauer
31928,Nußdorf ob der Traisen
31943,Traismauer
31913,Inzersdorf-Getzersdorf
31943,Traismauer
31940,Statzendorf
31946,Perschling
31913,Inzersdorf-Getzersdorf
31946,Perschling
31912,Herzogenburg
31912,Herzogenburg
31912,Herzogenburg
31930,Obritzberg-Rust
31948,Wölbling
31948,Wölbling
31930,Obritzberg-Rust
31943,Traismauer
31915,Kapelln
31946,Perschling
31946,Perschling
31946,Perschling
31946,Perschling
31909,Hofstetten-Grünau
31906,Frankenfels
31909,Hofstetten-Grünau
31909,Hofstetten-Grünau
31909,Hofstetten-Grünau
31909,Hofstetten-Grünau
31918,Kirchberg an der Pielach
31920,Loich
31909,Hofstetten-Grünau
31909,Hofstetten-Grünau
31909,Hofstetten-Grünau
31935,Rabenstein an der Pielach
31939,Schwarzenbach an der Pielach
31411,St. Aegyd am Neuwalde
31401,Annaberg
31414,Türnitz
31407,Lilienfeld
31407,Lilienfeld
31407,Lilienfeld
31402,Eschenau
31414,Türnitz
31404,Hohenberg
31411,St. Aegyd am Neuwalde
31404,Hohenberg
31408,Mitterbach am Erlaufsee
31407,Lilienfeld
31411,St. Aegyd am Neuwalde
31401,Annaberg
31401,Annaberg
31414,Türnitz
31407,Lilienfeld
31407,Lilienfeld
31411,St. Aegyd am Neuwalde
31408,Mitterbach am Erlaufsee
31414,Türnitz
31414,Türnitz
31414,Türnitz
31414,Türnitz
31407,Lilienfeld
31407,Lilienfeld
31414,Türnitz
31413,Traisen
31414,Türnitz
31414,Türnitz
31401,Annaberg
31411,St. Aegyd am Neuwalde
31402,Eschenau
31414,Türnitz
31411,St. Aegyd am Neuwalde
31407,Lilienfeld
31411,St. Aegyd am Neuwalde
31934,Pyhra
31925,Neidling
31947,Wilhelmsburg
30201,St. Pölten
31934,Pyhra
31934,Pyhra
31929,Ober-Grafendorf
31929,Ober-Grafendorf
31917,Kasten bei Böheimkirchen
31917,Kasten bei Böheimkirchen
31934,Pyhra
31903,Böheimkirchen
31941,Stössing
31917,Kasten bei Böheimkirchen
31934,Pyhra
31941,Stössing
31941,Stössing
31917,Kasten bei Böheimkirchen
31903,Böheimkirchen
31925,Neidling
31907,Gerersdorf
31945,Weinburg
31910,Hafnerbach
31903,Böheimkirchen
31917,Kasten bei Böheimkirchen
30201,St. Pölten
31945,Weinburg
31903,Böheimkirchen
31929,Ober-Grafendorf
31934,Pyhra
31945,Weinburg
31945,Weinburg
31934,Pyhra
30201,St. Pölten
31907,Gerersdorf
31911,Haunoldstein
31938,St. Margarethen an der Sierning
31945,Weinburg
31925,Neidling
31934,Pyhra
31917,Kasten bei Böheimkirchen
31938,St. Margarethen an der Sierning
31925,Neidling
31941,Stössing
31929,Ober-Grafendorf
31907,Gerersdorf
31903,Böheimkirchen
31925,Neidling
30201,St. Pölten
31929,Ober-Grafendorf
31929,Ober-Grafendorf
31903,Böheimkirchen
30201,St. Pölten
31907,Gerersdorf
31934,Pyhra
31947,Wilhelmsburg
31925,Neidling
31910,Hafnerbach
31929,Ober-Grafendorf
31903,Böheimkirchen
31925,Neidling
31907,Gerersdorf
31929,Ober-Grafendorf
31929,Ober-Grafendorf
31945,Weinburg
31934,Pyhra
31917,Kasten bei Böheimkirchen
30201,St. Pölten
31910,Hafnerbach
31922,Markersdorf-Haindorf
31947,Wilhelmsburg
30201,St. Pölten
30201,St. Pölten
31911,Haunoldstein
31916,Karlstetten
31916,Karlstetten
31941,Stössing
31910,Hafnerbach
31907,Gerersdorf
31934,Pyhra
31903,Böheimkirchen
31934,Pyhra
31941,Stössing
31941,Stössing
31941,Stössing
31907,Gerersdorf
31910,Hafnerbach
31903,Böheimkirchen
31917,Kasten bei Böheimkirchen
31934,Pyhra
31903,Böheimkirchen
31938,St. Margarethen an der Sierning
31947,Wilhelmsburg
31916,Karlstetten
31917,Kasten bei Böheimkirchen
31903,Böheimkirchen
31917,Kasten bei Böheimkirchen
31945,Weinburg
31922,Markersdorf-Haindorf
31910,Hafnerbach
31929,Ober-Grafendorf
31947,Wilhelmsburg
30201,St. Pölten
31917,Kasten bei Böheimkirchen
31929,Ober-Grafendorf
31903,Böheimkirchen
31917,Kasten bei Böheimkirchen
31916,Karlstetten
31917,Kasten bei Böheimkirchen
31938,St. Margarethen an der Sierning
31907,Gerersdorf
31934,Pyhra
31945,Weinburg
31916,Karlstetten
31916,Karlstetten
31922,Markersdorf-Haindorf
31938,St. Margarethen an der Sierning
31922,Markersdorf-Haindorf
30201,St. Pölten
31903,Böheimkirchen
31923,Michelbach
31903,Böheimkirchen
31923,Michelbach
31923,Michelbach
31922,Markersdorf-Haindorf
31917,Kasten bei Böheimkirchen
31922,Markersdorf-Haindorf
30201,St. Pölten
31945,Weinburg
30201,St. Pölten
31925,Neidling
31922,Markersdorf-Haindorf
31929,Ober-Grafendorf
31934,Pyhra
31938,St. Margarethen an der Sierning
30201,St. Pölten
31910,Hafnerbach
31945,Weinburg
31911,Haunoldstein
30201,St. Pölten
31934,Pyhra
31910,Hafnerbach
31910,Hafnerbach
30201,St. Pölten
31947,Wilhelmsburg
31922,Markersdorf-Haindorf
30201,St. Pölten
31932,Prinzersdorf
31934,Pyhra
31925,Neidling
30201,St. Pölten
31934,Pyhra
31938,St. Margarethen an der Sierning
30201,St. Pölten
30201,St. Pölten
30201,St. Pölten
30201,St. Pölten
31938,St. Margarethen an der Sierning
31910,Hafnerbach
30201,St. Pölten
31934,Pyhra
31934,Pyhra
31903,Böheimkirchen
31929,Ober-Grafendorf
31929,Ober-Grafendorf
31929,Ober-Grafendorf
31903,Böheimkirchen
31907,Gerersdorf
31910,Hafnerbach
31938,St. Margarethen an der Sierning
31916,Karlstetten
31934,Pyhra
31903,Böheimkirchen
31934,Pyhra
30201,St. Pölten
31903,Böheimkirchen
31911,Haunoldstein
31938,St. Margarethen an der Sierning
31941,Stössing
30201,St. Pölten
31907,Gerersdorf
31917,Kasten bei Böheimkirchen
30201,St. Pölten
31917,Kasten bei Böheimkirchen
31910,Hafnerbach
30201,St. Pölten
31941,Stössing
30201,St. Pölten
31910,Hafnerbach
31934,Pyhra
31903,Böheimkirchen
31938,St. Margarethen an der Sierning
31932,Prinzersdorf
30201,St. Pölten
31907,Gerersdorf
30201,St. Pölten
31945,Weinburg
30201,St. Pölten
30201,St. Pölten
30201,St. Pölten
31934,Pyhra
31917,Kasten bei Böheimkirchen
31929,Ober-Grafendorf
30201,St. Pölten
31925,Neidling
31947,Wilhelmsburg
31910,Hafnerbach
31945,Weinburg
31934,Pyhra
31910,Hafnerbach
31903,Böheimkirchen
31907,Gerersdorf
30201,St. Pölten
31925,Neidling
30201,St. Pölten
31916,Karlstetten
31938,St. Margarethen an der Sierning
31934,Pyhra
31947,Wilhelmsburg
31903,Böheimkirchen
31947,Wilhelmsburg
31938,St. Margarethen an der Sierning
31929,Ober-Grafendorf
31910,Hafnerbach
30201,St. Pölten
31922,Markersdorf-Haindorf
30201,St. Pölten
30201,St. Pölten
31947,Wilhelmsburg
30201,St. Pölten
31922,Markersdorf-Haindorf
31910,Hafnerbach
31934,Pyhra
31910,Hafnerbach
31934,Pyhra
30201,St. Pölten
30201,St. Pölten
30201,St. Pölten
31926,Neulengbach
31901,Altlengbach
31902,Asperhofen
31904,Brand-Laaben
31902,Asperhofen
31902,Asperhofen
31919,Kirchstetten
31902,Asperhofen
31904,Brand-Laaben
31905,Eichgraben
31926,Neulengbach
31902,Asperhofen
31902,Asperhofen
31904,Brand-Laaben
31921,Maria Anzbach
31904,Brand-Laaben
31902,Asperhofen
31902,Asperhofen
31921,Maria Anzbach
31926,Neulengbach
31926,Neulengbach
31902,Asperhofen
31902,Asperhofen
31926,Neulengbach
31902,Asperhofen
31902,Asperhofen
31919,Kirchstetten
31904,Brand-Laaben
31902,Asperhofen
31904,Brand-Laaben
31921,Maria Anzbach
31926,Neulengbach
31926,Neulengbach
31927,Neustift-Innermanzing
31919,Kirchstetten
31926,Neulengbach
31902,Asperhofen
31919,Kirchstetten
31926,Neulengbach
31904,Brand-Laaben
31926,Neulengbach
31926,Neulengbach
31919,Kirchstetten
31919,Kirchstetten
31902,Asperhofen
31902,Asperhofen
31904,Brand-Laaben
31926,Neulengbach
31919,Kirchstetten
31926,Neulengbach
31921,Maria Anzbach
31926,Neulengbach
31919,Kirchstetten
31902,Asperhofen
31926,Neulengbach
31904,Brand-Laaben
32101,Absdorf
32114,Kirchberg am Wagram
32110,Großweikersdorf
32110,Großweikersdorf
32115,Königsbrunn am Wagram
32114,Kirchberg am Wagram
32114,Kirchberg am Wagram
32106,Fels am Wagram
32107,Grafenwörth
32115,Königsbrunn am Wagram
32114,Kirchberg am Wagram
32106,Fels am Wagram
32107,Grafenwörth
32115,Königsbrunn am Wagram
32107,Grafenwörth
32107,Grafenwörth
32114,Kirchberg am Wagram
32114,Kirchberg am Wagram
32115,Königsbrunn am Wagram
32114,Kirchberg am Wagram
32109,Großriedenthal
32114,Kirchberg am Wagram
32109,Großriedenthal
32109,Großriedenthal
32110,Großweikersdorf
32107,Grafenwörth
32106,Fels am Wagram
32114,Kirchberg am Wagram
32114,Kirchberg am Wagram
32114,Kirchberg am Wagram
32106,Fels am Wagram
32110,Großweikersdorf
32115,Königsbrunn am Wagram
32107,Grafenwörth
32110,Großweikersdorf
32110,Großweikersdorf
32110,Großweikersdorf
32114,Kirchberg am Wagram
32115,Königsbrunn am Wagram
32131,Sieghartskirchen
32132,Sitzenberg-Reidling
32142,St. Andrä-Wördern
32142,St. Andrä-Wördern
32139,Würmla
32119,Langenrohr
32120,Michelhausen
32104,Atzenbrugg
32141,Zwentendorf an der Donau
32112,Judenau-Baumgarten
32132,Sitzenberg-Reidling
32134,Tulbing
32139,Würmla
32131,Sieghartskirchen
32141,Zwentendorf an der Donau
32104,Atzenbrugg
32132,Sitzenberg-Reidling
32139,Würmla
32131,Sieghartskirchen
32131,Sieghartskirchen
32141,Zwentendorf an der Donau
32131,Sieghartskirchen
32135,Tulln an der Donau
32112,Judenau-Baumgarten
32131,Sieghartskirchen
32131,Sieghartskirchen
32142,St. Andrä-Wördern
32139,Würmla
32142,St. Andrä-Wördern
32132,Sitzenberg-Reidling
32131,Sieghartskirchen
32142,St. Andrä-Wördern
32139,Würmla
32104,Atzenbrugg
32139,Würmla
32112,Judenau-Baumgarten
32141,Zwentendorf an der Donau
32134,Tulbing
32134,Tulbing
32142,St. Andrä-Wördern
32131,Sieghartskirchen
32116,Königstetten
32131,Sieghartskirchen
32119,Langenrohr
32131,Sieghartskirchen
32119,Langenrohr
32135,Tulln an der Donau
32135,Tulln an der Donau
32120,Michelhausen
32120,Michelhausen
32120,Michelhausen
32135,Tulln an der Donau
32139,Würmla
32139,Würmla
32104,Atzenbrugg
32143,Muckendorf-Wipfing
32135,Tulln an der Donau
32119,Langenrohr
32135,Tulln an der Donau
32131,Sieghartskirchen
32131,Sieghartskirchen
32131,Sieghartskirchen
32141,Zwentendorf an der Donau
32120,Michelhausen
32131,Sieghartskirchen
32139,Würmla
32141,Zwentendorf an der Donau
32141,Zwentendorf an der Donau
32131,Sieghartskirchen
32131,Sieghartskirchen
32132,Sitzenberg-Reidling
32131,Sieghartskirchen
32131,Sieghartskirchen
32131,Sieghartskirchen
32120,Michelhausen
32139,Würmla
32119,Langenrohr
32141,Zwentendorf an der Donau
32131,Sieghartskirchen
32132,Sitzenberg-Reidling
32120,Michelhausen
32135,Tulln an der Donau
32120,Michelhausen
32104,Atzenbrugg
32132,Sitzenberg-Reidling
32104,Atzenbrugg
32135,Tulln an der Donau
32134,Tulbing
32135,Tulln an der Donau
32131,Sieghartskirchen
32139,Würmla
32104,Atzenbrugg
32131,Sieghartskirchen
32134,Tulbing
32143,Muckendorf-Wipfing
32140,Zeiselmauer-Wolfpassing
32142,St. Andrä-Wördern
32139,Würmla
32140,Zeiselmauer-Wolfpassing
32112,Judenau-Baumgarten
32141,Zwentendorf an der Donau
32139,Würmla
32139,Würmla
32131,Sieghartskirchen
32212,Ludweis-Aigen
32216,Raabs an der Thaya
32212,Ludweis-Aigen
32212,Ludweis-Aigen
32202,Dietmanns
32212,Ludweis-Aigen
32209,Karlstein an der Thaya
32216,Raabs an der Thaya
32207,Groß-Siegharts
32207,Groß-Siegharts
32209,Karlstein an der Thaya
32216,Raabs an der Thaya
32207,Groß-Siegharts
32209,Karlstein an der Thaya
32216,Raabs an der Thaya
32216,Raabs an der Thaya
32212,Ludweis-Aigen
32212,Ludweis-Aigen
32216,Raabs an der Thaya
32216,Raabs an der Thaya
32207,Groß-Siegharts
32216,Raabs an der Thaya
32212,Ludweis-Aigen
32216,Raabs an der Thaya
32216,Raabs an der Thaya
32216,Raabs an der Thaya
32216,Raabs an der Thaya
32209,Karlstein an der Thaya
32216,Raabs an der Thaya
32216,Raabs an der Thaya
32216,Raabs an der Thaya
32216,Raabs an der Thaya
32212,Ludweis-Aigen
32212,Ludweis-Aigen
32216,Raabs an der Thaya
32216,Raabs an der Thaya
32216,Raabs an der Thaya
32216,Raabs an der Thaya
32212,Ludweis-Aigen
32212,Ludweis-Aigen
32216,Raabs an der Thaya
32212,Ludweis-Aigen
32216,Raabs an der Thaya
32209,Karlstein an der Thaya
32212,Ludweis-Aigen
32207,Groß-Siegharts
32216,Raabs an der Thaya
32216,Raabs an der Thaya
32209,Karlstein an der Thaya
32209,Karlstein an der Thaya
32216,Raabs an der Thaya
32212,Ludweis-Aigen
32216,Raabs an der Thaya
32216,Raabs an der Thaya
32207,Groß-Siegharts
32216,Raabs an der Thaya
32207,Groß-Siegharts
32216,Raabs an der Thaya
32207,Groß-Siegharts
32216,Raabs an der Thaya
32216,Raabs an der Thaya
32216,Raabs an der Thaya
32216,Raabs an der Thaya
32209,Karlstein an der Thaya
32209,Karlstein an der Thaya
32209,Karlstein an der Thaya
32209,Karlstein an der Thaya
32220,Waidhofen an der Thaya
32220,Waidhofen an der Thaya
32214,Pfaffenschlag bei Waidhofen a.d.Thaya
32214,Pfaffenschlag bei Waidhofen a.d.Thaya
32203,Dobersberg
32221,Waidhofen an der Thaya-Land
32221,Waidhofen an der Thaya-Land
32203,Dobersberg
32221,Waidhofen an der Thaya-Land
32223,Windigsteig
32217,Thaya
32214,Pfaffenschlag bei Waidhofen a.d.Thaya
32210,Kautzen
32219,Vitis
32222,Waldkirchen an der Thaya
32206,Gastern
32206,Gastern
32206,Gastern
32222,Waldkirchen an der Thaya
32203,Dobersberg
32220,Waidhofen an der Thaya
32221,Waidhofen an der Thaya-Land
32219,Vitis
32221,Waidhofen an der Thaya-Land
32214,Pfaffenschlag bei Waidhofen a.d.Thaya
32217,Thaya
32203,Dobersberg
32210,Kautzen
32223,Windigsteig
32203,Dobersberg
32220,Waidhofen an der Thaya
32210,Kautzen
32206,Gastern
32217,Thaya
32219,Vitis
32219,Vitis
32219,Vitis
32221,Waidhofen an der Thaya-Land
32219,Vitis
32210,Kautzen
32220,Waidhofen an der Thaya
32210,Kautzen
32214,Pfaffenschlag bei Waidhofen a.d.Thaya
32203,Dobersberg
32206,Gastern
32223,Windigsteig
32210,Kautzen
32206,Gastern
32223,Windigsteig
32203,Dobersberg
32223,Windigsteig
32223,Windigsteig
32223,Windigsteig
32220,Waidhofen an der Thaya
32223,Windigsteig
32203,Dobersberg
32217,Thaya
32221,Waidhofen an der Thaya-Land
32217,Thaya
32217,Thaya
32214,Pfaffenschlag bei Waidhofen a.d.Thaya
32210,Kautzen
32220,Waidhofen an der Thaya
32220,Waidhofen an der Thaya
32223,Windigsteig
32217,Thaya
32222,Waldkirchen an der Thaya
32203,Dobersberg
32210,Kautzen
32203,Dobersberg
32203,Dobersberg
32206,Gastern
32222,Waldkirchen an der Thaya
32221,Waidhofen an der Thaya-Land
32217,Thaya
32220,Waidhofen an der Thaya
32222,Waldkirchen an der Thaya
32203,Dobersberg
32214,Pfaffenschlag bei Waidhofen a.d.Thaya
32220,Waidhofen an der Thaya
32219,Vitis
32219,Vitis
32217,Thaya
32210,Kautzen
32210,Kautzen
32220,Waidhofen an der Thaya
32220,Waidhofen an der Thaya
32221,Waidhofen an der Thaya-Land
32219,Vitis
32220,Waidhofen an der Thaya
32223,Windigsteig
32222,Waldkirchen an der Thaya
32222,Waldkirchen an der Thaya
32206,Gastern
32221,Waidhofen an der Thaya-Land
32206,Gastern
32223,Windigsteig
32223,Windigsteig
32221,Waidhofen an der Thaya-Land
32219,Vitis
32219,Vitis
32219,Vitis
32219,Vitis
32219,Vitis
32214,Pfaffenschlag bei Waidhofen a.d.Thaya
32219,Vitis
32005,Lunz am See
32001,Gaming
32005,Lunz am See
32001,Gaming
32010,Reinsberg
32009,Randegg
32001,Gaming
32002,Göstling an der Ybbs
32003,Gresten
32009,Randegg
32002,Göstling an der Ybbs
32005,Lunz am See
32010,Reinsberg
32001,Gaming
32002,Göstling an der Ybbs
32001,Gaming
32002,Göstling an der Ybbs
32005,Lunz am See
32005,Lunz am See
32001,Gaming
32001,Gaming
32001,Gaming
32004,Gresten-Land
32009,Randegg
32001,Gaming
32009,Randegg
32009,Randegg
32010,Reinsberg
32010,Reinsberg
32004,Gresten-Land
32005,Lunz am See
32002,Göstling an der Ybbs
32009,Randegg
32004,Gresten-Land
32005,Lunz am See
32003,Gresten
32002,Göstling an der Ybbs
32011,St. Anton an der Jeßnitz
32014,Steinakirchen am Forst
32013,Scheibbs
32018,Wolfpassing
32012,St. Georgen an der Leys
32014,Steinakirchen am Forst
32018,Wolfpassing
32008,Purgstall an der Erlauf
32013,Scheibbs
32011,St. Anton an der Jeßnitz
32013,Scheibbs
32011,St. Anton an der Jeßnitz
32006,Oberndorf an der Melk
32017,Wieselburg-Land
32008,Purgstall an der Erlauf
32006,Oberndorf an der Melk
32006,Oberndorf an der Melk
32014,Steinakirchen am Forst
32017,Wieselburg-Land
32017,Wieselburg-Land
32013,Scheibbs
32006,Oberndorf an der Melk
32008,Purgstall an der Erlauf
32007,Puchenstuben
32008,Purgstall an der Erlauf
32015,Wang
32015,Wang
32008,Purgstall an der Erlauf
32006,Oberndorf an der Melk
32017,Wieselburg-Land
32008,Purgstall an der Erlauf
32013,Scheibbs
32013,Scheibbs
32008,Purgstall an der Erlauf
32008,Purgstall an der Erlauf
32011,St. Anton an der Jeßnitz
32012,St. Georgen an der Leys
32014,Steinakirchen am Forst
32015,Wang
32006,Oberndorf an der Melk
32017,Wieselburg-Land
32017,Wieselburg-Land
32016,Wieselburg
32011,St. Anton an der Jeßnitz
32018,Wolfpassing
32018,Wolfpassing
32014,Steinakirchen am Forst
32008,Purgstall an der Erlauf
31802,Aspang-Markt
31807,Edlitz
31809,Feistritz am Wechsel
31812,Grimmenstein
31803,Aspangberg-St. Peter
31809,Feistritz am Wechsel
31812,Grimmenstein
31814,Kirchberg am Wechsel
31803,Aspangberg-St. Peter
31814,Kirchberg am Wechsel
31814,Kirchberg am Wechsel
31815,Mönichkirchen
31803,Aspangberg-St. Peter
31803,Aspangberg-St. Peter
31814,Kirchberg am Wechsel
31830,St. Corona am Wechsel
31840,Thomasberg
31814,Kirchberg am Wechsel
31840,Thomasberg
31848,Zöbern
31814,Kirchberg am Wechsel
31801,Altendorf
31810,Gloggnitz
31810,Gloggnitz
31810,Gloggnitz
31805,Breitenstein
31806,Buchbach
31810,Gloggnitz
31808,Enzenreith
31810,Gloggnitz
31810,Gloggnitz
31811,Grafenbach-St. Valentin
31829,Reichenau an der Rax
31808,Enzenreith
31810,Gloggnitz
31808,Enzenreith
31829,Reichenau an der Rax
31829,Reichenau an der Rax
31829,Reichenau an der Rax
31808,Enzenreith
31821,Payerbach
31821,Payerbach
31838,Semmering
31806,Buchbach
31801,Altendorf
31811,Grafenbach-St. Valentin
31820,Otterthal
31821,Payerbach
31811,Grafenbach-St. Valentin
31821,Payerbach
31829,Reichenau an der Rax
31825,Prigglitz
31827,Raach am Hochgebirge
31829,Reichenau an der Rax
31810,Gloggnitz
31811,Grafenbach-St. Valentin
31821,Payerbach
31801,Altendorf
31833,Schottwien
31827,Raach am Hochgebirge
31810,Gloggnitz
31801,Altendorf
31808,Enzenreith
31841,Trattenbach
31842,Bürg-Vöstenhof
31827,Raach am Hochgebirge
31810,Gloggnitz
31846,Wimpassing im Schwarzatale
31808,Enzenreith
31836,Schwarzau im Gebirge
32314,Kirchschlag in der Buckligen Welt
32309,Hochneukirchen-Gschaidt
32309,Hochneukirchen-Gschaidt
32312,Hollenthon
32314,Kirchschlag in der Buckligen Welt
32315,Krumbach
32314,Kirchschlag in der Buckligen Welt
32317,Lichtenegg
32302,Bad Schönau
32314,Kirchschlag in der Buckligen Welt
32314,Kirchschlag in der Buckligen Welt
31804,Breitenau
31844,Wartmannstetten
31839,Ternitz
31839,Ternitz
31831,St. Egyden am Steinfeld
31832,Scheiblingkirchen-Thernberg
31813,Grünbach am Schneeberg
31835,Schwarzau am Steinfeld
31844,Wartmannstetten
31843,Warth
31847,Würflach
31823,Pitten
31843,Warth
31843,Warth
31823,Pitten
31817,Natschbach-Loipersbach
31817,Natschbach-Loipersbach
31839,Ternitz
31818,Neunkirchen
31817,Natschbach-Loipersbach
31818,Neunkirchen
31831,St. Egyden am Steinfeld
31813,Grünbach am Schneeberg
31849,Höflein an der Hohen Wand
31818,Neunkirchen
31823,Pitten
31826,Puchberg am Schneeberg
31839,Ternitz
31844,Wartmannstetten
31832,Scheiblingkirchen-Thernberg
31839,Ternitz
31826,Puchberg am Schneeberg
31845,Willendorf
31839,Ternitz
31831,St. Egyden am Steinfeld
31823,Pitten
31832,Scheiblingkirchen-Thernberg
31837,Seebenstein
31834,Schrattenbach
31835,Schwarzau am Steinfeld
31837,Seebenstein
31839,Ternitz
31843,Warth
31826,Puchberg am Schneeberg
31844,Wartmannstetten
31843,Warth
31832,Scheiblingkirchen-Thernberg
31844,Wartmannstetten
31849,Höflein an der Hohen Wand
31831,St. Egyden am Steinfeld
31843,Warth
31844,Wartmannstetten
31845,Willendorf
31847,Würflach
31847,Würflach
31849,Höflein an der Hohen Wand
31845,Willendorf
31839,Ternitz
31839,Ternitz
31839,Ternitz
32301,Bad Fischau-Brunn
32301,Bad Fischau-Brunn
32306,Bad Erlach
32319,Markt Piesting
32304,Ebenfurth
32336,Winzendorf-Muthmannsdorf
32306,Bad Erlach
32307,Felixdorf
32316,Lanzenkirchen
32311,Hohe Wand
32316,Lanzenkirchen
32304,Ebenfurth
32310,Hochwolkersdorf
32320,Matzendorf-Hölles
32313,Katzelsdorf
32316,Lanzenkirchen
32333,Walpersbach
32316,Lanzenkirchen
32318,Lichtenwörth
32306,Bad Erlach
32311,Hohe Wand
32320,Matzendorf-Hölles
32336,Winzendorf-Muthmannsdorf
32311,Hohe Wand
32305,Eggendorf
32332,Waldegg
32316,Lanzenkirchen
32319,Markt Piesting
32325,Bromberg
32333,Walpersbach
32326,Schwarzenbach
32327,Sollenau
32337,Wöllersdorf-Steinabrückl
32311,Hohe Wand
32330,Theresienfeld
32305,Eggendorf
32333,Walpersbach
32334,Weikersdorf am Steinfelde
32336,Winzendorf-Muthmannsdorf
32337,Wöllersdorf-Steinabrückl
32338,Zillingdorf
30401,Wiener Neustadt
32335,Wiesmath
32332,Waldegg
32323,Pernitz
32308,Gutenstein
32321,Miesenbach
32322,Muggendorf
32331,Waidmannsfeld
32332,Waldegg
32332,Waldegg
32323,Pernitz
32324,Rohr im Gebirge
32331,Waidmannsfeld
32332,Waldegg
32332,Waldegg
32505,Göpfritz an der Wild
32501,Allentsteig
32505,Göpfritz an der Wild
32520,Pölla
32501,Allentsteig
32505,Göpfritz an der Wild
32520,Pölla
32501,Allentsteig
32520,Pölla
32520,Pölla
32504,Echsenbach
32501,Allentsteig
32520,Pölla
32520,Pölla
32520,Pölla
32524,Schwarzenau
32504,Echsenbach
32505,Göpfritz an der Wild
32524,Schwarzenau
32504,Echsenbach
32501,Allentsteig
32524,Schwarzenau
32504,Echsenbach
32520,Pölla
32520,Pölla
32505,Göpfritz an der Wild
32520,Pölla
32501,Allentsteig
32501,Allentsteig
32520,Pölla
32504,Echsenbach
32520,Pölla
32520,Pölla
32524,Schwarzenau
32520,Pölla
32501,Allentsteig
32505,Göpfritz an der Wild
32520,Pölla
32524,Schwarzenau
32520,Pölla
32520,Pölla
32520,Pölla
32520,Pölla
32501,Allentsteig
32520,Pölla
32501,Allentsteig
32520,Pölla
32504,Echsenbach
32505,Göpfritz an der Wild
32524,Schwarzenau
32501,Allentsteig
32520,Pölla
32505,Göpfritz an der Wild
32524,Schwarzenau
32520,Pölla
32520,Pölla
32501,Allentsteig
32524,Schwarzenau
32520,Pölla
32501,Allentsteig
32520,Pölla
32520,Pölla
32520,Pölla
32505,Göpfritz an der Wild
32520,Pölla
32504,Echsenbach
32501,Allentsteig
32501,Allentsteig
32508,Groß Gerungs
32508,Groß Gerungs
32519,Altmelon
32502,Arbesbach
32508,Groß Gerungs
32508,Groß Gerungs
32516,Langschlag
32516,Langschlag
32502,Arbesbach
32508,Groß Gerungs
32519,Altmelon
32508,Groß Gerungs
32508,Groß Gerungs
32502,Arbesbach
32508,Groß Gerungs
32519,Altmelon
32516,Langschlag
32508,Groß Gerungs
32508,Groß Gerungs
32521,Rappottenstein
32508,Groß Gerungs
32508,Groß Gerungs
32521,Rappottenstein
32508,Groß Gerungs
32519,Altmelon
32521,Rappottenstein
32508,Groß Gerungs
32508,Groß Gerungs
32502,Arbesbach
32508,Groß Gerungs
32521,Rappottenstein
32508,Groß Gerungs
32508,Groß Gerungs
32508,Groß Gerungs
32516,Langschlag
32502,Arbesbach
32516,Langschlag
32516,Langschlag
32521,Rappottenstein
32508,Groß Gerungs
32521,Rappottenstein
32519,Altmelon
32516,Langschlag
32508,Groß Gerungs
32508,Groß Gerungs
32516,Langschlag
32508,Groß Gerungs
32516,Langschlag
32516,Langschlag
32516,Langschlag
32521,Rappottenstein
32508,Groß Gerungs
32516,Langschlag
32516,Langschlag
32508,Groß Gerungs
32516,Langschlag
32502,Arbesbach
32521,Rappottenstein
32508,Groß Gerungs
32508,Groß Gerungs
32508,Groß Gerungs
32521,Rappottenstein
32508,Groß Gerungs
32521,Rappottenstein
32519,Altmelon
32521,Rappottenstein
32508,Groß Gerungs
32502,Arbesbach
32502,Arbesbach
32502,Arbesbach
32521,Rappottenstein
32521,Rappottenstein
32521,Rappottenstein
32521,Rappottenstein
32516,Langschlag
32508,Groß Gerungs
32502,Arbesbach
32502,Arbesbach
32521,Rappottenstein
32508,Groß Gerungs
32516,Langschlag
32508,Groß Gerungs
32516,Langschlag
32516,Langschlag
32508,Groß Gerungs
32508,Groß Gerungs
32502,Arbesbach
32508,Groß Gerungs
32521,Rappottenstein
32521,Rappottenstein
32521,Rappottenstein
32522,Sallingberg
32523,Schönbach
32503,Bärnkopf
32515,Kottes-Purk
32514,Kirchschlag
32518,Ottenschlag
32523,Schönbach
32528,Bad Traunstein
32506,Grafenschlag
32515,Kottes-Purk
32528,Bad Traunstein
32523,Schönbach
32514,Kirchschlag
32517,Martinsberg
32515,Kottes-Purk
32518,Ottenschlag
32515,Kottes-Purk
32515,Kottes-Purk
32515,Kottes-Purk
32514,Kirchschlag
32515,Kottes-Purk
32506,Grafenschlag
32522,Sallingberg
32515,Kottes-Purk
32528,Bad Traunstein
32511,Gutenbrunn
32528,Bad Traunstein
32515,Kottes-Purk
32522,Sallingberg
32515,Kottes-Purk
32528,Bad Traunstein
32518,Ottenschlag
32515,Kottes-Purk
32528,Bad Traunstein
32506,Grafenschlag
32522,Sallingberg
32514,Kirchschlag
32514,Kirchschlag
32517,Martinsberg
32506,Grafenschlag
32522,Sallingberg
32506,Grafenschlag
32517,Martinsberg
32515,Kottes-Purk
32506,Grafenschlag
32515,Kottes-Purk
32523,Schönbach
32522,Sallingberg
32517,Martinsberg
32514,Kirchschlag
32517,Martinsberg
32528,Bad Traunstein
32522,Sallingberg
32515,Kottes-Purk
32518,Ottenschlag
32517,Martinsberg
32518,Ottenschlag
32515,Kottes-Purk
32528,Bad Traunstein
32514,Kirchschlag
32515,Kottes-Purk
32515,Kottes-Purk
32522,Sallingberg
32515,Kottes-Purk
32517,Martinsberg
32515,Kottes-Purk
32514,Kirchschlag
32515,Kottes-Purk
32522,Sallingberg
32506,Grafenschlag
32514,Kirchschlag
32514,Kirchschlag
32528,Bad Traunstein
32523,Schönbach
32515,Kottes-Purk
32528,Bad Traunstein
32522,Sallingberg
32528,Bad Traunstein
32515,Kottes-Purk
32517,Martinsberg
32528,Bad Traunstein
32517,Martinsberg
32515,Kottes-Purk
32515,Kottes-Purk
32522,Sallingberg
32517,Martinsberg
32528,Bad Traunstein
32515,Kottes-Purk
32517,Martinsberg
32517,Martinsberg
32506,Grafenschlag
32515,Kottes-Purk
32515,Kottes-Purk
32515,Kottes-Purk
32515,Kottes-Purk
32530,Zwettl-Niederösterreich
32530,Zwettl-Niederösterreich
32530,Zwettl-Niederösterreich
32530,Zwettl-Niederösterreich
32529,Waldhausen
32530,Zwettl-Niederösterreich
32530,Zwettl-Niederösterreich
32509,Großgöttfritz
32530,Zwettl-Niederösterreich
32509,Großgöttfritz
32530,Zwettl-Niederösterreich
32530,Zwettl-Niederösterreich
32530,Zwettl-Niederösterreich
32530,Zwettl-Niederösterreich
32530,Zwettl-Niederösterreich
32530,Zwettl-Niederösterreich
32509,Großgöttfritz
32530,Zwettl-Niederösterreich
32509,Großgöttfritz
32530,Zwettl-Niederösterreich
32530,Zwettl-Niederösterreich
32529,Waldhausen
32530,Zwettl-Niederösterreich
32530,Zwettl-Niederösterreich
32530,Zwettl-Niederösterreich
32530,Zwettl-Niederösterreich
32530,Zwettl-Niederösterreich
32530,Zwettl-Niederösterreich
32530,Zwettl-Niederösterreich
32530,Zwettl-Niederösterreich
32509,Großgöttfritz
32525,Schweiggers
32530,Zwettl-Niederösterreich
32529,Waldhausen
32530,Zwettl-Niederösterreich
32530,Zwettl-Niederösterreich
32525,Schweiggers
32529,Waldhausen
32525,Schweiggers
32530,Zwettl-Niederösterreich
32530,Zwettl-Niederösterreich
32525,Schweiggers
32530,Zwettl-Niederösterreich
32530,Zwettl-Niederösterreich
32530,Zwettl-Niederösterreich
32530,Zwettl-Niederösterreich
32530,Zwettl-Niederösterreich
32530,Zwettl-Niederösterreich
32530,Zwettl-Niederösterreich
32529,Waldhausen
32530,Zwettl-Niederösterreich
32529,Waldhausen
32530,Zwettl-Niederösterreich
32530,Zwettl-Niederösterreich
32529,Waldhausen
32530,Zwettl-Niederösterreich
32530,Zwettl-Niederösterreich
32525,Schweiggers
32530,Zwettl-Niederösterreich
32530,Zwettl-Niederösterreich
32529,Waldhausen
32530,Zwettl-Niederösterreich
32509,Großgöttfritz
32530,Zwettl-Niederösterreich
32530,Zwettl-Niederösterreich
32509,Großgöttfritz
32530,Zwettl-Niederösterreich
32530,Zwettl-Niederösterreich
32525,Schweiggers
32530,Zwettl-Niederösterreich
32530,Zwettl-Niederösterreich
32525,Schweiggers
32525,Schweiggers
32509,Großgöttfritz
32525,Schweiggers
32530,Zwettl-Niederösterreich
32530,Zwettl-Niederösterreich
32530,Zwettl-Niederösterreich
32525,Schweiggers
32530,Zwettl-Niederösterreich
32530,Zwettl-Niederösterreich
32529,Waldhausen
32525,Schweiggers
32529,Waldhausen
32529,Waldhausen
32530,Zwettl-Niederösterreich
32525,Schweiggers
32530,Zwettl-Niederösterreich
32530,Zwettl-Niederösterreich
32530,Zwettl-Niederösterreich
32530,Zwettl-Niederösterreich
32525,Schweiggers
32525,Schweiggers
32525,Schweiggers
32525,Schweiggers
32525,Schweiggers
32530,Zwettl-Niederösterreich
32515,Kottes-Purk
32515,Kottes-Purk
10301,Breitenbrunn am Neusiedler See
10302,Donnerskirchen
10101,Eisenstadt
10101,Eisenstadt
10101,Eisenstadt
10303,Großhöflein
10304,Hornstein
10101,Eisenstadt
10305,Klingenbach
30511,Euratsfeld
10306,Leithaprodersdorf
10320,Loretto
10307,Mörbisch am See
10308,Müllendorf
10309,Neufeld an der Leitha
10310,Oggau am Neusiedler See
10311,Oslip
10312,Purbach am Neusiedler See
10201,Rust
10101,Eisenstadt
30520,Neuhofen an der Ybbs
10313,Sankt Margarethen im Burgenland
10314,Schützen am Gebirge
10315,Siegendorf
10316,Steinbrunn
10321,Stotzing
10317,Trausdorf an der Wulka
10318,Wimpassing an der Leitha
10319,Wulkaprodersdorf
10323,Zagersdorf
10322,Zillingtal
30502,Amstetten
30503,Ardagger
30503,Ardagger
30521,Neustadtl an der Donau
30502,Amstetten
30511,Euratsfeld
30512,Ferschnitz
30521,Neustadtl an der Donau
10616,Antau
10617,Baumgarten
10601,Draßburg
10602,Forchtenstein
10603,Hirm
10619,Krensdorf
10604,Loipersbach im Burgenland
10605,Marz
10606,Mattersburg
30511,Euratsfeld
10607,Neudörfl
10602,Forchtenstein
10608,Pöttelsdorf
10609,Pöttsching
10610,Rohrbach bei Mattersburg
10611,Bad Sauerbrunn
10612,Schattendorf
10613,Sieggraben
10614,Sigleß
10618,Zemendorf-Stöttera
30527,St. Georgen am Ybbsfelde
10606,Mattersburg
10615,Wiesen
10618,Zemendorf-Stöttera
10609,Pöttsching
10604,Loipersbach im Burgenland
30541,Winklarn
30536,Viehdorf
30502,Amstetten
30527,St. Georgen am Ybbsfelde
30521,Neustadtl an der Donau
30538,Wallsee-Sindelburg
30503,Ardagger
30520,Neuhofen an der Ybbs
30527,St. Georgen am Ybbsfelde
30527,St. Georgen am Ybbsfelde
30502,Amstetten
30521,Neustadtl an der Donau
30520,Neuhofen an der Ybbs
30521,Neustadtl an der Donau
30512,Ferschnitz
30522,Oed-Oehling
30522,Oed-Oehling
30520,Neuhofen an der Ybbs
30502,Amstetten
30538,Wallsee-Sindelburg
30521,Neustadtl an der Donau
30520,Neuhofen an der Ybbs
30520,Neuhofen an der Ybbs
30502,Amstetten
30538,Wallsee-Sindelburg
30536,Viehdorf
30503,Ardagger
30520,Neuhofen an der Ybbs
30502,Amstetten
30536,Viehdorf
30538,Wallsee-Sindelburg
30521,Neustadtl an der Donau
30541,Winklarn
30521,Neustadtl an der Donau
30544,Zeillern
10401,Bocksdorf
10402,Burgauberg-Neudauberg
10407,Heiligenbrunn
10416,Strem
10417,Tobaj
10403,Eberau
10408,Kukmirn
10403,Eberau
10413,Sankt Michael im Burgenland
30509,Ernsthofen
10404,Gerersdorf-Sulz
10405,Güssing
10420,Großmürbisch
10405,Güssing
10406,Güttenbach
10418,Hackerberg
10407,Heiligenbrunn
10417,Tobaj
10407,Heiligenbrunn
10424,Heugraben
30531,St. Valentin
10421,Inzenhof
10422,Kleinmürbisch
10403,Eberau
10417,Tobaj
10405,Güssing
10408,Kukmirn
10403,Eberau
10408,Kukmirn
10407,Heiligenbrunn
10428,Moschendorf
30534,Strengberg
10409,Neuberg im Burgenland
10402,Burgauberg-Neudauberg
10408,Kukmirn
10410,Neustift bei Güssing
10426,Bildein
10411,Olbendorf
10412,Ollersdorf im Burgenland
10417,Tobaj
10427,Rauchwart
10404,Gerersdorf-Sulz
30506,Behamberg
10407,Heiligenbrunn
10425,Rohr im Burgenland
10413,Sankt Michael im Burgenland
10405,Güssing
10413,Sankt Michael im Burgenland
10414,Stegersbach
10416,Strem
10405,Güssing
10415,Stinatz
10416,Strem
30515,Haidershofen
10404,Gerersdorf-Sulz
10416,Strem
10417,Tobaj
10423,Tschanigraben
10417,Tobaj
10426,Bildein
10405,Güssing
10403,Eberau
10419,Wörterberg
30515,Haidershofen
30514,Haag
30531,St. Valentin
30508,Ennsdorf
30529,St. Pantaleon-Erla
10507,Neuhaus am Klausenbach
10501,Deutsch Kaltenbrunn
10506,Mogersdorf
10508,Rudersdorf
10509,Sankt Martin an der Raab
10502,Eltendorf
10504,Jennersdorf
10509,Sankt Martin an der Raab
10503,Heiligenkreuz im Lafnitztal
30514,Haag
10504,Jennersdorf
10504,Jennersdorf
10507,Neuhaus am Klausenbach
10511,Königsdorf
10510,Weichselbaum
10507,Neuhaus am Klausenbach
10505,Minihof-Liebau
10506,Mogersdorf
10512,Mühlgraben
10507,Neuhaus am Klausenbach
30514,Haag
10509,Sankt Martin an der Raab
10509,Sankt Martin an der Raab
10503,Heiligenkreuz im Lafnitztal
10504,Jennersdorf
10501,Deutsch Kaltenbrunn
10510,Weichselbaum
10508,Rudersdorf
10509,Sankt Martin an der Raab
10505,Minihof-Liebau
10506,Mogersdorf
30515,Haidershofen
10510,Weichselbaum
10509,Sankt Martin an der Raab
10505,Minihof-Liebau
10502,Eltendorf
30514,Haag
30531,St. Valentin
30514,Haag
30514,Haag
30514,Haag
30534,Strengberg
30534,Strengberg
30529,St. Pantaleon-Erla
30506,Behamberg
30514,Haag
30514,Haag
30506,Behamberg
30534,Strengberg
30514,Haag
30531,St. Valentin
30509,Ernsthofen
30514,Haag
30514,Haag
30515,Haidershofen
30534,Strengberg
30534,Strengberg
30531,St. Valentin
30515,Haidershofen
30531,St. Valentin
30515,Haidershofen
30506,Behamberg
10701,Andau
10702,Apetlon
10703,Bruckneudorf
10704,Deutsch Jahrndorf
10727,Edelstal
10705,Frauenkirchen
10706,Gattendorf
10707,Gols
10708,Halbturn
30504,Aschbach-Markt
10709,Illmitz
10710,Jois
10711,Kittsee
10703,Bruckneudorf
10712,Mönchhof
10725,Neudorf
10713,Neusiedl am See
10714,Nickelsdorf
10715,Pama
10716,Pamhagen
30504,Aschbach-Markt
10717,Parndorf
10718,Podersdorf am See
10726,Potzneusiedl
10719,Sankt Andrä am Zicksee
10720,Tadten
10721,Wallern im Burgenland
10722,Weiden am See
10723,Winden am See
10724,Zurndorf
30504,Aschbach-Markt
30504,Aschbach-Markt
30507,Biberbach
30542,Wolfsbach
30510,Ertl
30539,Weistrach
30539,Weistrach
30530,St. Peter in der Au
30539,Weistrach
30530,St. Peter in der Au
30504,Aschbach-Markt
30530,St. Peter in der Au
30542,Wolfsbach
30530,St. Peter in der Au
30504,Aschbach-Markt
30530,St. Peter in der Au
30530,St. Peter in der Au
30539,Weistrach
30539,Weistrach
30532,Seitenstetten
30532,Seitenstetten
30539,Weistrach
30542,Wolfsbach
10817,Pilgersdorf
10817,Pilgersdorf
10801,Deutschkreutz
10821,Steinberg-Dörfl
10802,Draßmarkt
10803,Frankenau-Unterpullendorf
10801,Deutschkreutz
10809,Lockenhaus
10803,Frankenau-Unterpullendorf
30501,Allhartsberg
10804,Großwarasdorf
10809,Lockenhaus
10813,Neckenmarkt
10809,Lockenhaus
10805,Horitschon
10806,Kaisersdorf
10823,Weppersdorf
10802,Draßmarkt
10803,Frankenau-Unterpullendorf
10804,Großwarasdorf
30533,Sonntagberg
10811,Mannersdorf an der Rabnitz
10807,Kobersdorf
10817,Pilgersdorf
10815,Nikitsch
10815,Nikitsch
10808,Lackenbach
10824,Lackendorf
10812,Markt Sankt Martin
10809,Lockenhaus
10817,Pilgersdorf
30516,Hollenstein an der Ybbs
10807,Kobersdorf
10809,Lockenhaus
10810,Lutzmannsburg
10811,Mannersdorf an der Rabnitz
10816,Oberpullendorf
10804,Großwarasdorf
10813,Neckenmarkt
10812,Markt Sankt Martin
10814,Neutal
30516,Hollenstein an der Ybbs
10815,Nikitsch
10828,Oberloisdorf
10807,Kobersdorf
10816,Oberpullendorf
10802,Draßmarkt
10817,Pilgersdorf
10818,Piringsdorf
10819,Raiding
10811,Mannersdorf an der Rabnitz
10820,Ritzing
30543,Ybbsitz
10817,Pilgersdorf
10826,Unterrabnitz-Schwendgraben
10817,Pilgersdorf
10812,Markt Sankt Martin
10821,Steinberg-Dörfl
10822,Stoob
10810,Lutzmannsburg
10823,Weppersdorf
10825,Unterfrauenhaid
30526,St. Georgen am Reith
10811,Mannersdorf an der Rabnitz
10805,Horitschon
10803,Frankenau-Unterpullendorf
10826,Unterrabnitz-Schwendgraben
10827,Weingraben
10823,Weppersdorf
10809,Lockenhaus
30526,St. Georgen am Reith
30301,Waidhofen an der Ybbs
30526,St. Georgen am Reith
30301,Waidhofen an der Ybbs
30516,Hollenstein an der Ybbs
30501,Allhartsberg
30543,Ybbsitz
30516,Hollenstein an der Ybbs
30524,Opponitz
30516,Hollenstein an der Ybbs
30524,Opponitz
30543,Ybbsitz
30543,Ybbsitz
30301,Waidhofen an der Ybbs
30524,Opponitz
30543,Ybbsitz
30543,Ybbsitz
30533,Sonntagberg
30301,Waidhofen an der Ybbs
30526,St. Georgen am Reith
30301,Waidhofen an der Ybbs
30524,Opponitz
30301,Waidhofen an der Ybbs
30543,Ybbsitz
30301,Waidhofen an der Ybbs
30301,Waidhofen an der Ybbs
30543,Ybbsitz
30301,Waidhofen an der Ybbs
30301,Waidhofen an der Ybbs
30517,Kematen an der Ybbs
30517,Kematen an der Ybbs
10926,Weiden bei Rechnitz
10926,Weiden bei Rechnitz
10913,Markt Neuhodis
10923,Stadtschlaining
10916,Oberschützen
10931,Badersdorf
10901,Bad Tatzmannsdorf
10911,Mariasdorf
10902,Bernstein
10912,Markt Allhau
10906,Hannersdorf
10903,Deutsch Schützen-Eisenberg
10902,Bernstein
10923,Stadtschlaining
10922,Schachendorf
10903,Deutsch Schützen-Eisenberg
10903,Deutsch Schützen-Eisenberg
10925,Unterwart
10924,Unterkohlstätten
10923,Stadtschlaining
10904,Grafenschachen
10911,Mariasdorf
10914,Mischendorf
10905,Großpetersdorf
10924,Unterkohlstätten
10906,Hannersdorf
10908,Kohfidisch
10918,Pinkafeld
10903,Deutsch Schützen-Eisenberg
10924,Unterkohlstätten
10930,Jabing
10901,Bad Tatzmannsdorf
10907,Kemeten
10908,Kohfidisch
10910,Loipersdorf-Kitzladen
10914,Mischendorf
10905,Großpetersdorf
10905,Großpetersdorf
10908,Kohfidisch
10914,Mischendorf
10904,Grafenschachen
10909,Litzelsdorf
10910,Loipersdorf-Kitzladen
10911,Mariasdorf
10912,Markt Allhau
10913,Markt Neuhodis
10905,Großpetersdorf
10914,Mischendorf
10926,Weiden bei Rechnitz
10914,Mischendorf
10923,Stadtschlaining
10929,Neustift an der Lafnitz
10911,Mariasdorf
10915,Oberdorf im Burgenland
10924,Unterkohlstätten
10916,Oberschützen
10917,Oberwart
10918,Pinkafeld
10926,Weiden bei Rechnitz
10926,Weiden bei Rechnitz
10926,Weiden bei Rechnitz
10919,Rechnitz
10902,Bernstein
10902,Bernstein
10920,Riedlingsdorf
10914,Mischendorf
10921,Rotenturm an der Pinka
10926,Weiden bei Rechnitz
10903,Deutsch Schützen-Eisenberg
10917,Oberwart
10922,Schachendorf
10932,Schandorf
10916,Oberschützen
10927,Wiesfleck
10927,Wiesfleck
10921,Rotenturm an der Pinka
10921,Rotenturm an der Pinka
10923,Stadtschlaining
10902,Bernstein
10901,Bad Tatzmannsdorf
10911,Mariasdorf
10924,Unterkohlstätten
10916,Oberschützen
10925,Unterwart
10926,Weiden bei Rechnitz
10927,Wiesfleck
10905,Großpetersdorf
10927,Wiesfleck
10916,Oberschützen
10928,Wolfau
10906,Hannersdorf
10926,Weiden bei Rechnitz
40412,Handenberg
40423,Mining
40438,St. Peter am Hart
40427,Neukirchen an der Enknach
40404,Braunau am Inn
40410,Gilgenberg am Weilhart
40423,Mining
40438,St. Peter am Hart
40410,Gilgenberg am Weilhart
30601,Alland
40423,Mining
40427,Neukirchen an der Enknach
40427,Neukirchen an der Enknach
40404,Braunau am Inn
40404,Braunau am Inn
40410,Gilgenberg am Weilhart
40412,Handenberg
40435,St. Georgen am Fillmannsbach
40438,St. Peter am Hart
40442,Schwand im Innkreis
30604,Baden
40445,Überackern
30604,Baden
30631,Schönau an der Triesting
30603,Bad Vöslau
30604,Baden
30601,Alland
30601,Alland
30603,Bad Vöslau
30612,Günselsdorf
40426,Munderfing
40407,Feldkirchen bei Mattighofen
40403,Auerbach
40432,Pischelsdorf am Engelbach
40407,Feldkirchen bei Mattighofen
40418,Lengau
40441,Schalchen
40432,Pischelsdorf am Engelbach
40407,Feldkirchen bei Mattighofen
40418,Lengau
40432,Pischelsdorf am Engelbach
40403,Auerbach
40416,Jeging
40418,Lengau
40418,Lengau
40419,Lochen am See
40421,Mattighofen
40429,Palting
40426,Munderfing
30613,Heiligenkreuz
40418,Lengau
40420,Maria Schmolln
40419,Lochen am See
40429,Palting
40430,Perwang am Grabensee
40431,Pfaffstätt
40432,Pischelsdorf am Engelbach
40430,Perwang am Grabensee
40436,St. Johann am Walde
40417,Kirchberg bei Mattighofen
30601,Alland
40441,Schalchen
40420,Maria Schmolln
40420,Maria Schmolln
40417,Kirchberg bei Mattighofen
40419,Lochen am See
40441,Schalchen
40418,Lengau
40407,Feldkirchen bei Mattighofen
40441,Schalchen
40419,Lochen am See
30601,Alland
40407,Feldkirchen bei Mattighofen
30616,Klausen-Leopoldsdorf
30618,Kottingbrunn
30604,Baden
30620,Leobersdorf
30601,Alland
30604,Baden
40401,Altheim
40402,Aspach
40405,Burgkirchen
40415,Höhnhart
40405,Burgkirchen
40424,Moosbach
40405,Burgkirchen
40413,Helpfau-Uttendorf
40415,Höhnhart
30639,Traiskirchen
40413,Helpfau-Uttendorf
40446,Weng im Innkreis
40422,Mauerkirchen
40402,Aspach
40405,Burgkirchen
40444,Treubach
40433,Polling im Innkreis
40434,Roßbach
40434,Roßbach
40413,Helpfau-Uttendorf
30639,Traiskirchen
40405,Burgkirchen
40440,St. Veit im Innkreis
40444,Treubach
40422,Mauerkirchen
40401,Altheim
40413,Helpfau-Uttendorf
40424,Moosbach
40446,Weng im Innkreis
40401,Altheim
40402,Aspach
30625,Pfaffstätten
30601,Alland
30604,Baden
30601,Alland
30601,Alland
30631,Schönau an der Triesting
30601,Alland
30613,Heiligenkreuz
40414,Hochburg-Ach
40406,Eggelsberg
40408,Franking
40443,Tarsdorf
40428,Ostermiething
40428,Ostermiething
40409,Geretsberg
40406,Eggelsberg
40439,St. Radegund
30635,Sooß
40411,Haigermoos
40406,Eggelsberg
40406,Eggelsberg
40414,Hochburg-Ach
40443,Tarsdorf
40408,Franking
40443,Tarsdorf
40406,Eggelsberg
40409,Geretsberg
40425,Moosdorf
30637,Teesdorf
40414,Hochburg-Ach
40428,Ostermiething
40437,St. Pantaleon
40425,Moosdorf
40437,St. Pantaleon
40414,Hochburg-Ach
40409,Geretsberg
40437,St. Pantaleon
30639,Traiskirchen
30639,Traiskirchen
30603,Bad Vöslau
30604,Baden
30601,Alland
30639,Traiskirchen
30601,Alland
30636,Tattendorf
30616,Klausen-Leopoldsdorf
30646,Blumau-Neurißhof
40618,St. Oswald bei Freistadt
40601,Freistadt
40602,Grünbach
40605,Hirschbach im Mühlkreis
40616,Sandl
40610,Leopoldschlag
40605,Hirschbach im Mühlkreis
40607,Kefermarkt
40615,Rainbach im Mühlkreis
30633,Seibersdorf
40616,Sandl
40609,Lasberg
40610,Leopoldschlag
40602,Grünbach
40618,St. Oswald bei Freistadt
40612,Neumarkt im Mühlkreis
40612,Neumarkt im Mühlkreis
40607,Kefermarkt
40616,Sandl
40615,Rainbach im Mühlkreis
30607,Ebreichsdorf
40602,Grünbach
40626,Windhaag bei Freistadt
40616,Sandl
40618,St. Oswald bei Freistadt
40623,Waldburg
40626,Windhaag bei Freistadt
40609,Lasberg
40615,Rainbach im Mühlkreis
40612,Neumarkt im Mühlkreis
40623,Waldburg
30626,Pottendorf
40609,Lasberg
40626,Windhaag bei Freistadt
40618,St. Oswald bei Freistadt
40612,Neumarkt im Mühlkreis
40607,Kefermarkt
30621,Mitterndorf an der Fischa
30623,Oberwaltersdorf
30626,Pottendorf
30629,Reisenberg
30607,Ebreichsdorf
30633,Seibersdorf
30626,Pottendorf
40627,Bad Zell
40627,Bad Zell
40603,Gutau
40603,Gutau
40604,Hagenberg im Mühlkreis
40620,Tragwein
40603,Gutau
40627,Bad Zell
40620,Tragwein
40614,Pregarten
40614,Pregarten
40614,Pregarten
40620,Tragwein
40624,Wartberg ob der Aist
40622,Unterweitersdorf
40624,Wartberg ob der Aist
40627,Bad Zell
40604,Hagenberg im Mühlkreis
30641,Trumau
30607,Ebreichsdorf
30626,Pottendorf
30607,Ebreichsdorf
40608,Königswiesen
40625,Weitersfelden
40617,St. Leonhard bei Freistadt
40613,Pierbach
40619,Schönau im Mühlkreis
40608,Königswiesen
40621,Unterweißenbach
40611,Liebenau
40617,St. Leonhard bei Freistadt
40606,Kaltenberg
40608,Königswiesen
40608,Königswiesen
40611,Liebenau
40608,Königswiesen
40613,Pierbach
40619,Schönau im Mühlkreis
40617,St. Leonhard bei Freistadt
40619,Schönau im Mühlkreis
40606,Kaltenberg
40621,Unterweißenbach
40625,Weitersfelden
40611,Liebenau
40703,Bad Ischl
40703,Bad Ischl
40704,Ebensee am Traunsee
40702,Bad Goisern am Hallstättersee
40706,Gosau
40703,Bad Ischl
40709,Hallstatt
40703,Bad Ischl
40703,Bad Ischl
40704,Ebensee am Traunsee
40702,Bad Goisern am Hallstättersee
40703,Bad Ischl
40703,Bad Ischl
40704,Ebensee am Traunsee
40702,Bad Goisern am Hallstättersee
40712,Obertraun
40703,Bad Ischl
40702,Bad Goisern am Hallstättersee
40703,Bad Ischl
40703,Bad Ischl
40717,St. Wolfgang im Salzkammergut
40702,Bad Goisern am Hallstättersee
40717,St. Wolfgang im Salzkammergut
40720,Vorchdorf
40701,Altmünster
40715,Roitham am Traunfall
40715,Roitham am Traunfall
40711,Laakirchen
40719,Scharnstein
40701,Altmünster
40701,Altmünster
40716,St. Konrad
40720,Vorchdorf
40713,Ohlsdorf
40713,Ohlsdorf
40720,Vorchdorf
40710,Kirchham
40720,Vorchdorf
40705,Gmunden
40701,Altmünster
40701,Altmünster
40707,Grünau im Almtal
40708,Gschwandt
40713,Ohlsdorf
40720,Vorchdorf
40710,Kirchham
40710,Kirchham
40715,Roitham am Traunfall
40710,Kirchham
40710,Kirchham
40711,Laakirchen
40710,Kirchham
40714,Pinsdorf
40711,Laakirchen
40720,Vorchdorf
40711,Laakirchen
40720,Vorchdorf
40720,Vorchdorf
40708,Gschwandt
40701,Altmünster
40718,Traunkirchen
40719,Scharnstein
40716,St. Konrad
40720,Vorchdorf
40701,Altmünster
40713,Ohlsdorf
40701,Altmünster
40708,Gschwandt
40711,Laakirchen
40713,Ohlsdorf
40711,Laakirchen
40701,Altmünster
40705,Gmunden
40714,Pinsdorf
40701,Altmünster
40713,Ohlsdorf
40715,Roitham am Traunfall
40716,St. Konrad
40705,Gmunden
40711,Laakirchen
40711,Laakirchen
40720,Vorchdorf
40705,Gmunden
40718,Traunkirchen
40705,Gmunden
40719,Scharnstein
40720,Vorchdorf
40718,Traunkirchen
41104,Dimbach
41108,Bad Kreuzen
41123,Saxen
41104,Dimbach
41105,Grein
41119,St. Georgen am Walde
41108,Bad Kreuzen
41107,Klam
41108,Bad Kreuzen
30602,Altenmarkt an der Triesting
41105,Grein
41119,St. Georgen am Walde
41115,Pabneukirchen
41105,Grein
41115,Pabneukirchen
41119,St. Georgen am Walde
41121,St. Nikola an der Donau
41122,St. Thomas am Blasenstein
41123,Saxen
41121,St. Nikola an der Donau
30605,Berndorf
41125,Waldhausen im Strudengau
41115,Pabneukirchen
41108,Bad Kreuzen
30605,Berndorf
30605,Berndorf
30605,Berndorf
30602,Altenmarkt an der Triesting
30608,Enzesfeld-Lindabrunn
30627,Pottenstein
30609,Furth an der Triesting
30645,Weissenbach an der Triesting
41118,Ried in der Riedmark
41106,Katsdorf
41111,Mauthausen
41109,Langenstein
41110,Luftenberg an der Donau
41118,Ried in der Riedmark
41111,Mauthausen
41118,Ried in der Riedmark
41110,Luftenberg an der Donau
30614,Hernstein
41118,Ried in der Riedmark
41120,St. Georgen an der Gusen
41124,Schwertberg
41124,Schwertberg
30615,Hirtenberg
30614,Hernstein
30614,Hernstein
30608,Enzesfeld-Lindabrunn
30602,Altenmarkt an der Triesting
30645,Weissenbach an der Triesting
30614,Hernstein
30602,Altenmarkt an der Triesting
41101,Allerheiligen im Mühlkreis
41126,Windhaag bei Perg
41102,Arbing
41114,Naarn im Machlande
41114,Naarn im Machlande
41103,Baumgartenberg
41112,Mitterkirchen im Machland
41113,Münzbach
41112,Mitterkirchen im Machland
30627,Pottenstein
41101,Allerheiligen im Mühlkreis
41112,Mitterkirchen im Machland
41113,Münzbach
41114,Naarn im Machlande
41116,Perg
41116,Perg
41102,Arbing
41117,Rechberg
41114,Naarn im Machlande
41116,Perg
30614,Hernstein
41126,Windhaag bei Perg
41103,Baumgartenberg
30645,Weissenbach an der Triesting
30614,Hernstein
30602,Altenmarkt an der Triesting
30614,Hernstein
30645,Weissenbach an der Triesting
40827,Schlüßlberg
40829,Taufkirchen an der Trattnach
40805,Gallspach
40821,Pollham
40805,Gallspach
40811,Hofkirchen an der Trattnach
40808,Grieskirchen
40815,Michaelnbach
40815,Michaelnbach
40811,Hofkirchen an der Trattnach
40813,Kematen am Innbach
40829,Taufkirchen an der Trattnach
40829,Taufkirchen an der Trattnach
40808,Grieskirchen
40832,Wallern an der Trattnach
40814,Meggenhofen
40815,Michaelnbach
40829,Taufkirchen an der Trattnach
40818,Neumarkt im Hausruckkreis
40808,Grieskirchen
40814,Meggenhofen
40827,Schlüßlberg
40821,Pollham
40820,Pötting
40829,Taufkirchen an der Trattnach
40825,St. Georgen bei Grieskirchen
40826,St. Thomas
40811,Hofkirchen an der Trattnach
40827,Schlüßlberg
40802,Bad Schallerbach
40820,Pötting
40813,Kematen am Innbach
40811,Hofkirchen an der Trattnach
40813,Kematen am Innbach
40830,Tollet
40825,St. Georgen bei Grieskirchen
40827,Schlüßlberg
40832,Wallern an der Trattnach
40832,Wallern an der Trattnach
40827,Schlüßlberg
40829,Taufkirchen an der Trattnach
40814,Meggenhofen
40806,Gaspoltshofen
40801,Aistersheim
40806,Gaspoltshofen
40833,Weibern
40806,Gaspoltshofen
40822,Pram
40806,Gaspoltshofen
40807,Geboltskirchen
40822,Pram
40823,Rottenbach
40806,Gaspoltshofen
40806,Gaspoltshofen
40823,Rottenbach
40806,Gaspoltshofen
40807,Geboltskirchen
40809,Haag am Hausruck
40809,Haag am Hausruck
40822,Pram
40823,Rottenbach
40833,Weibern
40833,Weibern
40834,Wendling
40834,Wendling
40835,Peuerbach
40812,Kallham
40804,Eschenau im Hausruckkreis
40810,Heiligenberg
40812,Kallham
40812,Kallham
40824,St. Agatha
40831,Waizenkirchen
40816,Natternbach
40817,Neukirchen am Walde
40835,Peuerbach
40824,St. Agatha
40817,Neukirchen am Walde
40828,Steegen
40835,Peuerbach
40831,Waizenkirchen
40831,Waizenkirchen
40501,Alkoven
40501,Alkoven
40502,Aschach an der Donau
40508,Prambachkirchen
40503,Eferding
40511,Scharten
40504,Fraham
40510,St. Marienkirchen an der Polsenz
40508,Prambachkirchen
40512,Stroheim
40505,Haibach ob der Donau
40501,Alkoven
40506,Hartkirchen
40507,Hinzenbach
40504,Fraham
40510,St. Marienkirchen an der Polsenz
40505,Haibach ob der Donau
40512,Stroheim
40507,Hinzenbach
40509,Pupping
40506,Hartkirchen
40510,St. Marienkirchen an der Polsenz
40501,Alkoven
40501,Alkoven
40509,Pupping
40510,St. Marienkirchen an der Polsenz
40511,Scharten
40506,Hartkirchen
40501,Alkoven
40507,Hinzenbach
41003,Asten
41005,Enns
41006,Hargelsberg
41005,Enns
41005,Enns
41011,Kronstorf
41005,Enns
41005,Enns
41006,Hargelsberg
41003,Asten
41011,Kronstorf
41006,Hargelsberg
41011,Kronstorf
41006,Hargelsberg
41005,Enns
40101,Linz
40101,Linz
40101,Linz
40101,Linz
40101,Linz
40101,Linz
40101,Linz
40101,Linz
40101,Linz
40101,Linz
40101,Linz
40101,Linz
40101,Linz
40101,Linz
41010,Kirchberg-Thening
41022,Wilhering
41016,Oftering
41012,Leonding
41010,Kirchberg-Thening
41012,Leonding
41007,Hörsching
41017,Pasching
41012,Leonding
41022,Wilhering
41021,Traun
41022,Wilhering
41002,Ansfelden
41015,Niederneukirchen
41013,St. Florian
41013,St. Florian
41002,Ansfelden
41013,St. Florian
41015,Niederneukirchen
41008,Hofkirchen im Traunkreis
41008,Hofkirchen im Traunkreis
41002,Ansfelden
41013,St. Florian
41002,Ansfelden
41013,St. Florian
41015,Niederneukirchen
41013,St. Florian
41002,Ansfelden
41013,St. Florian
41015,Niederneukirchen
41013,St. Florian
41013,St. Florian
41013,St. Florian
41013,St. Florian
41013,St. Florian
41628,Vorderweißenbach
41628,Vorderweißenbach
41603,Bad Leonfelden
41610,Haibach im Mühlkreis
41627,Zwettl an der Rodl
41622,Schenkenfelden
41603,Bad Leonfelden
41603,Bad Leonfelden
41622,Schenkenfelden
41615,Oberneukirchen
41628,Vorderweißenbach
41616,Ottenschlag im Mühlkreis
41619,Reichenau im Mühlkreis
41620,Reichenthal
41622,Schenkenfelden
41603,Bad Leonfelden
41620,Reichenthal
41615,Oberneukirchen
41615,Oberneukirchen
41603,Bad Leonfelden
41627,Zwettl an der Rodl
41009,Kematen an der Krems
41001,Allhaming
41018,Piberbach
41009,Kematen an der Krems
41014,Neuhofen an der Krems
41020,St. Marien
41004,Eggendorf im Traunkreis
41014,Neuhofen an der Krems
41014,Neuhofen an der Krems
41009,Kematen an der Krems
41009,Kematen an der Krems
41020,St. Marien
41020,St. Marien
41001,Allhaming
41014,Neuhofen an der Krems
41014,Neuhofen an der Krems
41020,St. Marien
41020,St. Marien
41018,Piberbach
41020,St. Marien
41019,Pucking
41019,Pucking
41019,Pucking
41019,Pucking
41020,St. Marien
41020,St. Marien
41014,Neuhofen an der Krems
41606,Feldkirchen an der Donau
41612,Herzogsdorf
41604,Eidenberg
41612,Herzogsdorf
41606,Feldkirchen an der Donau
41609,Gramastetten
41606,Feldkirchen an der Donau
41604,Eidenberg
41608,Goldwörth
41621,St. Gotthard im Mühlkreis
41609,Gramastetten
41606,Feldkirchen an der Donau
41606,Feldkirchen an der Donau
41626,Walding
41606,Feldkirchen an der Donau
41606,Feldkirchen an der Donau
41617,Ottensheim
41617,Ottensheim
41618,Puchenau
41612,Herzogsdorf
41626,Walding
41602,Altenberg bei Linz
41605,Engerwitzdorf
41607,Gallneukirchen
41611,Hellmonsödt
41605,Engerwitzdorf
41602,Altenberg bei Linz
41613,Kirchschlag bei Linz
41605,Engerwitzdorf
41624,Steyregg
41614,Lichtenberg
41605,Engerwitzdorf
41602,Altenberg bei Linz
41601,Alberndorf in der Riedmark
41611,Hellmonsödt
41601,Alberndorf in der Riedmark
41624,Steyregg
41613,Kirchschlag bei Linz
41623,Sonnberg im Mühlkreis
41601,Alberndorf in der Riedmark
41624,Steyregg
41220,Ort im Innkreis
41202,Antiesenhofen
41230,Senftenbach
41212,Lambrechten
41208,Gurten
41233,Utzenaich
41235,Weilbach
41230,Senftenbach
41233,Utzenaich
41207,Geinberg
41212,Lambrechten
41216,Mörschwang
41208,Gurten
41224,Reichersberg
41210,Kirchdorf am Inn
41210,Kirchdorf am Inn
41212,Lambrechten
41212,Lambrechten
41216,Mörschwang
41217,Mühlheim am Inn
41233,Utzenaich
41207,Geinberg
41226,St. Georgen bei Obernberg am Inn
41219,Obernberg am Inn
41220,Ort im Innkreis
41212,Lambrechten
41224,Reichersberg
41226,St. Georgen bei Obernberg am Inn
41228,St. Martin im Innkreis
41228,St. Martin im Innkreis
41224,Reichersberg
41233,Utzenaich
41233,Utzenaich
41235,Weilbach
41233,Utzenaich
41201,Andrichsfurt
41231,Taiskirchen im Innkreis
41214,Mehrnbach
41203,Aurolzmünster
41231,Taiskirchen im Innkreis
41231,Taiskirchen im Innkreis
41222,Peterskirchen
41204,Eberschwang
41205,Eitzing
41209,Hohenzell
41203,Aurolzmünster
41201,Andrichsfurt
41206,Geiersberg
41234,Waldzell
41218,Neuhofen im Innkreis
41209,Hohenzell
41227,St. Marienkirchen am Hausruck
41215,Mettmach
41213,Lohnsburg am Kobernaußerwald
41234,Waldzell
41234,Waldzell
41223,Pramet
41209,Hohenzell
41209,Hohenzell
41215,Mettmach
41231,Taiskirchen im Innkreis
41205,Eitzing
41211,Kirchheim im Innkreis
41204,Eberschwang
41231,Taiskirchen im Innkreis
41213,Lohnsburg am Kobernaußerwald
41204,Eberschwang
41213,Lohnsburg am Kobernaußerwald
41203,Aurolzmünster
41214,Mehrnbach
41215,Mettmach
41204,Eberschwang
41204,Eberschwang
41218,Neuhofen im Innkreis
41215,Mettmach
41221,Pattigham
41209,Hohenzell
41221,Pattigham
41222,Peterskirchen
41201,Andrichsfurt
41223,Pramet
41232,Tumeltsham
41214,Mehrnbach
41225,Ried im Innkreis
41214,Mehrnbach
41229,Schildorn
41227,St. Marienkirchen am Hausruck
41221,Pattigham
41203,Aurolzmünster
41229,Schildorn
41227,St. Marienkirchen am Hausruck
41232,Tumeltsham
41214,Mehrnbach
41231,Taiskirchen im Innkreis
41232,Tumeltsham
41209,Hohenzell
41222,Peterskirchen
41231,Taiskirchen im Innkreis
41231,Taiskirchen im Innkreis
41204,Eberschwang
41234,Waldzell
41234,Waldzell
41204,Eberschwang
41203,Aurolzmünster
41231,Taiskirchen im Innkreis
41209,Hohenzell
41236,Wippenham
41343,Aigen-Schlägl
41342,Ulrichsberg
41342,Ulrichsberg
41313,Julbach
41315,Klaffer am Hochficht
41313,Julbach
41342,Ulrichsberg
41342,Ulrichsberg
41343,Aigen-Schlägl
41333,St. Oswald bei Haslach
41341,Schwarzenberg am Böhmerwald
41342,Ulrichsberg
41343,Aigen-Schlägl
41327,Pfarrkirchen im Mühlkreis
41306,Atzesberg
41312,Hofkirchen im Mühlkreis
41318,Lembach im Mühlkreis
41312,Hofkirchen im Mühlkreis
41329,Neustift im Mühlkreis
41322,Niederkappel
41324,Oberkappel
41328,Putzleinsdorf
41327,Pfarrkirchen im Mühlkreis
41328,Putzleinsdorf
41329,Neustift im Mühlkreis
41327,Pfarrkirchen im Mühlkreis
41322,Niederkappel
41311,Hörbich
41323,Niederwaldkirchen
41304,Altenfelden
41307,Auberg
41323,Niederwaldkirchen
41334,St. Peter am Wimberg
41314,Kirchberg ob der Donau
41304,Altenfelden
41334,St. Peter am Wimberg
41314,Kirchberg ob der Donau
41316,Kleinzell im Mühlkreis
41304,Altenfelden
41321,Neufelden
41332,St. Martin im Mühlkreis
41323,Niederwaldkirchen
41331,St. Johann am Wimberg
41321,Neufelden
41337,St. Veit im Mühlkreis
41331,St. Johann am Wimberg
41332,St. Martin im Mühlkreis
41334,St. Peter am Wimberg
41336,St. Ulrich im Mühlkreis
41337,St. Veit im Mühlkreis
41332,St. Martin im Mühlkreis
41346,St. Stefan-Afiesl
41345,Helfenberg
41305,Arnreit
41344,Rohrbach-Berg
41344,Rohrbach-Berg
41325,Oepping
41309,Haslach an der Mühl
41345,Helfenberg
41344,Rohrbach-Berg
41326,Peilstein im Mühlviertel
41326,Peilstein im Mühlviertel
41317,Kollerschlag
41319,Lichtenau im Mühlkreis
41320,Nebelberg
41325,Oepping
41325,Oepping
41326,Peilstein im Mühlviertel
41338,Sarleinsbach
41344,Rohrbach-Berg
41338,Sarleinsbach
41346,St. Stefan-Afiesl
41338,Sarleinsbach
41338,Sarleinsbach
41628,Vorderweißenbach
41345,Helfenberg
41338,Sarleinsbach
41344,Rohrbach-Berg
41305,Arnreit
41346,St. Stefan-Afiesl
41317,Kollerschlag
41420,St. Roman
41420,St. Roman
41420,St. Roman
41407,Engelhartszell
41411,Kopfing im Innkreis
41420,St. Roman
41411,Kopfing im Innkreis
41417,St. Aegidi
41409,Esternberg
41420,St. Roman
41411,Kopfing im Innkreis
41411,Kopfing im Innkreis
41428,Waldkirchen am Wesen
41409,Esternberg
41420,St. Roman
41417,St. Aegidi
41417,St. Aegidi
41407,Engelhartszell
41428,Waldkirchen am Wesen
41409,Esternberg
41427,Vichtenstein
41428,Waldkirchen am Wesen
41409,Esternberg
41421,St. Willibald
41430,Zell an der Pram
41401,Altschwendt
41402,Andorf
41404,Diersbach
41402,Andorf
41404,Diersbach
41405,Dorf an der Pram
41408,Enzenkirchen
41414,Raab
41421,St. Willibald
41404,Diersbach
41402,Andorf
41405,Dorf an der Pram
41408,Enzenkirchen
41404,Diersbach
41408,Enzenkirchen
41404,Diersbach
41430,Zell an der Pram
41402,Andorf
41408,Enzenkirchen
41414,Raab
41430,Zell an der Pram
41402,Andorf
41401,Altschwendt
41414,Raab
41414,Raab
41430,Zell an der Pram
41416,Riedau
41414,Raab
41402,Andorf
41430,Zell an der Pram
41404,Diersbach
41424,Sigharting
41430,Zell an der Pram
41402,Andorf
41424,Sigharting
41416,Riedau
41430,Zell an der Pram
41429,Wernstein am Inn
41423,Schardenberg
41426,Taufkirchen an der Pram
41403,Brunnenthal
41419,St. Marienkirchen bei Schärding
41415,Rainbach im Innkreis
41406,Eggerding
41403,Brunnenthal
41413,Münzkirchen
41423,Schardenberg
41413,Münzkirchen
41419,St. Marienkirchen bei Schärding
41423,Schardenberg
41415,Rainbach im Innkreis
41419,St. Marienkirchen bei Schärding
41410,Freinberg
41410,Freinberg
41426,Taufkirchen an der Pram
41413,Münzkirchen
41406,Eggerding
41426,Taufkirchen an der Pram
41413,Münzkirchen
41426,Taufkirchen an der Pram
41423,Schardenberg
41423,Schardenberg
41406,Eggerding
41412,Mayrhof
41413,Münzkirchen
41418,St. Florian am Inn
41418,St. Florian am Inn
41415,Rainbach im Innkreis
41429,Wernstein am Inn
41418,St. Florian am Inn
41419,St. Marienkirchen bei Schärding
41429,Wernstein am Inn
41423,Schardenberg
41422,Schärding
41422,Schärding
41413,Münzkirchen
41426,Taufkirchen an der Pram
41425,Suben
41426,Taufkirchen an der Pram
41418,St. Florian am Inn
41429,Wernstein am Inn
41415,Rainbach im Innkreis
41429,Wernstein am Inn
41501,Adlwang
40909,Molln
41518,Waldneukirchen
41501,Adlwang
40920,Steinbach an der Steyr
40909,Molln
40902,Grünburg
40909,Molln
40902,Grünburg
40902,Grünburg
41518,Waldneukirchen
40920,Steinbach an der Steyr
40909,Molln
41518,Waldneukirchen
40920,Steinbach an der Steyr
41518,Waldneukirchen
40902,Grünburg
40902,Grünburg
41518,Waldneukirchen
41501,Adlwang
40920,Steinbach an der Steyr
40910,Nußbach
40910,Nußbach
40912,Pettenbach
40912,Pettenbach
40905,Kirchdorf an der Krems
40906,Klaus an der Pyhrnbahn
40912,Pettenbach
40917,Schlierbach
40910,Nußbach
40904,Inzersdorf im Kremstal
40908,Micheldorf in Oberösterreich
40912,Pettenbach
40917,Schlierbach
40919,Steinbach am Ziehberg
40919,Steinbach am Ziehberg
40908,Micheldorf in Oberösterreich
40911,Oberschlierbach
40912,Pettenbach
40912,Pettenbach
40912,Pettenbach
40910,Nußbach
40906,Klaus an der Pyhrnbahn
40912,Pettenbach
40904,Inzersdorf im Kremstal
40908,Micheldorf in Oberösterreich
40917,Schlierbach
41502,Aschach an der Steyr
41517,Ternberg
40201,Steyr
41515,Schiedlberg
40201,Steyr
41506,Garsten
40201,Steyr
41516,Sierning
41516,Sierning
40201,Steyr
40201,Steyr
41521,Wolfern
41514,St. Ulrich bei Steyr
41521,Wolfern
41506,Garsten
41521,Wolfern
41521,Wolfern
41515,Schiedlberg
41504,Dietach
41502,Aschach an der Steyr
41506,Garsten
41516,Sierning
41516,Sierning
41506,Garsten
41504,Dietach
41506,Garsten
41516,Sierning
40201,Steyr
41521,Wolfern
41516,Sierning
41516,Sierning
40201,Steyr
40201,Steyr
41514,St. Ulrich bei Steyr
41517,Ternberg
41515,Schiedlberg
41517,Ternberg
41506,Garsten
41504,Dietach
41514,St. Ulrich bei Steyr
41521,Wolfern
41522,Weyer
41512,Reichraming
41510,Maria Neustift
41510,Maria Neustift
41510,Maria Neustift
41505,Gaflenz
41507,Großraming
41505,Gaflenz
41522,Weyer
41508,Laussa
41522,Weyer
41509,Losenstein
41507,Großraming
41522,Weyer
41505,Gaflenz
41507,Großraming
41507,Großraming
41505,Gaflenz
41522,Weyer
41510,Maria Neustift
41512,Reichraming
41509,Losenstein
41522,Weyer
40901,Edlbach
40918,Spital am Pyhrn
40918,Spital am Pyhrn
40903,Hinterstoder
40915,Roßleithen
40915,Roßleithen
40914,Rosenau am Hengstpaß
40915,Roßleithen
40916,St. Pankraz
40918,Spital am Pyhrn
40921,Vorderstoder
40923,Windischgarsten
41702,Attersee am Attersee
41702,Attersee am Attersee
41706,Berg im Attergau
41706,Berg im Attergau
41708,Fornach
41726,Pöndorf
41709,Frankenburg am Hausruck
41710,Frankenmarkt
41709,Frankenburg am Hausruck
30708,Göttlesbrunn-Arbesthal
41748,Weißenkirchen im Attergau
41734,St. Georgen im Attergau
41726,Pöndorf
41726,Pöndorf
41709,Frankenburg am Hausruck
41709,Frankenburg am Hausruck
41710,Frankenmarkt
41709,Frankenburg am Hausruck
41726,Pöndorf
41718,Nußdorf am Attersee
30701,Au am Leithaberge
41718,Nußdorf am Attersee
41723,Pfaffing
41726,Pöndorf
41741,Straß im Attergau
41723,Pfaffing
41729,Redleiten
41710,Frankenmarkt
41741,Straß im Attergau
41747,Vöcklamarkt
41747,Vöcklamarkt
30704,Bruck an der Leitha
41708,Fornach
41747,Vöcklamarkt
41748,Weißenkirchen im Attergau
41741,Straß im Attergau
30706,Enzersdorf an der Fischa
30726,Trautmannsdorf an der Leitha
30721,Rohrau
30708,Göttlesbrunn-Arbesthal
30709,Götzendorf an der Leitha
30713,Hof am Leithaberge
41745,Unterach am Attersee
41742,Tiefgraben
41712,Innerschwand am Mondsee
41719,Oberhofen am Irrsee
41735,St. Lorenz
41715,Mondsee
41721,Oberwang
41721,Oberwang
41719,Oberhofen am Irrsee
30712,Höflein
41742,Tiefgraben
41745,Unterach am Attersee
41751,Zell am Moos
30716,Mannersdorf am Leithagebirge
30706,Enzersdorf an der Fischa
30721,Rohrau
30709,Götzendorf an der Leitha
30704,Bruck an der Leitha
30721,Rohrau
30726,Trautmannsdorf an der Leitha
30724,Sommerein
30726,Trautmannsdorf an der Leitha
41704,Atzbach
41722,Ottnang am Hausruck
41707,Desselbrunn
41714,Manning
41732,Rüstorf
41717,Niederthalheim
41720,Oberndorf bei Schwanenstadt
41725,Pitzenberg
41722,Ottnang am Hausruck
30726,Trautmannsdorf an der Leitha
41722,Ottnang am Hausruck
41728,Pühret
41730,Redlham
41733,Rutzenham
41736,Schlatt
41738,Schwanenstadt
41707,Desselbrunn
41750,Wolfsegg am Hausruck
30704,Bruck an der Leitha
30721,Rohrau
30706,Enzersdorf an der Fischa
41716,Neukirchen an der Vöckla
41701,Ampflwang im Hausruckwald
41703,Attnang-Puchheim
41705,Aurach am Hongar
41711,Gampern
41711,Gampern
41711,Gampern
41705,Aurach am Hongar
41737,Schörfling am Attersee
41739,Seewalchen am Attersee
41731,Regau
41716,Neukirchen an der Vöckla
41713,Lenzing
41731,Regau
41724,Pilsbach
41743,Timelkam
41744,Ungenach
41731,Regau
41739,Seewalchen am Attersee
41740,Steinbach am Attersee
41743,Timelkam
41727,Puchkirchen am Trattberg
41744,Ungenach
41731,Regau
41746,Vöcklabruck
41746,Vöcklabruck
41743,Timelkam
41716,Neukirchen an der Vöckla
41749,Weyregg am Attersee
41752,Zell am Pettenfirst
41737,Schörfling am Attersee
40907,Kremsmünster
41503,Bad Hall
40922,Wartberg an der Krems
40907,Kremsmünster
41511,Pfarrkirchen bei Bad Hall
41513,Rohr im Kremstal
41503,Bad Hall
41503,Bad Hall
40907,Kremsmünster
30702,Bad Deutsch-Altenburg
40907,Kremsmünster
40907,Kremsmünster
40907,Kremsmünster
40907,Kremsmünster
41511,Pfarrkirchen bei Bad Hall
41511,Pfarrkirchen bei Bad Hall
40922,Wartberg an der Krems
41511,Pfarrkirchen bei Bad Hall
40913,Ried im Traunkreis
41513,Rohr im Kremstal
30703,Berg
40913,Ried im Traunkreis
40907,Kremsmünster
40922,Wartberg an der Krems
40922,Wartberg an der Krems
40907,Kremsmünster
40913,Ried im Traunkreis
40922,Wartberg an der Krems
40907,Kremsmünster
40913,Ried im Traunkreis
30719,Prellenkirchen
30710,Hainburg a.d. Donau
30711,Haslau-Maria Ellend
30715,Hundsheim
30711,Haslau-Maria Ellend
30718,Petronell-Carnuntum
30719,Prellenkirchen
41801,Aichkirchen
41821,Steinerkirchen an der Traun
41803,Bad Wimsbach-Neydharting
41803,Bad Wimsbach-Neydharting
41802,Bachmanning
41803,Bad Wimsbach-Neydharting
41815,Pennewang
41805,Eberstalzell
41806,Edt bei Lambach
30722,Scharndorf
41815,Pennewang
41814,Offenhausen
41821,Steinerkirchen an der Traun
41814,Offenhausen
41803,Bad Wimsbach-Neydharting
41806,Edt bei Lambach
41815,Pennewang
41811,Lambach
41806,Edt bei Lambach
41805,Eberstalzell
30722,Scharndorf
41813,Neukirchen bei Lambach
41803,Bad Wimsbach-Neydharting
41821,Steinerkirchen an der Traun
41814,Offenhausen
41821,Steinerkirchen an der Traun
41820,Stadl-Paura
41820,Stadl-Paura
41815,Pennewang
41821,Steinerkirchen an der Traun
41803,Bad Wimsbach-Neydharting
30719,Prellenkirchen
41805,Eberstalzell
41814,Offenhausen
30719,Prellenkirchen
30722,Scharndorf
30728,Wolfsthal
41823,Thalheim bei Wels
41804,Buchkirchen
41818,Schleißheim
41808,Gunskirchen
41807,Fischlham
41807,Fischlham
41824,Weißkirchen an der Traun
41808,Gunskirchen
41810,Krenglbach
41809,Holzhausen
41804,Buchkirchen
41808,Gunskirchen
41810,Krenglbach
41819,Sipbachzell
40301,Wels
41812,Marchtrenk
41804,Buchkirchen
40301,Wels
41804,Buchkirchen
41822,Steinhaus
41816,Pichl bei Wels
41816,Pichl bei Wels
41823,Thalheim bei Wels
40301,Wels
41816,Pichl bei Wels
40301,Wels
41804,Buchkirchen
41817,Sattledt
41818,Schleißheim
41810,Krenglbach
41819,Sipbachzell
41824,Weißkirchen an der Traun
41819,Sipbachzell
41822,Steinhaus
41808,Gunskirchen
41816,Pichl bei Wels
41823,Thalheim bei Wels
40301,Wels
41816,Pichl bei Wels
41816,Pichl bei Wels
41824,Weißkirchen an der Traun
40301,Wels
41824,Weißkirchen an der Traun
30729,Ebergassing
30730,Fischamend
30730,Fischamend
30731,Gramatneusiedl
30732,Himberg
30732,Himberg
30740,Schwechat
30733,Klein-Neusiedl
30735,Leopoldsdorf
30740,Schwechat
30736,Maria-Lanzendorf
30737,Moosbrunn
30734,Lanzendorf
30732,Himberg
30740,Schwechat
30738,Rauchenwarth
30739,Schwadorf
30740,Schwechat
30734,Lanzendorf
30732,Himberg
30729,Ebergassing
30741,Zwölfaxing
30735,Leopoldsdorf
50403,Bad Gastein
50402,Bad Hofgastein
50403,Bad Gastein
50405,Dorfgastein
50402,Bad Hofgastein
50402,Bad Hofgastein
50405,Dorfgastein
50403,Bad Gastein
50402,Bad Hofgastein
50402,Bad Hofgastein
50411,Großarl
50411,Großarl
50410,Goldegg
50411,Großarl
50418,St. Johann im Pongau
50418,St. Johann im Pongau
50418,St. Johann im Pongau
50410,Goldegg
50411,Großarl
50418,St. Johann im Pongau
50414,Kleinarl
50423,Wagrain
50423,Wagrain
50413,Hüttschlag
50413,Hüttschlag
50420,St. Veit im Pongau
50420,St. Veit im Pongau
50418,St. Johann im Pongau
50414,Kleinarl
50420,St. Veit im Pongau
50418,St. Johann im Pongau
50418,St. Johann im Pongau
50418,St. Johann im Pongau
50418,St. Johann im Pongau
50420,St. Veit im Pongau
50411,Großarl
50423,Wagrain
50421,Schwarzach im Pongau
50420,St. Veit im Pongau
50413,Hüttschlag
50411,Großarl
50420,St. Veit im Pongau
50418,St. Johann im Pongau
50423,Wagrain
50423,Wagrain
50410,Goldegg
50401,Altenmarkt im Pongau
50412,Hüttau
50406,Eben im Pongau
50408,Flachau
50407,Filzmoos
50408,Flachau
50409,Forstau
50406,Eben im Pongau
50408,Flachau
50417,Radstadt
50412,Hüttau
50419,St. Martin am Tennengebirge
50417,Radstadt
50417,Radstadt
50407,Filzmoos
50401,Altenmarkt im Pongau
50417,Radstadt
50408,Flachau
50419,St. Martin am Tennengebirge
50406,Eben im Pongau
50417,Radstadt
50401,Altenmarkt im Pongau
50412,Hüttau
50412,Hüttau
50422,Untertauern
50404,Bischofshofen
50404,Bischofshofen
50416,Pfarrwerfen
50416,Pfarrwerfen
50404,Bischofshofen
50424,Werfen
50415,Mühlbach am Hochkönig
50424,Werfen
50424,Werfen
50415,Mühlbach am Hochkönig
50424,Werfen
50425,Werfenweng
50424,Werfen
50404,Bischofshofen
50201,Abtenau
50201,Abtenau
50203,Annaberg-Lungötz
50201,Abtenau
50203,Annaberg-Lungötz
50201,Abtenau
50203,Annaberg-Lungötz
50201,Abtenau
50210,Rußbach am Paß Gschütt
50201,Abtenau
50201,Abtenau
50201,Abtenau
50201,Abtenau
50336,Strobl
50312,Fuschl am See
50330,St. Gilgen
50336,Strobl
50330,St. Gilgen
50330,St. Gilgen
50330,St. Gilgen
50336,Strobl
50330,St. Gilgen
50336,Strobl
50330,St. Gilgen
50202,Adnet
50205,Hallein
50205,Hallein
50205,Hallein
50205,Hallein
50207,Kuchl
50204,Golling an der Salzach
50205,Hallein
50205,Hallein
50209,Puch bei Hallein
50207,Kuchl
50207,Kuchl
50206,Krispl
50207,Kuchl
50208,Oberalm
50204,Golling an der Salzach
50211,St. Koloman
50213,Bad Vigaun
50212,Scheffau am Tennengebirge
50202,Adnet
50211,St. Koloman
50211,St. Koloman
50205,Hallein
50209,Puch bei Hallein
50209,Puch bei Hallein
50204,Golling an der Salzach
50213,Bad Vigaun
50212,Scheffau am Tennengebirge
50207,Kuchl
50212,Scheffau am Tennengebirge
50202,Adnet
50205,Hallein
50205,Hallein
50335,Straßwalchen
50335,Straßwalchen
50320,Köstendorf
50335,Straßwalchen
50317,Henndorf am Wallersee
50317,Henndorf am Wallersee
50335,Straßwalchen
50320,Köstendorf
50339,Seekirchen am Wallersee
50324,Neumarkt am Wallersee
50339,Seekirchen am Wallersee
50324,Neumarkt am Wallersee
50324,Neumarkt am Wallersee
50324,Neumarkt am Wallersee
50339,Seekirchen am Wallersee
50339,Seekirchen am Wallersee
50339,Seekirchen am Wallersee
50335,Straßwalchen
50335,Straßwalchen
50339,Seekirchen am Wallersee
50302,Anthering
50302,Anthering
50322,Lamprechtshausen
50306,Dorfbeuern
50313,Göming
50329,St. Georgen bei Salzburg
50329,St. Georgen bei Salzburg
50322,Lamprechtshausen
50325,Nußdorf am Haunsberg
50326,Oberndorf bei Salzburg
50325,Nußdorf am Haunsberg
50322,Lamprechtshausen
50329,St. Georgen bei Salzburg
50322,Lamprechtshausen
50325,Nußdorf am Haunsberg
50305,Bürmoos
50101,Salzburg
50301,Anif
50303,Bergheim
50304,Berndorf bei Salzburg
50307,Ebenau
50307,Ebenau
50308,Elixhausen
50309,Elsbethen
50331,Schleedorf
50310,Eugendorf
50309,Elsbethen
50314,Grödig
50101,Salzburg
50338,Wals-Siezenheim
50314,Grödig
50304,Berndorf bei Salzburg
50315,Großgmain
50316,Hallwang
50321,Koppl
50309,Elsbethen
50307,Ebenau
50323,Mattsee
50309,Elsbethen
50101,Salzburg
50310,Eugendorf
50321,Koppl
50101,Salzburg
50101,Salzburg
50323,Mattsee
50332,Seeham
50101,Salzburg
50101,Salzburg
50310,Eugendorf
50323,Mattsee
50327,Obertrum am See
50328,Plainfeld
50101,Salzburg
50331,Schleedorf
50327,Obertrum am See
50310,Eugendorf
50332,Seeham
50338,Wals-Siezenheim
50303,Bergheim
50307,Ebenau
50331,Schleedorf
50338,Wals-Siezenheim
50309,Elsbethen
50101,Salzburg
50101,Salzburg
50101,Salzburg
50101,Salzburg
50338,Wals-Siezenheim
50101,Salzburg
50101,Salzburg
50311,Faistenau
50337,Thalgau
50337,Thalgau
50311,Faistenau
50319,Hof bei Salzburg
50318,Hintersee
50319,Hof bei Salzburg
50318,Hintersee
50311,Faistenau
50337,Thalgau
50337,Thalgau
50311,Faistenau
50311,Faistenau
50601,Bramberg am Wildkogel
50621,Stuhlfelden
50613,Mittersill
50613,Mittersill
50601,Bramberg am Wildkogel
50626,Wald im Pinzgau
50605,Hollersbach im Pinzgau
50615,Niedernsill
50605,Hollersbach im Pinzgau
50607,Krimml
50615,Niedernsill
50613,Mittersill
50613,Mittersill
50601,Bramberg am Wildkogel
50601,Bramberg am Wildkogel
50614,Neukirchen am Großvenediger
50615,Niedernsill
50613,Mittersill
50614,Neukirchen am Großvenediger
50613,Mittersill
50624,Uttendorf
50613,Mittersill
50624,Uttendorf
50621,Stuhlfelden
50614,Neukirchen am Großvenediger
50624,Uttendorf
50624,Uttendorf
50626,Wald im Pinzgau
50612,Maria Alm am Steinernen Meer
50612,Maria Alm am Steinernen Meer
50610,Lofer
50619,Saalfelden am Steinernen Meer
50609,Leogang
50619,Saalfelden am Steinernen Meer
50619,Saalfelden am Steinernen Meer
50623,Unken
50609,Leogang
50619,Saalfelden am Steinernen Meer
50610,Lofer
50612,Maria Alm am Steinernen Meer
50619,Saalfelden am Steinernen Meer
50619,Saalfelden am Steinernen Meer
50609,Leogang
50619,Saalfelden am Steinernen Meer
50610,Lofer
50627,Weißbach bei Lofer
50620,St. Martin bei Lofer
50609,Leogang
50623,Unken
50619,Saalfelden am Steinernen Meer
50610,Lofer
50609,Leogang
50609,Leogang
50620,St. Martin bei Lofer
50623,Unken
50627,Weißbach bei Lofer
50619,Saalfelden am Steinernen Meer
50620,St. Martin bei Lofer
50612,Maria Alm am Steinernen Meer
50617,Rauris
50603,Dienten am Hochkönig
50603,Dienten am Hochkönig
50608,Lend
50622,Taxenbach
50608,Lend
50617,Rauris
50602,Bruck an der Großglocknerstraße
50603,Dienten am Hochkönig
50617,Rauris
50622,Taxenbach
50602,Bruck an der Großglocknerstraße
50622,Taxenbach
50617,Rauris
50617,Rauris
50622,Taxenbach
50617,Rauris
50611,Maishofen
50616,Piesendorf
50602,Bruck an der Großglocknerstraße
50628,Zell am See
50628,Zell am See
50604,Fusch an der Großglocknerstraße
50618,Saalbach-Hinterglemm
50616,Piesendorf
50602,Bruck an der Großglocknerstraße
50606,Kaprun
50611,Maishofen
50611,Maishofen
50616,Piesendorf
50618,Saalbach-Hinterglemm
50628,Zell am See
50628,Zell am See
50625,Viehhofen
50616,Piesendorf
50628,Zell am See
50511,Thomatal
50504,Mauterndorf
50501,Göriach
50510,Tamsweg
50505,Muhr
50509,St. Michael im Lungau
50510,Tamsweg
50515,Zederhaus
50510,Tamsweg
50502,Lessach
50503,Mariapfarr
50504,Mauterndorf
50506,Ramingstein
50506,Ramingstein
50510,Tamsweg
50504,Mauterndorf
50509,St. Michael im Lungau
50503,Mariapfarr
50506,Ramingstein
50515,Zederhaus
50507,St. Andrä im Lungau
50508,St. Margarethen im Lungau
50509,St. Michael im Lungau
50509,St. Michael im Lungau
50510,Tamsweg
50505,Muhr
50510,Tamsweg
50504,Mauterndorf
50510,Tamsweg
50511,Thomatal
50512,Tweng
50513,Unternberg
50509,St. Michael im Lungau
50513,Unternberg
50505,Muhr
50515,Zederhaus
50514,Weißpriach
50510,Tamsweg
50503,Mariapfarr
50515,Zederhaus
50502,Lessach
62138,Aflenz
62140,Kapfenberg
62139,Bruck an der Mur
62139,Bruck an der Mur
62140,Kapfenberg
62140,Kapfenberg
62138,Aflenz
62138,Aflenz
62140,Kapfenberg
30803,Angern an der March
62105,Breitenau am Hochlantsch
62147,Thörl
62139,Bruck an der Mur
62147,Thörl
62146,Sankt Marein im Mürztal
62125,Pernegg an der Mur
62135,Turnau
62140,Kapfenberg
62146,Sankt Marein im Mürztal
62138,Aflenz
30860,Weikendorf
62140,Kapfenberg
62147,Thörl
62148,Tragöß-Sankt Katharein
62138,Aflenz
62139,Bruck an der Mur
62140,Kapfenberg
62125,Pernegg an der Mur
62140,Kapfenberg
62105,Breitenau am Hochlantsch
62147,Thörl
30804,Auersthal
62125,Pernegg an der Mur
62139,Bruck an der Mur
62139,Bruck an der Mur
62148,Tragöß-Sankt Katharein
62148,Tragöß-Sankt Katharein
62148,Tragöß-Sankt Katharein
62147,Thörl
62140,Kapfenberg
62147,Thörl
62125,Pernegg an der Mur
30860,Weikendorf
62139,Bruck an der Mur
62139,Bruck an der Mur
62139,Bruck an der Mur
62140,Kapfenberg
62140,Kapfenberg
62128,Sankt Lorenzen im Mürztal
62128,Sankt Lorenzen im Mürztal
62148,Tragöß-Sankt Katharein
62125,Pernegg an der Mur
62128,Sankt Lorenzen im Mürztal
30812,Ebenthal
62147,Thörl
62148,Tragöß-Sankt Katharein
62128,Sankt Lorenzen im Mürztal
62146,Sankt Marein im Mürztal
62140,Kapfenberg
62148,Tragöß-Sankt Katharein
62105,Breitenau am Hochlantsch
62140,Kapfenberg
62135,Turnau
62148,Tragöß-Sankt Katharein
30817,Gänserndorf
62105,Breitenau am Hochlantsch
62146,Sankt Marein im Mürztal
62140,Kapfenberg
62139,Bruck an der Mur
62135,Turnau
62135,Turnau
62147,Thörl
62125,Pernegg an der Mur
62135,Turnau
62138,Aflenz
30859,Velm-Götzendorf
62139,Bruck an der Mur
62148,Tragöß-Sankt Katharein
62139,Bruck an der Mur
62140,Kapfenberg
62125,Pernegg an der Mur
30803,Angern an der March
30838,Matzen-Raggendorf
30805,Bad Pirawarth
61101,Eisenerz
61258,Landl
61258,Landl
61101,Eisenerz
61101,Eisenerz
61112,Radmer
61112,Radmer
61101,Eisenerz
30803,Angern an der March
30838,Matzen-Raggendorf
30803,Angern an der March
30805,Bad Pirawarth
30848,Prottes
30838,Matzen-Raggendorf
30852,Schönkirchen-Reyersdorf
30828,Hohenruppersdorf
30852,Schönkirchen-Reyersdorf
62141,Kindberg
62115,Krieglach
62132,Stanz im Mürztal
62132,Stanz im Mürztal
62145,Sankt Barbara im Mürztal
62141,Kindberg
62132,Stanz im Mürztal
62115,Krieglach
62115,Krieglach
30824,Groß-Schweinbarth
62145,Sankt Barbara im Mürztal
62141,Kindberg
62132,Stanz im Mürztal
62141,Kindberg
62141,Kindberg
62141,Kindberg
62141,Kindberg
62141,Kindberg
62145,Sankt Barbara im Mürztal
62115,Krieglach
30854,Spannberg
62115,Krieglach
62145,Sankt Barbara im Mürztal
62115,Krieglach
62115,Krieglach
62145,Sankt Barbara im Mürztal
62141,Kindberg
62145,Sankt Barbara im Mürztal
62132,Stanz im Mürztal
62145,Sankt Barbara im Mürztal
62141,Kindberg
30803,Angern an der March
62132,Stanz im Mürztal
62115,Krieglach
62145,Sankt Barbara im Mürztal
30856,Strasshof an der Nordbahn
30860,Weikendorf
30860,Weikendorf
30859,Velm-Götzendorf
30860,Weikendorf
30801,Aderklaa
61113,Sankt Michael in Obersteiermark
61106,Kammern im Liesingtal
61108,Leoben
61109,Mautern in Steiermark
61110,Niklasdorf
61120,Trofaiach
61120,Trofaiach
61108,Leoben
61120,Trofaiach
30808,Deutsch-Wagram
61108,Leoben
61120,Trofaiach
61114,Sankt Peter-Freienstein
61113,Sankt Michael in Obersteiermark
61113,Sankt Michael in Obersteiermark
61108,Leoben
61115,Sankt Stefan ob Leoben
61105,Kalwang
61106,Kammern im Liesingtal
61111,Proleb
30808,Deutsch-Wagram
61111,Proleb
61107,Kraubath an der Mur
61107,Kraubath an der Mur
61120,Trofaiach
61120,Trofaiach
61106,Kammern im Liesingtal
61108,Leoben
61108,Leoben
61115,Sankt Stefan ob Leoben
61119,Wald am Schoberpaß
30808,Deutsch-Wagram
61109,Mautern in Steiermark
61113,Sankt Michael in Obersteiermark
61115,Sankt Stefan ob Leoben
61116,Traboch
61109,Mautern in Steiermark
61109,Mautern in Steiermark
61119,Wald am Schoberpaß
61106,Kammern im Liesingtal
61108,Leoben
61115,Sankt Stefan ob Leoben
61110,Niklasdorf
61110,Niklasdorf
61106,Kammern im Liesingtal
61105,Kalwang
61111,Proleb
61108,Leoben
61111,Proleb
61109,Mautern in Steiermark
61109,Mautern in Steiermark
61120,Trofaiach
61113,Sankt Michael in Obersteiermark
61114,Sankt Peter-Freienstein
61115,Sankt Stefan ob Leoben
61120,Trofaiach
61105,Kalwang
61108,Leoben
61105,Kalwang
61116,Traboch
61114,Sankt Peter-Freienstein
61116,Traboch
61114,Sankt Peter-Freienstein
61120,Trofaiach
61120,Trofaiach
61113,Sankt Michael in Obersteiermark
61118,Vordernberg
61108,Leoben
61119,Wald am Schoberpaß
62142,Mariazell
62142,Mariazell
62142,Mariazell
62142,Mariazell
62142,Mariazell
62144,Neuberg an der Mürz
62143,Mürzzuschlag
62143,Mürzzuschlag
62116,Langenwang
62144,Neuberg an der Mürz
62131,Spital am Semmering
62143,Mürzzuschlag
62116,Langenwang
62144,Neuberg an der Mürz
62144,Neuberg an der Mürz
62143,Mürzzuschlag
62116,Langenwang
62116,Langenwang
62116,Langenwang
62116,Langenwang
62144,Neuberg an der Mürz
62143,Mürzzuschlag
62144,Neuberg an der Mürz
62116,Langenwang
62143,Mürzzuschlag
62131,Spital am Semmering
62131,Spital am Semmering
62131,Spital am Semmering
62116,Langenwang
60349,Bad Schwanberg
60347,Sankt Martin im Sulmtal
60344,Deutschlandsberg
60344,Deutschlandsberg
60344,Deutschlandsberg
60344,Deutschlandsberg
60347,Sankt Martin im Sulmtal
60305,Frauental an der Laßnitz
30850,Ringelsdorf-Niederabsdorf
60329,Sankt Peter im Sulmtal
60349,Bad Schwanberg
60305,Frauental an der Laßnitz
60347,Sankt Martin im Sulmtal
60349,Bad Schwanberg
60346,Groß Sankt Florian
60346,Groß Sankt Florian
60346,Groß Sankt Florian
60346,Groß Sankt Florian
30863,Zistersdorf
60347,Sankt Martin im Sulmtal
60346,Groß Sankt Florian
60344,Deutschlandsberg
60349,Bad Schwanberg
60349,Bad Schwanberg
60344,Deutschlandsberg
60329,Sankt Peter im Sulmtal
60344,Deutschlandsberg
60329,Sankt Peter im Sulmtal
60346,Groß Sankt Florian
30863,Zistersdorf
60349,Bad Schwanberg
60346,Groß Sankt Florian
60344,Deutschlandsberg
60341,Wettmannstätten
60305,Frauental an der Laßnitz
60346,Groß Sankt Florian
60344,Deutschlandsberg
60349,Bad Schwanberg
60346,Groß Sankt Florian
60344,Deutschlandsberg
30845,Palterndorf-Dobermannsdorf
60329,Sankt Peter im Sulmtal
60346,Groß Sankt Florian
60346,Groß Sankt Florian
60349,Bad Schwanberg
60349,Bad Schwanberg
60344,Deutschlandsberg
60344,Deutschlandsberg
60347,Sankt Martin im Sulmtal
60346,Groß Sankt Florian
60324,Preding
30810,Drösing
60347,Sankt Martin im Sulmtal
60349,Bad Schwanberg
60344,Deutschlandsberg
60344,Deutschlandsberg
60329,Sankt Peter im Sulmtal
60305,Frauental an der Laßnitz
60341,Wettmannstätten
60349,Bad Schwanberg
60347,Sankt Martin im Sulmtal
60344,Deutschlandsberg
30811,Dürnkrut
60346,Groß Sankt Florian
60346,Groß Sankt Florian
60324,Preding
60349,Bad Schwanberg
60344,Deutschlandsberg
60346,Groß Sankt Florian
60344,Deutschlandsberg
60346,Groß Sankt Florian
60344,Deutschlandsberg
60341,Wettmannstätten
30863,Zistersdorf
60341,Wettmannstätten
60329,Sankt Peter im Sulmtal
60344,Deutschlandsberg
60344,Deutschlandsberg
60341,Wettmannstätten
60341,Wettmannstätten
60305,Frauental an der Laßnitz
60347,Sankt Martin im Sulmtal
60347,Sankt Martin im Sulmtal
60324,Preding
30857,Sulz im Weinviertel
30863,Zistersdorf
30863,Zistersdorf
60345,Eibiswald
60345,Eibiswald
60351,Wies
60351,Wies
60345,Eibiswald
60345,Eibiswald
60323,Pölfing-Brunn
60351,Wies
30826,Hauskirchen
60351,Wies
60345,Eibiswald
60345,Eibiswald
60351,Wies
60345,Eibiswald
60351,Wies
60347,Sankt Martin im Sulmtal
60345,Eibiswald
60345,Eibiswald
60345,Eibiswald
30827,Hohenau an der March
60323,Pölfing-Brunn
60345,Eibiswald
60351,Wies
60347,Sankt Martin im Sulmtal
60345,Eibiswald
60345,Eibiswald
60345,Eibiswald
60351,Wies
60351,Wies
60345,Eibiswald
30863,Zistersdorf
60345,Eibiswald
60345,Eibiswald
60347,Sankt Martin im Sulmtal
60323,Pölfing-Brunn
60345,Eibiswald
60351,Wies
60345,Eibiswald
60345,Eibiswald
60345,Eibiswald
30829,Jedenspeigen
60345,Eibiswald
60345,Eibiswald
60345,Eibiswald
60345,Eibiswald
60347,Sankt Martin im Sulmtal
60351,Wies
60351,Wies
60351,Wies
60351,Wies
60351,Wies
30863,Zistersdorf
60351,Wies
60345,Eibiswald
60347,Sankt Martin im Sulmtal
60347,Sankt Martin im Sulmtal
30863,Zistersdorf
30841,Neusiedl an der Zaya
30857,Sulz im Weinviertel
30845,Palterndorf-Dobermannsdorf
30826,Hauskirchen
60344,Deutschlandsberg
60318,Lannach
60318,Lannach
60350,Stainz
60344,Deutschlandsberg
60344,Deutschlandsberg
60344,Deutschlandsberg
60350,Stainz
60344,Deutschlandsberg
30826,Hauskirchen
60350,Stainz
60350,Stainz
60350,Stainz
60344,Deutschlandsberg
60348,Sankt Stefan ob Stainz
60348,Sankt Stefan ob Stainz
60348,Sankt Stefan ob Stainz
60350,Stainz
60344,Deutschlandsberg
60350,Stainz
30850,Ringelsdorf-Niederabsdorf
60318,Lannach
60350,Stainz
60348,Sankt Stefan ob Stainz
60348,Sankt Stefan ob Stainz
60350,Stainz
60344,Deutschlandsberg
60344,Deutschlandsberg
60350,Stainz
60350,Stainz
60344,Deutschlandsberg
30829,Jedenspeigen
60326,Sankt Josef (Weststeiermark)
60350,Stainz
60348,Sankt Stefan ob Stainz
60350,Stainz
60350,Stainz
60344,Deutschlandsberg
60326,Sankt Josef (Weststeiermark)
60348,Sankt Stefan ob Stainz
60350,Stainz
60350,Stainz
30857,Sulz im Weinviertel
60350,Stainz
60318,Lannach
60350,Stainz
60326,Sankt Josef (Weststeiermark)
60350,Stainz
60344,Deutschlandsberg
60350,Stainz
60350,Stainz
60348,Sankt Stefan ob Stainz
30857,Sulz im Weinviertel
60348,Sankt Stefan ob Stainz
30841,Neusiedl an der Zaya
30810,Drösing
30863,Zistersdorf
30811,Dürnkrut
62387,Sankt Anna am Aigen
62378,Fehring
62375,Bad Gleichenberg
62378,Fehring
62387,Sankt Anna am Aigen
62387,Sankt Anna am Aigen
62332,Kapfenstein
62378,Fehring
62332,Kapfenstein
30802,Andlersdorf
62378,Fehring
62387,Sankt Anna am Aigen
62378,Fehring
62378,Fehring
62387,Sankt Anna am Aigen
62378,Fehring
62332,Kapfenstein
62387,Sankt Anna am Aigen
62332,Kapfenstein
62372,Unterlamm
30831,Leopoldsdorf im Marchfeld
62332,Kapfenstein
62332,Kapfenstein
62372,Unterlamm
62378,Fehring
62378,Fehring
62378,Fehring
62378,Fehring
62332,Kapfenstein
62387,Sankt Anna am Aigen
62387,Sankt Anna am Aigen
30813,Eckartsau
62378,Fehring
62378,Fehring
62378,Fehring
62372,Unterlamm
62387,Sankt Anna am Aigen
62378,Fehring
30821,Groß-Enzersdorf
30825,Haringsee
30819,Glinzendorf
30821,Groß-Enzersdorf
30822,Großhofen
30825,Haringsee
30813,Eckartsau
62386,Riegersburg
62379,Feldbach
62384,Paldau
62375,Bad Gleichenberg
62386,Riegersburg
62390,Straden
62380,Gnas
62311,Edelsbach bei Feldbach
30831,Leopoldsdorf im Marchfeld
62314,Eichkögl
62379,Feldbach
62380,Gnas
62382,Kirchberg an der Raab
62375,Bad Gleichenberg
62380,Gnas
62379,Feldbach
62379,Feldbach
62380,Gnas
62386,Riegersburg
30834,Mannsdorf an der Donau
62390,Straden
62375,Bad Gleichenberg
62380,Gnas
62375,Bad Gleichenberg
62311,Edelsbach bei Feldbach
62390,Straden
62382,Kirchberg an der Raab
62384,Paldau
62386,Riegersburg
62386,Riegersburg
30836,Markgrafneusiedl
62390,Straden
62379,Feldbach
62386,Riegersburg
62386,Riegersburg
62380,Gnas
62375,Bad Gleichenberg
62314,Eichkögl
62379,Feldbach
62390,Straden
62386,Riegersburg
30821,Groß-Enzersdorf
62382,Kirchberg an der Raab
62380,Gnas
62382,Kirchberg an der Raab
62379,Feldbach
62384,Paldau
62384,Paldau
62380,Gnas
62379,Feldbach
62382,Kirchberg an der Raab
62380,Gnas
30821,Groß-Enzersdorf
62386,Riegersburg
62311,Edelsbach bei Feldbach
62384,Paldau
62386,Riegersburg
62386,Riegersburg
62390,Straden
62382,Kirchberg an der Raab
62390,Straden
62382,Kirchberg an der Raab
30821,Groß-Enzersdorf
62375,Bad Gleichenberg
62375,Bad Gleichenberg
62379,Feldbach
62375,Bad Gleichenberg
62382,Kirchberg an der Raab
62384,Paldau
62380,Gnas
30842,Obersiebenbrunn
30844,Orth an der Donau
30846,Parbasdorf
30813,Eckartsau
62280,Fürstenfeld
62280,Fürstenfeld
62202,Bad Blumau
62202,Bad Blumau
62271,Ilz
62206,Burgau
62271,Ilz
62273,Bad Loipersdorf
62271,Ilz
30821,Groß-Enzersdorf
62280,Fürstenfeld
62271,Ilz
62280,Fürstenfeld
62273,Bad Loipersdorf
62216,Großsteinbach
62216,Großsteinbach
62269,Großwilfersdorf
62269,Großwilfersdorf
62269,Großwilfersdorf
62280,Fürstenfeld
30849,Raasdorf
62269,Großwilfersdorf
62271,Ilz
62271,Ilz
62271,Ilz
62271,Ilz
62202,Bad Blumau
62280,Fürstenfeld
62216,Großsteinbach
62271,Ilz
62202,Bad Blumau
30849,Raasdorf
62202,Bad Blumau
62273,Bad Loipersdorf
62269,Großwilfersdorf
62271,Ilz
62271,Ilz
62271,Ilz
62271,Ilz
62269,Großwilfersdorf
62269,Großwilfersdorf
62271,Ilz
30821,Groß-Enzersdorf
62269,Großwilfersdorf
62280,Fürstenfeld
62280,Fürstenfeld
62280,Fürstenfeld
62280,Fürstenfeld
62280,Fürstenfeld
62273,Bad Loipersdorf
62280,Fürstenfeld
62280,Fürstenfeld
62232,Ottendorf an der Rittschein
30821,Groß-Enzersdorf
62232,Ottendorf an der Rittschein
62232,Ottendorf an der Rittschein
62232,Ottendorf an der Rittschein
30825,Haringsee
30813,Eckartsau
30821,Groß-Enzersdorf
30813,Eckartsau
62389,Sankt Stefan im Rosental
62380,Gnas
62380,Gnas
62385,Pirching am Traubenberg
62385,Pirching am Traubenberg
62389,Sankt Stefan im Rosental
62330,Jagerberg
62330,Jagerberg
62330,Jagerberg
62330,Jagerberg
62381,Kirchbach-Zerlach
62389,Sankt Stefan im Rosental
62389,Sankt Stefan im Rosental
62330,Jagerberg
61057,Schwarzautal
61057,Schwarzautal
60668,Sankt Marein bei Graz
62385,Pirching am Traubenberg
62385,Pirching am Traubenberg
62389,Sankt Stefan im Rosental
61057,Schwarzautal
62389,Sankt Stefan im Rosental
62330,Jagerberg
62380,Gnas
61057,Schwarzautal
62330,Jagerberg
62330,Jagerberg
62381,Kirchbach-Zerlach
62381,Kirchbach-Zerlach
60663,Frohnleiten
60659,Deutschfeistritz
60632,Peggau
60663,Frohnleiten
60663,Frohnleiten
60663,Frohnleiten
60659,Deutschfeistritz
60663,Frohnleiten
60663,Frohnleiten
30865,Weiden an der March
60659,Deutschfeistritz
60651,Übelbach
60659,Deutschfeistritz
60663,Frohnleiten
60663,Frohnleiten
60663,Frohnleiten
60645,Semriach
60663,Frohnleiten
60651,Übelbach
60632,Peggau
30835,Marchegg
60663,Frohnleiten
60659,Deutschfeistritz
60645,Semriach
60663,Frohnleiten
60663,Frohnleiten
60645,Semriach
60663,Frohnleiten
60645,Semriach
60659,Deutschfeistritz
61758,Fladnitz an der Teichalm
30814,Engelhartstetten
61758,Fladnitz an der Teichalm
61758,Fladnitz an der Teichalm
60651,Übelbach
60651,Übelbach
60659,Deutschfeistritz
60663,Frohnleiten
60645,Semriach
30814,Engelhartstetten
30830,Lassee
30814,Engelhartstetten
30835,Marchegg
30814,Engelhartstetten
30858,Untersiebenbrunn
30865,Weiden an der March
60101,Graz
60101,Graz
60101,Graz
60101,Graz
60101,Graz
60101,Graz
60101,Graz
60101,Graz
60101,Graz
30830,Lassee
60101,Graz
60101,Graz
60101,Graz
60101,Graz
60101,Graz
60101,Graz
60101,Graz
60101,Graz
60101,Graz
60101,Graz
30814,Engelhartstetten
60101,Graz
60101,Graz
60101,Graz
60101,Graz
60101,Graz
60101,Graz
60101,Graz
60101,Graz
60101,Graz
30858,Untersiebenbrunn
30865,Weiden an der March
60661,Eggersdorf bei Graz
60665,Hitzendorf
60661,Eggersdorf bei Graz
60665,Hitzendorf
60670,Premstätten
60653,Vasoldsberg
60660,Dobl-Zwaring
60660,Dobl-Zwaring
60661,Eggersdorf bei Graz
60666,Nestelbach bei Graz
60664,Gratwein-Straßengel
60661,Eggersdorf bei Graz
60662,Fernitz-Mellach
60654,Weinitzen
60613,Gratkorn
60613,Gratkorn
60613,Gratkorn
60662,Fernitz-Mellach
60611,Gössendorf
60661,Eggersdorf bei Graz
60667,Raaba-Grambach
60664,Gratwein-Straßengel
60624,Kalsdorf bei Graz
60664,Gratwein-Straßengel
60626,Kumberg
60617,Hart bei Graz
60661,Eggersdorf bei Graz
60661,Eggersdorf bei Graz
60618,Haselsdorf-Tobelbad
60619,Hausmannstätten
60670,Premstätten
60665,Hitzendorf
60623,Kainbach bei Graz
60664,Gratwein-Straßengel
60626,Kumberg
60639,Sankt Bartholomä
60664,Gratwein-Straßengel
60623,Kainbach bei Graz
60624,Kalsdorf bei Graz
60656,Wundschuh
60664,Gratwein-Straßengel
60613,Gratkorn
60668,Sankt Marein bei Graz
60626,Kumberg
60670,Premstätten
60666,Nestelbach bei Graz
60608,Feldkirchen bei Graz
60639,Sankt Bartholomä
60628,Laßnitzhöhe
60629,Lieboch
60665,Hitzendorf
60665,Hitzendorf
60662,Fernitz-Mellach
60617,Hart bei Graz
60665,Hitzendorf
60666,Nestelbach bei Graz
60660,Dobl-Zwaring
60666,Nestelbach bei Graz
60661,Eggersdorf bei Graz
60654,Weinitzen
60670,Premstätten
60669,Seiersberg-Pirka
60665,Hitzendorf
60641,Sankt Oswald bei Plankenwarth
60653,Vasoldsberg
60661,Eggersdorf bei Graz
60667,Raaba-Grambach
60626,Kumberg
60642,Sankt Radegund bei Graz
60642,Sankt Radegund bei Graz
60665,Hitzendorf
60639,Sankt Bartholomä
60668,Sankt Marein bei Graz
60641,Sankt Oswald bei Plankenwarth
60613,Gratkorn
60646,Stattegg
60665,Hitzendorf
60623,Kainbach bei Graz
60642,Sankt Radegund bei Graz
60669,Seiersberg-Pirka
60646,Stattegg
60665,Hitzendorf
60647,Stiwoll
60648,Thal
60624,Kalsdorf bei Graz
60611,Gössendorf
60670,Premstätten
60653,Vasoldsberg
60608,Feldkirchen bei Graz
60654,Weinitzen
60655,Werndorf
60656,Wundschuh
60670,Premstätten
60660,Dobl-Zwaring
60660,Dobl-Zwaring
60660,Dobl-Zwaring
60660,Dobl-Zwaring
60660,Dobl-Zwaring
61624,Stallhofen
61625,Voitsberg
61626,Bärnbach
61627,Edelschrott
61628,Geistthal-Södingberg
61615,Mooskirchen
61611,Krottendorf-Gaisfeld
61630,Kainach bei Voitsberg
61611,Krottendorf-Gaisfeld
61628,Geistthal-Södingberg
61632,Maria Lankowitz
61612,Ligist
61631,Köflach
61631,Köflach
61631,Köflach
61633,Söding-Sankt Johann
61621,Sankt Martin am Wöllmißberg
61633,Söding-Sankt Johann
61633,Söding-Sankt Johann
61629,Hirschegg-Pack
61629,Hirschegg-Pack
61626,Bärnbach
61630,Kainach bei Voitsberg
61624,Stallhofen
61632,Maria Lankowitz
61632,Maria Lankowitz
61628,Geistthal-Södingberg
61633,Söding-Sankt Johann
61621,Sankt Martin am Wöllmißberg
61630,Kainach bei Voitsberg
61625,Voitsberg
61631,Köflach
61633,Söding-Sankt Johann
61627,Edelschrott
61611,Krottendorf-Gaisfeld
61632,Maria Lankowitz
61612,Ligist
61625,Voitsberg
61625,Voitsberg
61627,Edelschrott
61633,Söding-Sankt Johann
61615,Mooskirchen
61624,Stallhofen
61615,Mooskirchen
61633,Söding-Sankt Johann
61612,Ligist
61630,Kainach bei Voitsberg
61629,Hirschegg-Pack
61631,Köflach
61626,Bärnbach
61631,Köflach
61633,Söding-Sankt Johann
61631,Köflach
61624,Stallhofen
61618,Rosental an der Kainach
61632,Maria Lankowitz
61633,Söding-Sankt Johann
61621,Sankt Martin am Wöllmißberg
61632,Maria Lankowitz
61628,Geistthal-Södingberg
61628,Geistthal-Södingberg
61625,Voitsberg
61624,Stallhofen
61612,Ligist
61615,Mooskirchen
61625,Voitsberg
61625,Voitsberg
61612,Ligist
61625,Voitsberg
61615,Mooskirchen
62247,Schäffern
62245,Sankt Lorenzen am Wechsel
62233,Pinggau
62265,Dechantskirchen
62211,Friedberg
62247,Schäffern
62211,Friedberg
62233,Pinggau
62265,Dechantskirchen
62247,Schäffern
62245,Sankt Lorenzen am Wechsel
62265,Dechantskirchen
62233,Pinggau
62245,Sankt Lorenzen am Wechsel
62247,Schäffern
62233,Pinggau
62265,Dechantskirchen
62211,Friedberg
62233,Pinggau
62233,Pinggau
62233,Pinggau
62233,Pinggau
62247,Schäffern
62266,Feistritztal
62272,Kaindorf
62209,Ebersdorf
62219,Hartberg
62268,Grafendorf bei Hartberg
62220,Hartberg Umgebung
62205,Buch-St. Magdalena
62268,Grafendorf bei Hartberg
62268,Grafendorf bei Hartberg
62219,Hartberg
62219,Hartberg
62270,Hartl
62219,Hartberg
62270,Hartl
62266,Feistritztal
62264,Bad Waltersdorf
62205,Buch-St. Magdalena
62266,Feistritztal
62272,Kaindorf
62272,Kaindorf
62205,Buch-St. Magdalena
62226,Lafnitz
62264,Bad Waltersdorf
62205,Buch-St. Magdalena
62220,Hartberg Umgebung
62220,Hartberg Umgebung
62274,Neudau
62270,Hartl
62264,Bad Waltersdorf
62205,Buch-St. Magdalena
62264,Bad Waltersdorf
62226,Lafnitz
62276,Rohr bei Hartberg
62268,Grafendorf bei Hartberg
62214,Greinbach
62219,Hartberg
62277,Rohrbach an der Lafnitz
62264,Bad Waltersdorf
62219,Hartberg
62244,Sankt Johann in der Haide
62220,Hartberg Umgebung
62244,Sankt Johann in der Haide
62264,Bad Waltersdorf
62268,Grafendorf bei Hartberg
62220,Hartberg Umgebung
62268,Grafendorf bei Hartberg
62214,Greinbach
62219,Hartberg
62205,Buch-St. Magdalena
62205,Buch-St. Magdalena
62274,Neudau
62244,Sankt Johann in der Haide
62276,Rohr bei Hartberg
62209,Ebersdorf
62226,Lafnitz
62264,Bad Waltersdorf
62264,Bad Waltersdorf
62205,Buch-St. Magdalena
62220,Hartberg Umgebung
62276,Rohr bei Hartberg
62214,Greinbach
62209,Ebersdorf
62277,Rohrbach an der Lafnitz
62256,Stubenberg
62256,Stubenberg
62275,Pöllau
62272,Kaindorf
62275,Pöllau
62235,Pöllauberg
62275,Pöllau
62270,Hartl
62275,Pöllau
62275,Pöllau
62275,Pöllau
62266,Feistritztal
62275,Pöllau
62266,Feistritztal
62256,Stubenberg
62235,Pöllauberg
62270,Hartl
62256,Stubenberg
62275,Pöllau
62275,Pöllau
62235,Pöllauberg
62256,Stubenberg
62242,Sankt Jakob im Walde
62279,Waldbach-Mönichwald
62277,Rohrbach an der Lafnitz
62242,Sankt Jakob im Walde
62262,Wenigzell
62279,Waldbach-Mönichwald
62242,Sankt Jakob im Walde
62277,Rohrbach an der Lafnitz
62277,Rohrbach an der Lafnitz
62262,Wenigzell
62278,Vorau
62278,Vorau
62278,Vorau
62279,Waldbach-Mönichwald
62278,Vorau
62279,Waldbach-Mönichwald
62277,Rohrbach an der Lafnitz
62279,Waldbach-Mönichwald
62262,Wenigzell
62262,Wenigzell
62242,Sankt Jakob im Walde
62278,Vorau
62278,Vorau
62007,Fohnsdorf
62043,Pöls-Oberkurzheim
62048,Weißkirchen in Steiermark
62007,Fohnsdorf
62043,Pöls-Oberkurzheim
62038,Zeltweg
62048,Weißkirchen in Steiermark
62032,Sankt Peter ob Judenburg
62048,Weißkirchen in Steiermark
62007,Fohnsdorf
62036,Unzmarkt-Frauenburg
62007,Fohnsdorf
62040,Judenburg
62048,Weißkirchen in Steiermark
62007,Fohnsdorf
62032,Sankt Peter ob Judenburg
62048,Weißkirchen in Steiermark
62048,Weißkirchen in Steiermark
62040,Judenburg
62040,Judenburg
62026,Sankt Georgen ob Judenburg
62043,Pöls-Oberkurzheim
62007,Fohnsdorf
62040,Judenburg
62048,Weißkirchen in Steiermark
62032,Sankt Peter ob Judenburg
62026,Sankt Georgen ob Judenburg
62032,Sankt Peter ob Judenburg
62026,Sankt Georgen ob Judenburg
62048,Weißkirchen in Steiermark
62007,Fohnsdorf
62043,Pöls-Oberkurzheim
62040,Judenburg
62036,Unzmarkt-Frauenburg
62040,Judenburg
62048,Weißkirchen in Steiermark
62026,Sankt Georgen ob Judenburg
62038,Zeltweg
62041,Knittelfeld
62034,Seckau
62047,Spielberg
62014,Kobenz
62045,Sankt Marein-Feistritz
62047,Spielberg
62045,Sankt Marein-Feistritz
62008,Gaal
62046,Sankt Margarethen bei Knittelfeld
62008,Gaal
62045,Sankt Marein-Feistritz
62039,Lobmingtal
62047,Spielberg
62008,Gaal
62039,Lobmingtal
62041,Knittelfeld
62014,Kobenz
62047,Spielberg
62047,Spielberg
62047,Spielberg
62046,Sankt Margarethen bei Knittelfeld
62039,Lobmingtal
62034,Seckau
62047,Spielberg
62046,Sankt Margarethen bei Knittelfeld
62045,Sankt Marein-Feistritz
62046,Sankt Margarethen bei Knittelfeld
62008,Gaal
62046,Sankt Margarethen bei Knittelfeld
62046,Sankt Margarethen bei Knittelfeld
62014,Kobenz
62047,Spielberg
62046,Sankt Margarethen bei Knittelfeld
62045,Sankt Marein-Feistritz
62046,Sankt Margarethen bei Knittelfeld
62047,Spielberg
62034,Seckau
62047,Spielberg
62045,Sankt Marein-Feistritz
62047,Spielberg
61428,Schöder
61442,Sankt Georgen am Kreischberg
61445,Stadl-Predlitz
61438,Murau
61442,Sankt Georgen am Kreischberg
61441,Ranten
61446,Teufenbach-Katsch
61446,Teufenbach-Katsch
61437,Krakau
61437,Krakau
61437,Krakau
61438,Murau
61438,Murau
61442,Sankt Georgen am Kreischberg
61438,Murau
61445,Stadl-Predlitz
61441,Ranten
61441,Ranten
61442,Sankt Georgen am Kreischberg
61442,Sankt Georgen am Kreischberg
61442,Sankt Georgen am Kreischberg
61428,Schöder
61428,Schöder
61441,Ranten
61445,Stadl-Predlitz
61438,Murau
61441,Ranten
61438,Murau
61439,Neumarkt in der Steiermark
61439,Neumarkt in der Steiermark
61439,Neumarkt in der Steiermark
61444,Scheifling
61439,Neumarkt in der Steiermark
61410,Mühlen
61439,Neumarkt in der Steiermark
61444,Scheifling
61410,Mühlen
61439,Neumarkt in der Steiermark
61410,Mühlen
61439,Neumarkt in der Steiermark
61444,Scheifling
61443,Sankt Lambrecht
61439,Neumarkt in der Steiermark
61443,Sankt Lambrecht
61444,Scheifling
61439,Neumarkt in der Steiermark
61410,Mühlen
61444,Scheifling
61446,Teufenbach-Katsch
61439,Neumarkt in der Steiermark
62042,Obdach
62042,Obdach
62042,Obdach
62042,Obdach
62042,Obdach
62042,Obdach
62048,Weißkirchen in Steiermark
61425,St. Peter am Kammersberg
61425,St. Peter am Kammersberg
61440,Oberwölz
61425,St. Peter am Kammersberg
61425,St. Peter am Kammersberg
61413,Niederwölz
61440,Oberwölz
61425,St. Peter am Kammersberg
61425,St. Peter am Kammersberg
61440,Oberwölz
61440,Oberwölz
61440,Oberwölz
61440,Oberwölz
61425,St. Peter am Kammersberg
61440,Oberwölz
62044,Pölstal
62010,Hohentauern
62044,Pölstal
62043,Pöls-Oberkurzheim
62044,Pölstal
62021,Pusterwald
62044,Pölstal
62044,Pölstal
62044,Pölstal
62043,Pöls-Oberkurzheim
61024,Oberhaag
61002,Arnfels
61013,Großklein
61051,Gleinstätten
61032,Sankt Johann im Saggautal
61054,Leutschach an der Weinstraße
61054,Leutschach an der Weinstraße
61054,Leutschach an der Weinstraße
61051,Gleinstätten
61013,Großklein
61013,Großklein
61054,Leutschach an der Weinstraße
61032,Sankt Johann im Saggautal
61024,Oberhaag
61051,Gleinstätten
61024,Oberhaag
61054,Leutschach an der Weinstraße
61024,Oberhaag
61054,Leutschach an der Weinstraße
61054,Leutschach an der Weinstraße
61024,Oberhaag
61002,Arnfels
61013,Großklein
61013,Großklein
61051,Gleinstätten
61013,Großklein
61013,Großklein
61024,Oberhaag
61024,Oberhaag
61054,Leutschach an der Weinstraße
61051,Gleinstätten
61051,Gleinstätten
61032,Sankt Johann im Saggautal
61032,Sankt Johann im Saggautal
61054,Leutschach an der Weinstraße
61032,Sankt Johann im Saggautal
61032,Sankt Johann im Saggautal
61051,Gleinstätten
61054,Leutschach an der Weinstraße
61032,Sankt Johann im Saggautal
61013,Großklein
61045,Wagna
61043,Tillmitsch
61053,Leibnitz
61030,Sankt Andrä-Höch
61019,Kitzeck im Sausal
61050,Gamlitz
61049,Ehrenhausen an der Weinstraße
61019,Kitzeck im Sausal
61049,Ehrenhausen an der Weinstraße
61030,Sankt Andrä-Höch
61033,Sankt Nikolai im Sausal
61019,Kitzeck im Sausal
61008,Gabersdorf
61050,Gamlitz
61019,Kitzeck im Sausal
61061,Straß in Steiermark
61020,Lang
61061,Straß in Steiermark
61019,Kitzeck im Sausal
61033,Sankt Nikolai im Sausal
61053,Leibnitz
61050,Gamlitz
61045,Wagna
61016,Heimschuh
61030,Sankt Andrä-Höch
61060,Sankt Veit in der Südsteiermark
61020,Lang
61053,Leibnitz
61016,Heimschuh
61053,Leibnitz
61050,Gamlitz
61050,Gamlitz
61060,Sankt Veit in der Südsteiermark
61033,Sankt Nikolai im Sausal
61008,Gabersdorf
61020,Lang
61020,Lang
61053,Leibnitz
61045,Wagna
61060,Sankt Veit in der Südsteiermark
61060,Sankt Veit in der Südsteiermark
61043,Tillmitsch
61033,Sankt Nikolai im Sausal
61033,Sankt Nikolai im Sausal
61016,Heimschuh
61016,Heimschuh
61008,Gabersdorf
61030,Sankt Andrä-Höch
61019,Kitzeck im Sausal
61060,Sankt Veit in der Südsteiermark
61061,Straß in Steiermark
61012,Gralla
61033,Sankt Nikolai im Sausal
61053,Leibnitz
61061,Straß in Steiermark
61049,Ehrenhausen an der Weinstraße
61033,Sankt Nikolai im Sausal
61049,Ehrenhausen an der Weinstraße
61030,Sankt Andrä-Höch
61053,Leibnitz
61030,Sankt Andrä-Höch
61049,Ehrenhausen an der Weinstraße
61030,Sankt Andrä-Höch
61060,Sankt Veit in der Südsteiermark
61033,Sankt Nikolai im Sausal
61060,Sankt Veit in der Südsteiermark
61030,Sankt Andrä-Höch
61020,Lang
61053,Leibnitz
61053,Leibnitz
61050,Gamlitz
61061,Straß in Steiermark
61020,Lang
61050,Gamlitz
61043,Tillmitsch
61019,Kitzeck im Sausal
61061,Straß in Steiermark
61050,Gamlitz
61050,Gamlitz
61043,Tillmitsch
61016,Heimschuh
61012,Gralla
61033,Sankt Nikolai im Sausal
61049,Ehrenhausen an der Weinstraße
61061,Straß in Steiermark
61045,Wagna
61033,Sankt Nikolai im Sausal
61049,Ehrenhausen an der Weinstraße
62388,Sankt Peter am Ottersbach
62377,Deutsch Goritz
62383,Mureck
62388,Sankt Peter am Ottersbach
62388,Sankt Peter am Ottersbach
62388,Sankt Peter am Ottersbach
62383,Mureck
62383,Mureck
62383,Mureck
62390,Straden
62377,Deutsch Goritz
62377,Deutsch Goritz
62390,Straden
62343,Mettersdorf am Saßbach
61061,Straß in Steiermark
62390,Straden
62343,Mettersdorf am Saßbach
62383,Mureck
62390,Straden
62383,Mureck
61061,Straß in Steiermark
62377,Deutsch Goritz
62388,Sankt Peter am Ottersbach
61060,Sankt Veit in der Südsteiermark
61060,Sankt Veit in der Südsteiermark
62343,Mettersdorf am Saßbach
62377,Deutsch Goritz
62343,Mettersdorf am Saßbach
62377,Deutsch Goritz
62388,Sankt Peter am Ottersbach
62377,Deutsch Goritz
62390,Straden
61060,Sankt Veit in der Südsteiermark
61060,Sankt Veit in der Südsteiermark
62390,Straden
62380,Gnas
62383,Mureck
61061,Straß in Steiermark
62377,Deutsch Goritz
62390,Straden
61060,Sankt Veit in der Südsteiermark
61061,Straß in Steiermark
62390,Straden
62388,Sankt Peter am Ottersbach
62388,Sankt Peter am Ottersbach
62343,Mettersdorf am Saßbach
62377,Deutsch Goritz
62377,Deutsch Goritz
62376,Bad Radkersburg
62376,Bad Radkersburg
62335,Klöch
62326,Halbenrain
62326,Halbenrain
62326,Halbenrain
62326,Halbenrain
62376,Bad Radkersburg
62368,Tieschen
62335,Klöch
62326,Halbenrain
62390,Straden
62326,Halbenrain
62376,Bad Radkersburg
62368,Tieschen
62376,Bad Radkersburg
62335,Klöch
62376,Bad Radkersburg
62368,Tieschen
62376,Bad Radkersburg
62326,Halbenrain
62390,Straden
62390,Straden
62326,Halbenrain
62368,Tieschen
62376,Bad Radkersburg
62368,Tieschen
62335,Klöch
62376,Bad Radkersburg
62376,Bad Radkersburg
62390,Straden
62376,Bad Radkersburg
62326,Halbenrain
62368,Tieschen
62390,Straden
62326,Halbenrain
62376,Bad Radkersburg
62335,Klöch
61001,Allerheiligen bei Wildon
61027,Ragnitz
61057,Schwarzautal
61007,Empersdorf
61001,Allerheiligen bei Wildon
61052,Heiligenkreuz am Waasen
61017,Hengsberg
61057,Schwarzautal
61055,Sankt Georgen an der Stiefing
61027,Ragnitz
61052,Heiligenkreuz am Waasen
61017,Hengsberg
61059,Wildon
61017,Hengsberg
61017,Hengsberg
61055,Sankt Georgen an der Stiefing
61021,Lebring-Sankt Margarethen
61057,Schwarzautal
61027,Ragnitz
61055,Sankt Georgen an der Stiefing
61021,Lebring-Sankt Margarethen
61052,Heiligenkreuz am Waasen
61017,Hengsberg
61017,Hengsberg
61059,Wildon
61059,Wildon
61059,Wildon
61059,Wildon
61059,Wildon
61057,Schwarzautal
61052,Heiligenkreuz am Waasen
61057,Schwarzautal
61204,Altaussee
61207,Bad Aussee
61215,Grundlsee
61255,Bad Mitterndorf
61204,Altaussee
61255,Bad Mitterndorf
61207,Bad Aussee
61255,Bad Mitterndorf
61207,Bad Aussee
61207,Bad Aussee
61205,Altenmarkt bei Sankt Gallen
61264,Sankt Gallen
61205,Altenmarkt bei Sankt Gallen
61258,Landl
61258,Landl
61258,Landl
61264,Sankt Gallen
61258,Landl
61264,Sankt Gallen
61264,Sankt Gallen
61264,Sankt Gallen
61251,Wildalpen
61264,Sankt Gallen
61261,Mitterberg-Sankt Martin
61213,Gröbming
61266,Sölk
61266,Sölk
61261,Mitterberg-Sankt Martin
61260,Michaelerberg-Pruggern
61261,Mitterberg-Sankt Martin
61262,Öblarn
61260,Michaelerberg-Pruggern
61261,Mitterberg-Sankt Martin
61266,Sölk
61262,Öblarn
61203,Aigen im Ennstal
61257,Irdning-Donnersbachtal
61257,Irdning-Donnersbachtal
61257,Irdning-Donnersbachtal
61257,Irdning-Donnersbachtal
61203,Aigen im Ennstal
61257,Irdning-Donnersbachtal
61203,Aigen im Ennstal
61255,Bad Mitterndorf
61203,Aigen im Ennstal
61267,Stainach-Pürgg
61262,Öblarn
61267,Stainach-Pürgg
61257,Irdning-Donnersbachtal
61267,Stainach-Pürgg
61255,Bad Mitterndorf
61203,Aigen im Ennstal
61252,Wörschach
61267,Stainach-Pürgg
61253,Admont
61253,Admont
61206,Ardning
61253,Admont
61253,Admont
61259,Liezen
61253,Admont
61259,Liezen
61259,Liezen
61253,Admont
61259,Liezen
61253,Admont
61256,Gaishorn am See
61263,Rottenmann
61263,Rottenmann
61247,Trieben
61263,Rottenmann
61256,Gaishorn am See
61256,Gaishorn am See
61222,Lassing
61222,Lassing
61263,Rottenmann
61263,Rottenmann
61247,Trieben
61243,Selzthal
61263,Rottenmann
61247,Trieben
61256,Gaishorn am See
61247,Trieben
61254,Aich
61217,Haus
61254,Aich
61217,Haus
61265,Schladming
61236,Ramsau am Dachstein
61217,Haus
61265,Schladming
61265,Schladming
61236,Ramsau am Dachstein
61265,Schladming
61265,Schladming
61265,Schladming
61217,Haus
61711,Gasen
61756,Anger
61757,Birkfeld
61750,Strallegg
61756,Anger
61757,Birkfeld
61708,Fischbach
61750,Strallegg
61708,Fischbach
61711,Gasen
61741,Ratten
61757,Birkfeld
61757,Birkfeld
61741,Ratten
61743,Rettenegg
61744,St. Kathrein am Hauenstein
61711,Gasen
61756,Anger
61756,Anger
61756,Anger
61750,Strallegg
61757,Birkfeld
61757,Birkfeld
61743,Rettenegg
61757,Birkfeld
61757,Birkfeld
61744,St. Kathrein am Hauenstein
61711,Gasen
61750,Strallegg
61756,Anger
61708,Fischbach
61757,Birkfeld
61728,Miesenbach bei Birkfeld
61701,Albersdorf-Prebuch
61760,Gleisdorf
61748,Sinabelkirchen
61746,St. Margarethen an der Raab
61727,Ludersdorf-Wilfersdorf
61748,Sinabelkirchen
61748,Sinabelkirchen
61748,Sinabelkirchen
61760,Gleisdorf
61759,Gersdorf an der Feistritz
61760,Gleisdorf
61748,Sinabelkirchen
61746,St. Margarethen an der Raab
61762,Ilztal
61759,Gersdorf an der Feistritz
61764,Pischelsdorf am Kulm
61759,Gersdorf an der Feistritz
61716,Markt Hartmannsdorf
62266,Feistritztal
61719,Hofstätten an der Raab
61701,Albersdorf-Prebuch
61760,Gleisdorf
61746,St. Margarethen an der Raab
61764,Pischelsdorf am Kulm
61760,Gleisdorf
61727,Ludersdorf-Wilfersdorf
61746,St. Margarethen an der Raab
61748,Sinabelkirchen
61762,Ilztal
61760,Gleisdorf
61762,Ilztal
61748,Sinabelkirchen
61759,Gersdorf an der Feistritz
61716,Markt Hartmannsdorf
61727,Ludersdorf-Wilfersdorf
61719,Hofstätten an der Raab
61764,Pischelsdorf am Kulm
61701,Albersdorf-Prebuch
61716,Markt Hartmannsdorf
61762,Ilztal
61701,Albersdorf-Prebuch
61762,Ilztal
61764,Pischelsdorf am Kulm
61764,Pischelsdorf am Kulm
61764,Pischelsdorf am Kulm
61764,Pischelsdorf am Kulm
61748,Sinabelkirchen
61746,St. Margarethen an der Raab
61746,St. Margarethen an der Raab
61746,St. Margarethen an der Raab
61760,Gleisdorf
61748,Sinabelkirchen
61760,Gleisdorf
61748,Sinabelkirchen
61760,Gleisdorf
61719,Hofstätten an der Raab
61727,Ludersdorf-Wilfersdorf
61762,Ilztal
61701,Albersdorf-Prebuch
61719,Hofstätten an der Raab
61746,St. Margarethen an der Raab
61716,Markt Hartmannsdorf
61731,Naas
61765,Sankt Ruprecht an der Raab
61763,Passail
61731,Naas
61766,Weiz
61765,Sankt Ruprecht an der Raab
61729,Mitterdorf an der Raab
61731,Naas
61740,Puch bei Weiz
61765,Sankt Ruprecht an der Raab
61766,Weiz
61758,Fladnitz an der Teichalm
61710,Floing
61765,Sankt Ruprecht an der Raab
61761,Gutenberg
61730,Mortantsch
61765,Sankt Ruprecht an der Raab
61731,Naas
61730,Mortantsch
61740,Puch bei Weiz
61730,Mortantsch
61763,Passail
61740,Puch bei Weiz
61763,Passail
61729,Mitterdorf an der Raab
61745,Sankt Kathrein am Offenegg
61745,Sankt Kathrein am Offenegg
61761,Gutenberg
61740,Puch bei Weiz
61763,Passail
61766,Weiz
61765,Sankt Ruprecht an der Raab
61751,Thannhausen
61730,Mortantsch
61765,Sankt Ruprecht an der Raab
61729,Mitterdorf an der Raab
61730,Mortantsch
61731,Naas
61765,Sankt Ruprecht an der Raab
61763,Passail
61766,Weiz
61729,Mitterdorf an der Raab
61751,Thannhausen
61751,Thannhausen
61729,Mitterdorf an der Raab
61763,Passail
61751,Thannhausen
61740,Puch bei Weiz
61729,Mitterdorf an der Raab
61761,Gutenberg
61751,Thannhausen
61766,Weiz
61740,Puch bei Weiz
61751,Thannhausen
61766,Weiz
61765,Sankt Ruprecht an der Raab
61758,Fladnitz an der Teichalm
61730,Mortantsch
61761,Gutenberg
61761,Gutenberg
61763,Passail
61751,Thannhausen
61710,Floing
61765,Sankt Ruprecht an der Raab
61729,Mitterdorf an der Raab
61766,Weiz
61765,Sankt Ruprecht an der Raab
61765,Sankt Ruprecht an der Raab
30940,Waldenstein
30908,Gmünd
30908,Gmünd
30909,Großdietmanns
30909,Großdietmanns
30908,Gmünd
30908,Gmünd
30908,Gmünd
30940,Waldenstein
30920,Hoheneich
30940,Waldenstein
30920,Hoheneich
30940,Waldenstein
30940,Waldenstein
30909,Großdietmanns
30909,Großdietmanns
30909,Großdietmanns
30940,Waldenstein
30940,Waldenstein
30909,Großdietmanns
30909,Großdietmanns
30909,Großdietmanns
30916,Heidenreichstein
30916,Heidenreichstein
30916,Heidenreichstein
30904,Eggern
30906,Eisgarn
30925,Litschau
30929,Reingers
30915,Haugschlag
30915,Haugschlag
30916,Heidenreichstein
30929,Reingers
30925,Litschau
30929,Reingers
30929,Reingers
30925,Litschau
30925,Litschau
30916,Heidenreichstein
30916,Heidenreichstein
30906,Eisgarn
30906,Eisgarn
30925,Litschau
30904,Eggern
30904,Eggern
30929,Reingers
30925,Litschau
30915,Haugschlag
30925,Litschau
30925,Litschau
30925,Litschau
30925,Litschau
30916,Heidenreichstein
30915,Haugschlag
30916,Heidenreichstein
30906,Eisgarn
30916,Heidenreichstein
30916,Heidenreichstein
30916,Heidenreichstein
30916,Heidenreichstein
20403,Feistritz im Rosental
20405,Ferlach
20403,Feistritz im Rosental
20405,Ferlach
20428,St. Margareten im Rosental
20403,Feistritz im Rosental
20405,Ferlach
20405,Ferlach
20405,Ferlach
30902,Amaliendorf-Aalfang
20403,Feistritz im Rosental
20428,St. Margareten im Rosental
20428,St. Margareten im Rosental
20405,Ferlach
20403,Feistritz im Rosental
20405,Ferlach
20405,Ferlach
20405,Ferlach
20403,Feistritz im Rosental
20405,Ferlach
30902,Amaliendorf-Aalfang
20441,Zell
20441,Zell
20441,Zell
30903,Brand-Nagelberg
30935,Schrems
30902,Amaliendorf-Aalfang
30921,Kirchberg am Walde
30935,Schrems
20421,Moosburg
20409,Grafenstein
20101,Klagenfurt am Wörthersee
20415,Krumpendorf am Wörthersee
20402,Ebenthal in Kärnten
20101,Klagenfurt am Wörthersee
20442,Magdalensberg
20442,Magdalensberg
20417,Maria Rain
20101,Klagenfurt am Wörthersee
20421,Moosburg
20402,Ebenthal in Kärnten
20409,Grafenstein
20101,Klagenfurt am Wörthersee
20416,Ludmannsdorf
20101,Klagenfurt am Wörthersee
20101,Klagenfurt am Wörthersee
20415,Krumpendorf am Wörthersee
20402,Ebenthal in Kärnten
20101,Klagenfurt am Wörthersee
20402,Ebenthal in Kärnten
20414,Köttmannsdorf
20101,Klagenfurt am Wörthersee
20418,Maria Saal
20418,Maria Saal
20412,Keutschach am See
20101,Klagenfurt am Wörthersee
20101,Klagenfurt am Wörthersee
20414,Köttmannsdorf
20421,Moosburg
20402,Ebenthal in Kärnten
20415,Krumpendorf am Wörthersee
20442,Magdalensberg
20425,Poggersdorf
20101,Klagenfurt am Wörthersee
20425,Poggersdorf
20402,Ebenthal in Kärnten
20416,Ludmannsdorf
20418,Maria Saal
20419,Maria Wörth
20101,Klagenfurt am Wörthersee
20402,Ebenthal in Kärnten
20418,Maria Saal
20421,Moosburg
20101,Klagenfurt am Wörthersee
20101,Klagenfurt am Wörthersee
20416,Ludmannsdorf
20442,Magdalensberg
30917,Hirschbach
20409,Grafenstein
20412,Keutschach am See
20424,Pörtschach am Wörther See
20442,Magdalensberg
20418,Maria Saal
20415,Krumpendorf am Wörthersee
20425,Poggersdorf
20402,Ebenthal in Kärnten
20419,Maria Wörth
20442,Magdalensberg
30921,Kirchberg am Walde
20409,Grafenstein
20414,Köttmannsdorf
20402,Ebenthal in Kärnten
20409,Grafenstein
20424,Pörtschach am Wörther See
20435,Techelsberg am Wörther See
20432,Schiefling am Wörthersee
20435,Techelsberg am Wörther See
20101,Klagenfurt am Wörthersee
20418,Maria Saal
30935,Schrems
20412,Keutschach am See
20101,Klagenfurt am Wörthersee
20101,Klagenfurt am Wörthersee
20421,Moosburg
20101,Klagenfurt am Wörthersee
20101,Klagenfurt am Wörthersee
20442,Magdalensberg
20432,Schiefling am Wörthersee
20442,Magdalensberg
20421,Moosburg
30921,Kirchberg am Walde
20416,Ludmannsdorf
20101,Klagenfurt am Wörthersee
20432,Schiefling am Wörthersee
20101,Klagenfurt am Wörthersee
20409,Grafenstein
20435,Techelsberg am Wörther See
20421,Moosburg
20442,Magdalensberg
20417,Maria Rain
20435,Techelsberg am Wörther See
30935,Schrems
20409,Grafenstein
20417,Maria Rain
20421,Moosburg
20442,Magdalensberg
20101,Klagenfurt am Wörthersee
20101,Klagenfurt am Wörthersee
20101,Klagenfurt am Wörthersee
20416,Ludmannsdorf
20101,Klagenfurt am Wörthersee
20425,Poggersdorf
30935,Schrems
20409,Grafenstein
20414,Köttmannsdorf
20442,Magdalensberg
20442,Magdalensberg
20402,Ebenthal in Kärnten
20442,Magdalensberg
30903,Brand-Nagelberg
30935,Schrems
30935,Schrems
30935,Schrems
30935,Schrems
30935,Schrems
21001,Albeck
21010,Steuerberg
21005,Himmelberg
21008,St. Urban
21005,Himmelberg
21007,Reichenau
21002,Feldkirchen in Kärnten
21002,Feldkirchen in Kärnten
21003,Glanegg
30903,Brand-Nagelberg
21002,Feldkirchen in Kärnten
21004,Gnesau
21002,Feldkirchen in Kärnten
21001,Albeck
21004,Gnesau
21008,St. Urban
21005,Himmelberg
21005,Himmelberg
21002,Feldkirchen in Kärnten
21002,Feldkirchen in Kärnten
30917,Hirschbach
21003,Glanegg
21004,Gnesau
21010,Steuerberg
21006,Ossiach
21009,Steindorf am Ossiacher See
21002,Feldkirchen in Kärnten
21005,Himmelberg
21002,Feldkirchen in Kärnten
21008,St. Urban
21001,Albeck
30921,Kirchberg am Walde
21007,Reichenau
21007,Reichenau
21002,Feldkirchen in Kärnten
21008,St. Urban
21005,Himmelberg
21001,Albeck
21002,Feldkirchen in Kärnten
21009,Steindorf am Ossiacher See
21009,Steindorf am Ossiacher See
21003,Glanegg
30921,Kirchberg am Walde
21009,Steindorf am Ossiacher See
21002,Feldkirchen in Kärnten
21010,Steuerberg
21010,Steuerberg
21002,Feldkirchen in Kärnten
21007,Reichenau
21007,Reichenau
21005,Himmelberg
21004,Gnesau
21008,St. Urban
30921,Kirchberg am Walde
30903,Brand-Nagelberg
20638,Trebesing
20619,Malta
20642,Krems in Kärnten
20608,Gmünd in Kärnten
20642,Krems in Kärnten
20608,Gmünd in Kärnten
20642,Krems in Kärnten
20619,Malta
20619,Malta
30910,Bad Großpertholz
20642,Krems in Kärnten
20632,Rennweg am Katschberg
20642,Krems in Kärnten
20638,Trebesing
20642,Krems in Kärnten
20632,Rennweg am Katschberg
20642,Krems in Kärnten
20632,Rennweg am Katschberg
20638,Trebesing
20608,Gmünd in Kärnten
30910,Bad Großpertholz
30942,Weitra
30912,Großschönau
30912,Großschönau
30913,Moorbad Harbach
30932,St. Martin
30912,Großschönau
20603,Berg im Drautal
20609,Greifenburg
20604,Dellach im Drautal
20604,Dellach im Drautal
20604,Dellach im Drautal
20603,Berg im Drautal
20637,Steinfeld
20625,Oberdrauburg
20637,Steinfeld
30939,Unserfrau-Altweitra
20603,Berg im Drautal
20609,Greifenburg
20611,Irschen
20609,Greifenburg
20604,Dellach im Drautal
20625,Oberdrauburg
20637,Steinfeld
20611,Irschen
20637,Steinfeld
20611,Irschen
30913,Moorbad Harbach
20604,Dellach im Drautal
20637,Steinfeld
20639,Weißensee
20625,Oberdrauburg
30910,Bad Großpertholz
30932,St. Martin
30913,Moorbad Harbach
30939,Unserfrau-Altweitra
30932,St. Martin
20630,Radenthein
20630,Radenthein
20601,Bad Kleinkirchheim
20620,Millstatt am See
20630,Radenthein
20634,Seeboden am Millstätter See
20620,Millstatt am See
20620,Millstatt am See
30912,Großschönau
20620,Millstatt am See
20630,Radenthein
20634,Seeboden am Millstätter See
20601,Bad Kleinkirchheim
20630,Radenthein
20634,Seeboden am Millstätter See
20630,Radenthein
20601,Bad Kleinkirchheim
20634,Seeboden am Millstätter See
30910,Bad Großpertholz
30912,Großschönau
30910,Bad Großpertholz
30939,Unserfrau-Altweitra
30910,Bad Großpertholz
30942,Weitra
20618,Mallnitz
20607,Flattach
20607,Flattach
20644,Reißeck
20627,Obervellach
20618,Mallnitz
20624,Mühldorf
20627,Obervellach
20644,Reißeck
30912,Großschönau
20627,Obervellach
20627,Obervellach
20644,Reißeck
20644,Reißeck
30939,Unserfrau-Altweitra
30912,Großschönau
30912,Großschönau
30910,Bad Großpertholz
30942,Weitra
30910,Bad Großpertholz
30942,Weitra
30912,Großschönau
20635,Spittal an der Drau
20602,Baldramsdorf
20613,Kleblach-Lind
20635,Spittal an der Drau
20602,Baldramsdorf
20616,Lendorf
20616,Lendorf
20613,Kleblach-Lind
30939,Unserfrau-Altweitra
20643,Lurnfeld
20643,Lurnfeld
20643,Lurnfeld
20635,Spittal an der Drau
20633,Sachsenburg
20635,Spittal an der Drau
20643,Lurnfeld
20633,Sachsenburg
20635,Spittal an der Drau
20635,Spittal an der Drau
30939,Unserfrau-Altweitra
20635,Spittal an der Drau
30912,Großschönau
30942,Weitra
30910,Bad Großpertholz
30910,Bad Großpertholz
30942,Weitra
30939,Unserfrau-Altweitra
30942,Weitra
20610,Heiligenblut am Großglockner
20605,Großkirchheim
20636,Stall
20631,Rangersdorf
20605,Großkirchheim
20622,Mörtschach
20605,Großkirchheim
20631,Rangersdorf
20640,Winklern
30942,Weitra
20610,Heiligenblut am Großglockner
20605,Großkirchheim
20636,Stall
20636,Stall
20622,Mörtschach
20631,Rangersdorf
20640,Winklern
20605,Großkirchheim
20610,Heiligenblut am Großglockner
30942,Weitra
30942,Weitra
30912,Großschönau
30913,Moorbad Harbach
30912,Großschönau
20501,Althofen
20509,Guttaring
20509,Guttaring
20512,Kappel am Krappfeld
20512,Kappel am Krappfeld
20520,Mölbling
20509,Guttaring
20509,Guttaring
20509,Guttaring
20512,Kappel am Krappfeld
20512,Kappel am Krappfeld
20512,Kappel am Krappfeld
20520,Mölbling
20520,Mölbling
20512,Kappel am Krappfeld
20501,Althofen
20501,Althofen
20511,Hüttenberg
20509,Guttaring
20509,Guttaring
20504,Eberstein
20502,Brückl
20513,Klein St. Paul
20513,Klein St. Paul
20504,Eberstein
20513,Klein St. Paul
20513,Klein St. Paul
20504,Eberstein
20511,Hüttenberg
20504,Eberstein
20511,Hüttenberg
20502,Brückl
20504,Eberstein
20513,Klein St. Paul
20513,Klein St. Paul
20511,Hüttenberg
20504,Eberstein
20502,Brückl
20511,Hüttenberg
20504,Eberstein
20513,Klein St. Paul
20513,Klein St. Paul
20504,Eberstein
20502,Brückl
20511,Hüttenberg
20511,Hüttenberg
20504,Eberstein
20504,Eberstein
20502,Brückl
20513,Klein St. Paul
20513,Klein St. Paul
20513,Klein St. Paul
20513,Klein St. Paul
20511,Hüttenberg
20518,Metnitz
20505,Friesach
20518,Metnitz
20519,Micheldorf
20518,Metnitz
20518,Metnitz
20519,Micheldorf
20505,Friesach
20505,Friesach
20531,Weitensfeld im Gurktal
20531,Weitensfeld im Gurktal
20503,Deutsch-Griffen
20506,Glödnitz
20508,Gurk
20508,Gurk
20531,Weitensfeld im Gurktal
20508,Gurk
20530,Straßburg
20530,Straßburg
20530,Straßburg
20531,Weitensfeld im Gurktal
20531,Weitensfeld im Gurktal
20531,Weitensfeld im Gurktal
20531,Weitensfeld im Gurktal
20520,Mölbling
20534,Frauenstein
20515,Liebenfels
20515,Liebenfels
20527,St. Veit an der Glan
20515,Liebenfels
20523,St. Georgen am Längsee
20523,St. Georgen am Längsee
20515,Liebenfels
20534,Frauenstein
20515,Liebenfels
20527,St. Veit an der Glan
20534,Frauenstein
20523,St. Georgen am Längsee
20534,Frauenstein
20515,Liebenfels
20520,Mölbling
20527,St. Veit an der Glan
20534,Frauenstein
20523,St. Georgen am Längsee
20534,Frauenstein
20515,Liebenfels
20527,St. Veit an der Glan
20515,Liebenfels
20515,Liebenfels
20527,St. Veit an der Glan
20523,St. Georgen am Längsee
20527,St. Veit an der Glan
20534,Frauenstein
20515,Liebenfels
20515,Liebenfels
20534,Frauenstein
20523,St. Georgen am Längsee
20527,St. Veit an der Glan
20305,Hermagor-Pressegger See
20305,Hermagor-Pressegger See
20305,Hermagor-Pressegger See
20316,St. Stefan im Gailtal
20305,Hermagor-Pressegger See
20316,St. Stefan im Gailtal
20305,Hermagor-Pressegger See
20316,St. Stefan im Gailtal
20305,Hermagor-Pressegger See
20305,Hermagor-Pressegger See
20305,Hermagor-Pressegger See
20305,Hermagor-Pressegger See
20305,Hermagor-Pressegger See
20320,Gitschtal
20316,St. Stefan im Gailtal
20316,St. Stefan im Gailtal
20305,Hermagor-Pressegger See
20305,Hermagor-Pressegger See
20316,St. Stefan im Gailtal
20306,Kirchbach
20320,Gitschtal
20302,Dellach
20306,Kirchbach
20306,Kirchbach
20321,Lesachtal
20307,Kötschach-Mauthen
20321,Lesachtal
20321,Lesachtal
20307,Kötschach-Mauthen
20306,Kirchbach
20321,Lesachtal
20307,Kötschach-Mauthen
20307,Kötschach-Mauthen
20720,Paternion
20710,Ferndorf
20712,Fresach
20710,Ferndorf
20720,Paternion
20726,Weißenstein
20720,Paternion
20712,Fresach
20720,Paternion
20720,Paternion
20726,Weißenstein
20720,Paternion
20723,Stockenboi
20726,Weißenstein
20723,Stockenboi
20712,Fresach
20726,Weißenstein
20723,Stockenboi
20723,Stockenboi
20725,Velden am Wörther See
20721,Rosegg
20725,Velden am Wörther See
20721,Rosegg
20711,Finkenstein am Faaker See
20722,St. Jakob im Rosental
20725,Velden am Wörther See
20725,Velden am Wörther See
20725,Velden am Wörther See
20725,Velden am Wörther See
20722,St. Jakob im Rosental
20722,St. Jakob im Rosental
20721,Rosegg
20722,St. Jakob im Rosental
20725,Velden am Wörther See
20722,St. Jakob im Rosental
20722,St. Jakob im Rosental
20725,Velden am Wörther See
20701,Afritz am See
20702,Arnoldstein
20703,Arriach
20701,Afritz am See
20705,Bad Bleiberg
20201,Villach
20724,Treffen am Ossiacher See
20713,Hohenthurn
20201,Villach
20711,Finkenstein am Faaker See
20201,Villach
20707,Feistritz an der Gail
20711,Finkenstein am Faaker See
20711,Finkenstein am Faaker See
20201,Villach
20711,Finkenstein am Faaker See
20702,Arnoldstein
20201,Villach
20713,Hohenthurn
20703,Arriach
20201,Villach
20719,Nötsch im Gailtal
20711,Finkenstein am Faaker See
20705,Bad Bleiberg
20703,Arriach
20711,Finkenstein am Faaker See
20702,Arnoldstein
20711,Finkenstein am Faaker See
20201,Villach
20727,Wernberg
20724,Treffen am Ossiacher See
20201,Villach
20702,Arnoldstein
20201,Villach
20708,Feld am See
20702,Arnoldstein
20719,Nötsch im Gailtal
20727,Wernberg
20719,Nötsch im Gailtal
20201,Villach
20201,Villach
20711,Finkenstein am Faaker See
20724,Treffen am Ossiacher See
20703,Arriach
20201,Villach
20702,Arnoldstein
20724,Treffen am Ossiacher See
20727,Wernberg
20724,Treffen am Ossiacher See
20727,Wernberg
20201,Villach
20724,Treffen am Ossiacher See
20201,Villach
20201,Villach
20727,Wernberg
20201,Villach
20724,Treffen am Ossiacher See
20201,Villach
20801,Bleiburg
20810,Neuhaus
20801,Bleiburg
20805,Feistritz ob Bleiburg
20801,Bleiburg
20810,Neuhaus
20810,Neuhaus
20801,Bleiburg
20810,Neuhaus
20801,Bleiburg
20810,Neuhaus
20801,Bleiburg
20805,Feistritz ob Bleiburg
20810,Neuhaus
20801,Bleiburg
20801,Bleiburg
20805,Feistritz ob Bleiburg
20801,Bleiburg
20810,Neuhaus
20801,Bleiburg
20805,Feistritz ob Bleiburg
20801,Bleiburg
20801,Bleiburg
20807,Globasnitz
20807,Globasnitz
20807,Globasnitz
20807,Globasnitz
20803,Eberndorf
20803,Eberndorf
20803,Eberndorf
20803,Eberndorf
20813,St. Kanzian am Klopeiner See
20803,Eberndorf
20813,St. Kanzian am Klopeiner See
20803,Eberndorf
20803,Eberndorf
20803,Eberndorf
20813,St. Kanzian am Klopeiner See
20813,St. Kanzian am Klopeiner See
20813,St. Kanzian am Klopeiner See
20813,St. Kanzian am Klopeiner See
20813,St. Kanzian am Klopeiner See
20806,Gallizien
20815,Sittersdorf
20804,Eisenkappel-Vellach
20804,Eisenkappel-Vellach
20804,Eisenkappel-Vellach
20804,Eisenkappel-Vellach
20806,Gallizien
20806,Gallizien
20806,Gallizien
20815,Sittersdorf
20804,Eisenkappel-Vellach
20804,Eisenkappel-Vellach
20804,Eisenkappel-Vellach
20804,Eisenkappel-Vellach
20806,Gallizien
20815,Sittersdorf
20804,Eisenkappel-Vellach
20804,Eisenkappel-Vellach
20815,Sittersdorf
20815,Sittersdorf
20815,Sittersdorf
20804,Eisenkappel-Vellach
20806,Gallizien
20817,Völkermarkt
20817,Völkermarkt
20802,Diex
20812,Ruden
20802,Diex
20817,Völkermarkt
20808,Griffen
20808,Griffen
20817,Völkermarkt
20808,Griffen
20817,Völkermarkt
20802,Diex
20817,Völkermarkt
20817,Völkermarkt
20808,Griffen
20808,Griffen
20817,Völkermarkt
20817,Völkermarkt
20812,Ruden
20817,Völkermarkt
20817,Völkermarkt
20817,Völkermarkt
20817,Völkermarkt
20817,Völkermarkt
20802,Diex
20808,Griffen
20817,Völkermarkt
20817,Völkermarkt
20812,Ruden
20817,Völkermarkt
20817,Völkermarkt
20808,Griffen
20817,Völkermarkt
20817,Völkermarkt
20817,Völkermarkt
20817,Völkermarkt
20812,Ruden
20817,Völkermarkt
20817,Völkermarkt
20817,Völkermarkt
20817,Völkermarkt
20808,Griffen
20808,Griffen
20901,Bad St. Leonhard im Lavanttal
20901,Bad St. Leonhard im Lavanttal
20911,Preitenegg
20901,Bad St. Leonhard im Lavanttal
20911,Preitenegg
20911,Preitenegg
20911,Preitenegg
20912,Reichenfels
20901,Bad St. Leonhard im Lavanttal
20912,Reichenfels
20901,Bad St. Leonhard im Lavanttal
20901,Bad St. Leonhard im Lavanttal
20912,Reichenfels
20901,Bad St. Leonhard im Lavanttal
20901,Bad St. Leonhard im Lavanttal
20911,Preitenegg
20911,Preitenegg
20912,Reichenfels
20914,St. Georgen im Lavanttal
20909,Lavamünd
20918,St. Paul im Lavanttal
20918,St. Paul im Lavanttal
20909,Lavamünd
20914,St. Georgen im Lavanttal
20909,Lavamünd
20914,St. Georgen im Lavanttal
20918,St. Paul im Lavanttal
20914,St. Georgen im Lavanttal
20909,Lavamünd
20909,Lavamünd
20918,St. Paul im Lavanttal
20918,St. Paul im Lavanttal
20909,Lavamünd
20909,Lavamünd
20918,St. Paul im Lavanttal
20909,Lavamünd
20914,St. Georgen im Lavanttal
20914,St. Georgen im Lavanttal
20918,St. Paul im Lavanttal
20914,St. Georgen im Lavanttal
20918,St. Paul im Lavanttal
20909,Lavamünd
20909,Lavamünd
20923,Wolfsberg
20923,Wolfsberg
20913,St. Andrä
20913,St. Andrä
20923,Wolfsberg
20913,St. Andrä
20913,St. Andrä
20923,Wolfsberg
20923,Wolfsberg
20923,Wolfsberg
20905,Frantschach-St. Gertraud
20905,Frantschach-St. Gertraud
20913,St. Andrä
20905,Frantschach-St. Gertraud
20905,Frantschach-St. Gertraud
20923,Wolfsberg
20913,St. Andrä
20923,Wolfsberg
20913,St. Andrä
20923,Wolfsberg
20923,Wolfsberg
20905,Frantschach-St. Gertraud
20923,Wolfsberg
20913,St. Andrä
20913,St. Andrä
20905,Frantschach-St. Gertraud
20923,Wolfsberg
20923,Wolfsberg
20923,Wolfsberg
20913,St. Andrä
20923,Wolfsberg
20923,Wolfsberg
20923,Wolfsberg
20923,Wolfsberg
20923,Wolfsberg
20923,Wolfsberg
20923,Wolfsberg
20913,St. Andrä
20923,Wolfsberg
20923,Wolfsberg
20913,St. Andrä
20923,Wolfsberg
20923,Wolfsberg
20923,Wolfsberg
20923,Wolfsberg
20923,Wolfsberg
20923,Wolfsberg
20913,St. Andrä
20923,Wolfsberg
20905,Frantschach-St. Gertraud
20905,Frantschach-St. Gertraud
20923,Wolfsberg
20923,Wolfsberg
20905,Frantschach-St. Gertraud
20923,Wolfsberg
20923,Wolfsberg
20923,Wolfsberg
20923,Wolfsberg
20905,Frantschach-St. Gertraud
20913,St. Andrä
20913,St. Andrä
20913,St. Andrä
20923,Wolfsberg
20923,Wolfsberg
20913,St. Andrä
20913,St. Andrä
20913,St. Andrä
20923,Wolfsberg
20923,Wolfsberg
20913,St. Andrä
20913,St. Andrä
70201,Arzl im Pitztal
70203,Imst
70204,Imsterberg
70205,Jerzens
70206,Karres
70207,Karrösten
70210,Mils bei Imst
70212,Nassereith
70217,St. Leonhard im Pitztal
70222,Tarrenz
70224,Wenns
70202,Haiming
70208,Längenfeld
70209,Mieming
70213,Obsteig
70214,Oetz
70215,Rietz
70216,Roppen
70218,Sautens
70219,Silz
70220,Sölden
70221,Stams
70223,Umhausen
70211,Mötz
70301,Absam
70303,Ampass
70305,Baumkirchen
70309,Fritzens
70311,Gnadenwald
70365,Volders
70354,Hall in Tirol
70354,Hall in Tirol
70365,Volders
70322,Kolsass
70323,Kolsassberg
70329,Mils
70345,Rinn
70346,Rum
70358,Thaur
70360,Tulfes
70365,Volders
70367,Wattens
70366,Wattenberg
70367,Wattens
70354,Hall in Tirol
70358,Thaur
70302,Aldrans
70101,Innsbruck
70101,Innsbruck
70304,Axams
70306,Birgitz
70307,Ellbögen
70310,Fulpmes
70312,Götzens
70314,Gries im Sellrain
70315,Grinzens
70101,Innsbruck
70101,Innsbruck
70101,Innsbruck
70331,Mutters
70320,Kematen in Tirol
70325,Lans
70344,Reith bei Seefeld
70326,Leutasch
70328,Mieders
70331,Mutters
70101,Innsbruck
70332,Natters
70334,Neustift im Stubaital
70338,Patsch
70101,Innsbruck
70344,Reith bei Seefeld
70348,Scharnitz
70350,Schönberg im Stubaital
70347,St. Sigmund im Sellrain
70352,Sellrain
70351,Seefeld in Tirol
70353,Sistrans
70356,Telfes im Stubai
70101,Innsbruck
70364,Völs
70101,Innsbruck
70313,Gries am Brenner
70317,Gschnitz
70370,Matrei am Brenner
70370,Matrei am Brenner
70333,Navis
70336,Obernberg am Brenner
70370,Matrei am Brenner
70349,Schmirn
70355,Steinach am Brenner
70359,Trins
70362,Vals
70308,Flaurling
70318,Hatting
70319,Inzing
70335,Oberhofen im Inntal
70337,Oberperfuss
70339,Pettnau
70340,Pfaffenhofen
70342,Polling in Tirol
70343,Ranggen
70357,Telfs
70361,Unterperfuss
70368,Wildermieming
70369,Zirl
70402,Brixen im Thale
70406,Hopfgarten im Brixental
70406,Hopfgarten im Brixental
70407,Itter
70409,Kirchberg in Tirol
70420,Westendorf
70401,Aurach bei Kitzbühel
70403,Fieberbrunn
70404,Going am Wilden Kaiser
70405,Hochfilzen
70408,Jochberg
70410,Kirchdorf in Tirol
70411,Kitzbühel
70411,Kitzbühel
70412,Kössen
70413,Oberndorf in Tirol
70414,Reith bei Kitzbühel
70418,Schwendt
70415,St. Jakob in Haus
70416,St. Johann in Tirol
70417,St. Ulrich am Pillersee
70419,Waidring
70502,Angath
70508,Ebbs
70508,Ebbs
70509,Ellmau
70510,Erl
70503,Bad Häring
70511,Kirchbichl
70513,Kufstein
70515,Langkampfen
70516,Mariastein
70518,Niederndorf
70519,Niederndorferberg
70523,Rettenschöss
70524,Scheffau am Wilden Kaiser
70525,Schwoich
70526,Söll
70513,Kufstein
70527,Thiersee
70529,Walchsee
70531,Wörgl
70531,Wörgl
70513,Kufstein
70501,Alpbach
70530,Wildschönau
70504,Brandenberg
70505,Breitenbach am Inn
70506,Brixlegg
70522,Reith im Alpbachtal
70514,Kundl
70514,Kundl
70512,Kramsach
70517,Münster
70530,Wildschönau
70530,Wildschönau
70520,Radfeld
70521,Rattenberg
70522,Reith im Alpbachtal
70522,Reith im Alpbachtal
70530,Wildschönau
70528,Angerberg
70512,Kramsach
70506,Brixlegg
70604,Fließ
70605,Flirsch
70606,Galtür
70607,Grins
70608,Ischgl
70609,Kappl
70614,Landeck
70616,Pettneu am Arlberg
70618,Pians
70621,St. Anton am Arlberg
70622,Schönwies
70623,See
70626,Stanz bei Landeck
70627,Strengen
70630,Zams
70630,Zams
70628,Tobadill
70601,Faggen
70602,Fendels
70603,Fiss
70612,Kauns
70610,Kaunerberg
70611,Kaunertal
70613,Ladis
70615,Nauders
70615,Nauders
70617,Pfunds
70619,Prutz
70620,Ried im Oberinntal
70624,Serfaus
70625,Spiss
70629,Tösens
70702,Ainet
70702,Ainet
70703,Amlach
70704,Anras
70704,Anras
70705,Assling
70715,Leisach
70705,Assling
70707,Dölsach
70705,Assling
70720,Oberlienz
70707,Dölsach
70707,Dölsach
70702,Ainet
70711,Iselsberg-Stronach
70705,Assling
70714,Lavant
70715,Leisach
70718,Nikolsdorf
70716,Lienz
70718,Nikolsdorf
70718,Nikolsdorf
70705,Assling
70720,Oberlienz
70708,Gaimberg
70720,Oberlienz
70719,Nußdorf-Debant
70716,Lienz
70705,Assling
70704,Anras
70725,St. Johann im Walde
70727,Schlaiten
70705,Assling
70707,Dölsach
70711,Iselsberg-Stronach
70705,Assling
70731,Thurn
70732,Tristach
70705,Assling
70708,Gaimberg
70719,Nußdorf-Debant
70709,Hopfgarten in Defereggen
70712,Kals am Großglockner
70717,Matrei in Osttirol
70717,Matrei in Osttirol
70723,Prägraten am Großvenediger
70724,St. Jakob in Defereggen
70726,St. Veit in Defereggen
70734,Virgen
70701,Abfaltersbach
70728,Sillian
70706,Außervillgraten
70713,Kartitsch
70710,Innervillgraten
70713,Kartitsch
70721,Obertilliach
70735,Heinfels
70728,Sillian
70728,Sillian
70729,Strassen
70735,Heinfels
70733,Untertilliach
70801,Bach
70802,Berwang
70803,Biberwier
70804,Bichlbach
70802,Berwang
70805,Breitenwang
70806,Ehenbichl
70807,Ehrwald
70808,Elbigenalp
70809,Elmen
70810,Forchach
70812,Gramais
70811,Grän
70813,Häselgehr
70814,Heiterwang
70815,Hinterhornbach
70816,Höfen
70817,Holzgau
70818,Jungholz
70819,Kaisers
70820,Lechaschau
70821,Lermoos
70802,Berwang
70822,Musau
70823,Namlos
70824,Nesselwängle
70826,Pflach
70827,Pinswang
70825,Pfafflar
70826,Pflach
70828,Reutte
70802,Berwang
70829,Schattwald
70830,Stanzach
70831,Steeg
70832,Tannheim
70827,Pinswang
70833,Vils
70834,Vorderhornbach
70835,Wängle
70836,Weißenbach am Lech
70837,Zöblen
70826,Pflach
70835,Wängle
70820,Lechaschau
70901,Achenkirch
70905,Buch in Tirol
70907,Eben am Achensee
70911,Gallzein
70917,Jenbach
70921,Pill
70926,Schwaz
70928,Stans
70930,Strass im Zillertal
70933,Terfens
70936,Vomp
70937,Weer
70938,Weerberg
70939,Wiesing
70904,Bruck am Ziller
70929,Steinberg am Rofan
70902,Aschau im Zillertal
70903,Brandberg
70902,Aschau im Zillertal
70908,Finkenberg
70909,Fügen
70910,Fügenberg
70912,Gerlos
70913,Gerlosberg
70914,Hainzenberg
70915,Hart im Zillertal
70918,Kaltenbach
70916,Hippach
70920,Mayrhofen
70922,Ramsau im Zillertal
70923,Ried im Zillertal
70924,Rohrberg
70925,Schlitters
70927,Schwendau
70916,Hippach
70931,Stumm
70932,Stummerberg
70934,Tux
70935,Uderns
70940,Zell am Ziller
70941,Zellberg
80102,Blons
80103,Bludenz
80104,Bludesch
80105,Brand
80106,Bürs
80107,Bürserberg
80108,Dalaas
80109,Fontanella
80111,Innerbraz
31022,Hollabrunn
80112,Klösterle
80113,Lech
80115,Ludesch
80116,Nenzing
80117,Nüziders
80118,Raggal
80124,Sonntag
80121,St. Gerold
80126,Thüringen
80127,Thüringerberg
31051,Wullersdorf
31022,Hollabrunn
31008,Göllersdorf
31043,Sitzendorf an der Schmida
31022,Hollabrunn
31022,Hollabrunn
31028,Nappersdorf-Kammersdorf
31022,Hollabrunn
31008,Göllersdorf
80101,Bartholomäberg
80110,Gaschurn
80114,Lorüns
80122,Schruns
80123,Silbertal
80119,St. Anton im Montafon
80120,St. Gallenkirch
80128,Tschagguns
80129,Vandans
31022,Hollabrunn
80125,Stallehr
31022,Hollabrunn
31008,Göllersdorf
31022,Hollabrunn
31043,Sitzendorf an der Schmida
31008,Göllersdorf
31009,Grabern
31009,Grabern
31022,Hollabrunn
31008,Göllersdorf
31008,Göllersdorf
31051,Wullersdorf
31014,Guntersdorf
31051,Wullersdorf
31028,Nappersdorf-Kammersdorf
31051,Wullersdorf
31022,Hollabrunn
31051,Wullersdorf
31022,Hollabrunn
31051,Wullersdorf
31028,Nappersdorf-Kammersdorf
31043,Sitzendorf an der Schmida
31022,Hollabrunn
31022,Hollabrunn
31022,Hollabrunn
31028,Nappersdorf-Kammersdorf
31014,Guntersdorf
31008,Göllersdorf
31008,Göllersdorf
31043,Sitzendorf an der Schmida
31022,Hollabrunn
31051,Wullersdorf
31022,Hollabrunn
31051,Wullersdorf
31043,Sitzendorf an der Schmida
31051,Wullersdorf
31008,Göllersdorf
31009,Grabern
31028,Nappersdorf-Kammersdorf
31043,Sitzendorf an der Schmida
31043,Sitzendorf an der Schmida
31022,Hollabrunn
31009,Grabern
31008,Göllersdorf
31022,Hollabrunn
31022,Hollabrunn
31051,Wullersdorf
31022,Hollabrunn
31008,Göllersdorf
31008,Göllersdorf
31022,Hollabrunn
31028,Nappersdorf-Kammersdorf
31022,Hollabrunn
31009,Grabern
31008,Göllersdorf
31022,Hollabrunn
31051,Wullersdorf
31043,Sitzendorf an der Schmida
31043,Sitzendorf an der Schmida
80202,Andelsbuch
80203,Au
80204,Bezau
80206,Bizau
80216,Hittisau
80209,Damüls
80211,Egg
80216,Hittisau
80221,Krumbach
31036,Ravelsbach
80225,Lingenau
80227,Mellau
80228,Mittelberg
80223,Langenegg
80230,Reuthe
80232,Schnepfau
80233,Schoppernau
80234,Schröcken
80236,Schwarzenberg
80237,Sibratsgfäll
31021,Hohenwarth-Mühlbach a.M.
80223,Langenegg
80239,Warth
31021,Hohenwarth-Mühlbach a.M.
31053,Ziersdorf
31026,Maissau
31026,Maissau
31021,Hohenwarth-Mühlbach a.M.
31026,Maissau
31036,Ravelsbach
80201,Alberschwende
80205,Bildstein
80207,Bregenz
80208,Buch
80210,Doren
80212,Eichenberg
80207,Bregenz
80213,Fußach
80214,Gaißau
31053,Ziersdorf
80215,Hard
80217,Höchst
80219,Hohenweiler
80218,Hörbranz
80220,Kennelbach
80222,Langen bei Bregenz
80224,Lauterach
80226,Lochau
80229,Möggers
80207,Bregenz
31019,Heldenberg
80231,Riefensberg
80235,Schwarzach
80238,Sulzberg
80240,Wolfurt
31026,Maissau
31021,Hohenwarth-Mühlbach a.M.
31053,Ziersdorf
31053,Ziersdorf
31026,Maissau
31026,Maissau
31053,Ziersdorf
31036,Ravelsbach
31021,Hohenwarth-Mühlbach a.M.
31021,Hohenwarth-Mühlbach a.M.
31036,Ravelsbach
31036,Ravelsbach
31053,Ziersdorf
31036,Ravelsbach
31036,Ravelsbach
31053,Ziersdorf
31021,Hohenwarth-Mühlbach a.M.
31019,Heldenberg
31019,Heldenberg
31026,Maissau
31021,Hohenwarth-Mühlbach a.M.
31053,Ziersdorf
31026,Maissau
31026,Maissau
31026,Maissau
31053,Ziersdorf
31019,Heldenberg
31019,Heldenberg
80301,Dornbirn
80301,Dornbirn
80301,Dornbirn
80302,Hohenems
80303,Lustenau
80401,Altach
80404,Feldkirch
80402,Düns
80403,Dünserberg
80404,Feldkirch
80405,Frastanz
80405,Frastanz
80406,Fraxern
80407,Göfis
80408,Götzis
80409,Klaus
80410,Koblach
80411,Laterns
80412,Mäder
80413,Meiningen
80404,Feldkirch
80414,Rankweil
80415,Röns
80416,Röthis
80417,Satteins
80418,Schlins
80419,Schnifis
80420,Sulz
80404,Feldkirch
80404,Feldkirch
80421,Übersaxen
80422,Viktorsberg
80423,Weiler
80424,Zwischenwasser

